room_id,successful_enquiry_count
260,45
276,169
318,1704
343,342
436,764
603,280
705,57
848,460
915,58
932,77
998,195
1147,60
1198,82
1300,823
1894,181
2046,1273
2067,508
2444,74
2470,46
2763,114
2806,70
3016,92
3022,93
3031,44
3089,324
3174,567
3483,478
3536,98
3735,34
3962,266
3978,801
4012,246
4064,1194
4100,36
4211,36
4403,371
4412,89
4444,216
4530,421
5006,344
5141,942
5307,362
5308,107
5384,476
5518,111
5762,43
5829,62
5919,566
5955,1629
6062,116
6202,49
6404,141
6703,60
7391,100
7426,177
7551,113
7561,120
7726,108
7727,239
7729,367
7735,236
8097,149
8566,105
8667,54
8869,360
8875,79
8952,390
9019,61
9102,41
9129,85
9430,106
9471,446
9723,94
10117,283
10390,189
10576,53
13673,250
14919,150
16992,41
561,331
629,279
653,1960
856,56
956,185
1005,987
1006,804
1123,1064
1240,277
1316,57
1443,191
1500,530
1510,136
1911,55
1928,332
1970,35
1978,2992
2091,192
2141,33
2175,142
2310,550
2646,88
2805,559
3015,241
3240,271
3517,312
3692,214
4062,76
4152,37
5174,103
5249,186
5676,166
5677,383
5862,491
6045,731
6054,50
6138,253
6479,178
6480,248
6832,560
6916,60
7015,1417
7501,150
7534,112
7543,457
7694,59
8065,167
8331,163
8467,83
8767,107
8868,235
9464,67
10859,295
11480,117
12366,321
12651,241
12652,146
12902,199
13708,98
14025,645
14236,51
14262,136
15232,237
7,176
16,37
25,289
83,256
142,113
151,378
167,34
168,103
193,230
201,252
217,248
243,277
244,1007
250,1117
251,96
267,104
320,585
327,427
361,43
378,88
387,102
394,45
419,58
420,36
427,47
428,46
444,244
470,154
478,56
486,369
503,251
527,1266
528,1742
562,57
570,108
620,410
636,41
652,109
670,221
679,249
688,193
695,37
704,260
713,105
722,76
738,604
779,75
780,482
795,40
805,82
879,493
881,140
914,56
938,1083
939,237
947,116
948,236
989,2263
1008,243
1063,238
1097,118
1107,65
1114,147
1130,212
1139,133
1140,48
1206,495
1241,141
1256,341
1291,105
1307,291
1333,58
1358,155
1374,38
1384,48
1409,46
1416,167
1426,36
1450,578
1459,370
1460,479
1533,47
1541,185
1568,55
1575,84
1576,43
1608,55
1609,62
1625,131
1651,136
1652,41
1728,863
1734,71
1742,53
1759,33
1785,40
1786,169
2020,41
2075,108
2100,150
2108,325
2109,1622
2150,47
2201,96
2354,249
2420,297
2529,767
2602,190
2603,112
2669,281
2670,218
2779,641
2780,303
2829,93
2839,197
2948,146
2949,82
2955,103
2989,365
3025,332
3097,77
3124,656
3140,309
3148,671
3216,41
3217,41
3257,117
3267,53
3392,58
3410,375
3484,387
3509,74
3601,146
3643,42
3675,132
3710,1231
3726,231
3728,78
3785,261
3786,51
3827,181
3988,113
4004,104
4063,37
4089,491
4109,662
4125,34
4126,263
4142,136
4158,233
4159,92
4194,853
4261,209
4278,159
4311,225
4319,84
4320,102
4327,38
4328,186
4462,140
4494,39
4513,145
4514,42
4520,52
4546,1531
4547,1169
4564,683
4687,559
4780,173
4805,119
4822,59
4823,40
4855,218
4899,107
4906,42
4915,162
4940,72
4972,77
5016,101
5048,34
5066,266
5075,302
5091,239
5266,39
5316,2685
5325,138
5377,71
5409,1096
5410,179
5444,124
5652,368
5727,160
5728,192
5768,220
5769,66
5778,43
5785,87
5853,97
5861,316
5879,271
5954,50
5978,72
6072,96
6079,85
6159,53
6168,297
6169,292
6185,55
6285,147
6286,58
6354,104
6437,343
6464,102
6478,159
6487,418
6513,177
6564,57
6631,636
6696,194
6756,432
6805,469
6890,89
6922,110
6939,79
7023,667
7075,840
7109,108
7190,43
7191,171
7199,671
7215,132
7257,52
7274,36
7275,33
7341,155
7350,609
7351,527
7418,186
7434,50
7435,123
7494,234
7518,56
7536,491
7544,111
7686,173
7712,140
7728,296
7745,58
7752,81
7762,95
7811,77
7846,109
7879,860
8198,40
8214,783
8274,622
8280,33
8374,38
8390,36
8400,46
8524,164
8525,43
8576,43
8583,40
8607,51
8851,107
8926,815
8959,325
9195,57
9346,600
9347,88
9379,86
9387,40
9388,60
9429,294
9632,64
9633,75
9647,223
9706,41
9731,34
9732,319
9738,104
9739,55
9932,63
9975,37
9983,40
10100,46
10101,104
10108,63
10135,37
10177,36
10193,54
10234,59
10282,59
10290,256
10297,224
10298,61
10685,54
10744,63
10767,47
10909,47
10918,48
11172,68
11195,55
11245,105
11254,59
11650,282
11707,59
11806,38
11933,217
12126,242
12235,42
12277,970
12467,59
12568,84
12770,71
13012,272
13072,109
13222,57
13305,304
13306,348
13320,402
13413,195
13658,47
14126,81
14128,127
14202,118
14252,308
14253,228
14311,399
14366,167
14491,103
14541,116
14542,149
15548,39
15641,110
15882,185
15949,302
15993,88
16118,51
16235,788
16724,56
17337,73
17731,265
17789,663
17798,45
18360,157
18465,92
15,466
24,101
31,1335
33,244
34,298
58,323
66,101
100,170
101,33
177,77
234,1182
311,111
335,2519
386,46
453,483
454,393
487,348
669,879
678,188
686,848
687,405
906,123
1055,83
1131,1044
1282,500
1518,197
1869,71
2092,208
2319,66
2369,61
2427,212
2487,57
2504,111
2511,73
2512,135
2628,34
2662,339
2663,739
2672,66
2687,134
2730,262
2762,69
2838,752
2872,785
2873,107
3006,610
3214,186
3358,136
3433,1563
3434,950
3693,44
3709,377
3751,274
3885,246
3912,935
4005,258
4071,34
4351,111
4394,50
4453,179
4563,628
4619,187
4629,41
4654,110
4788,1194
4813,240
4814,91
4847,304
4922,81
4973,106
4999,41
5182,199
5274,94
5300,198
5620,333
5651,74
5709,64
5795,258
5904,260
6021,55
6121,74
6130,43
6144,68
6160,291
6219,1194
6379,97
6388,60
6462,95
6531,34
6630,225
6655,101
6865,40
6881,44
7065,325
7283,510
7284,202
7360,77
7384,449
7385,613
7678,168
7812,519
7820,115
7828,237
7829,130
7836,262
7845,288
7852,159
7853,354
7869,148
7872,373
8013,45
8700,69
9162,151
9178,245
9205,49
9353,67
9683,397
9782,75
10836,215
10953,171
11313,78
11387,50
11514,159
12035,81
12142,44
12252,95
12314,178
12401,80
13397,277
14319,83
14617,177
14969,36
15028,80
15490,44
15826,100
16405,277
17537,385
17639,37
75,186
160,455
437,77
721,33
762,91
804,244
855,72
862,46
865,38
889,36
1165,764
1231,379
1434,37
1542,325
1801,112
1802,279
1828,385
2546,507
2688,1698
2695,135
2696,179
2982,149
3048,1713
3049,437
3058,69
3350,34
3543,82
3544,173
3970,126
4168,44
4184,35
4244,107
4478,46
4479,59
4554,41
5092,39
5360,100
5510,58
5520,51
5668,1736
5669,488
6320,1683
6496,53
6697,55
6705,73
6713,974
6729,35
7324,283
7460,132
7552,123
8029,70
8927,96
8936,273
9052,38
9062,185
9154,35
9155,56
9220,207
9420,108
9473,316
9598,498
9616,183
10886,255
11311,200
11539,133
11941,52
11999,59
13958,1964
14194,46
14458,777
14770,42
15171,362
15608,36
15700,888
15976,37
16749,43
17160,33
17714,165
18031,37
18539,251
1148,49
1181,49
1868,33
4210,66
5753,40
6261,394
11958,45
13724,58
14398,89
17907,44
57,252
74,237
150,1060
277,1022
334,1816
337,34
619,35
1023,96
1173,45
1180,65
1247,1144
1527,52
1685,55
1902,90
1987,48
1988,52
2005,150
2068,88
2158,64
2160,261
2184,777
2252,33
2260,129
2261,301
2318,33
2335,85
2394,702
2395,190
2411,2819
2538,371
2678,1562
2713,405
2729,115
2788,456
2846,117
2848,271
2855,33
2856,42
2863,105
2864,98
2865,262
2881,90
2922,73
2964,54
2972,291
2973,127
3164,139
3165,199
3173,2018
3181,3141
3191,305
3241,249
3249,49
3258,506
3334,33
3360,61
3409,369
3442,221
3493,72
3592,40
3626,320
3635,46
3676,130
3718,559
3719,105
3862,311
3879,299
3903,165
3919,69
4268,151
4269,94
4420,118
4521,179
4612,146
4613,148
4636,49
4646,233
4663,126
4670,221
4671,246
4672,90
4688,203
4689,115
4696,331
4703,157
4712,71
4713,118
4730,78
4739,87
4746,43
4949,63
4957,640
4965,915
4982,236
5074,48
5200,198
5434,111
5451,337
5726,70
5912,65
5979,103
6122,71
6260,121
6371,430
6412,40
6420,111
6428,428
6445,80
6497,527
6679,59
6680,178
6687,231
6688,66
6723,80
6772,415
6780,250
6789,101
6823,41
6839,514
6956,226
7016,225
7024,248
7083,89
7133,39
7150,341
7242,675
7250,67
7292,252
7308,424
7358,267
7560,62
7569,83
7604,95
7610,133
7627,288
7702,1485
7761,43
7778,79
7786,148
7802,105
7819,246
7888,42
7921,56
7938,38
8005,66
8055,286
8081,175
8098,66
8148,65
8264,95
8307,46
8381,83
8424,58
8449,97
8490,81
8491,101
8516,42
8517,35
8567,88
8732,46
8808,33
8910,144
8961,36
8986,43
8995,40
9011,100
9104,191
9204,36
9280,105
9312,44
9380,41
9454,246
9455,42
9472,83
9765,62
9772,122
9781,33
9916,116
9966,38
10008,548
10050,212
10051,48
10525,162
10618,175
10711,36
10734,111
10818,72
10835,87
11221,51
11255,112
11262,282
11271,200
11280,285
11346,53
11414,140
11421,307
11564,33
11573,45
11574,67
11581,142
11615,122
11631,40
11633,50
11649,51
11699,61
11750,51
11832,72
11858,35
12084,572
12102,164
12128,62
12144,56
12299,73
12381,450
12382,69
12501,83
12542,63
12558,79
12736,135
12853,105
12935,146
12995,214
12996,103
13036,1528
13037,90
13079,313
13086,207
13146,95
13262,2028
13364,380
13506,93
13667,46
13775,570
13784,124
13791,59
13839,199
14076,35
14085,194
14093,71
14125,179
14219,60
14227,44
14374,86
14392,112
14753,455
14777,110
14786,194
14929,647
15003,147
15019,137
15103,60
15213,183
15222,60
15229,125
15349,1265
15565,85
15616,462
15734,48
15760,51
15766,98
15842,126
16043,61
16076,80
16136,35
16295,45
16304,178
16406,51
16573,111
16606,262
16758,233
17009,265
17151,98
17176,200
17220,108
17823,36
18209,43
18418,44
511,44
336,117
585,36
880,50
1124,66
1743,88
1852,57
2561,41
3156,70
3535,33
3878,124
4932,39
7685,228
8139,133
8852,33
9984,43
10194,51
10382,47
10600,100
11497,97
11807,50
12009,108
12986,144
14142,43
14383,169
14544,67
17210,42
17528,43
17671,184
2428,42
7510,96
11095,41
12903,55
14920,66
17511,119
4177,34
7461,66
7467,34
10381,41
12735,40
13139,45
13205,93
14441,34
16792,36
2906,75
17,58
3888,243
4235,37
6671,41
8048,66
10068,33
10281,61
11472,67
11665,64
11966,149
12348,197
12434,208
13145,175
13221,60
13682,64
13776,64
14349,35
15388,33
15827,41
15943,56
15967,40
16262,59
17167,34
17815,88
18275,69
235,52
445,70
646,222
1476,86
1904,50
2477,109
2703,258
2705,78
2789,151
3182,122
3835,114
4072,83
5511,37
872,129
2293,238
628,636
871,38
1442,137
2462,36
2513,38
2704,47
2956,92
4755,151
5124,61
218,75
461,228
1014,325
1022,100
2503,120
3223,78
3836,564
4939,36
141,339
352,91
353,63
460,102
519,39
1015,49
2193,218
2211,51
2235,198
2243,61
2244,116
2301,99
2302,43
2327,130
2336,172
2337,164
2386,125
2653,34
3200,99
3634,45
3727,111
3742,51
4095,37
4335,35
4832,40
4846,861
2822,50
2739,46
1274,186
1056,54
1501,35
1324,74
1517,65
1912,94
2021,72
8,108
1692,129
2403,88
2167,275
2722,1025
2210,62
2721,69
2194,324
3190,44
1937,192
3299,53
5660,293
6013,597
6848,80
6849,52
6948,361
7753,53
8441,43
9303,155
9304,59
9329,232
10332,54
10475,81
11825,94
11874,58
12349,98
12518,42
12978,58
13020,180
13338,1302
13573,47
13649,95
13691,560
13900,63
14218,44
14288,44
14467,44
14719,44
14728,53
15306,50
15339,226
15404,52
15405,43
15421,472
15599,153
15733,68
15843,188
15999,163
16185,91
16186,118
16379,65
16446,57
16766,68
16785,573
17010,66
17017,63
17488,320
17546,119
17554,101
17722,422
17739,37
17782,97
17858,49
17873,57
17915,155
17964,74
18082,115
18083,55
18100,41
18106,906
18447,170
18448,107
18615,39
18783,253
18784,193
18785,134
18859,41
18884,78
18935,132
19009,79
19076,92
19085,64
19101,151
19118,179
19120,91
19143,57
19186,202
19187,115
19204,218
19287,213
19313,92
19354,41
19455,50
19496,64
19613,131
19646,54
19681,48
19857,182
19890,147
19891,117
19899,46
19915,38
20006,38
20007,40
20107,41
20167,166
20207,152
20825,518
21154,233
21253,160
21254,64
21296,36
21456,72
21613,66
21663,252
21682,48
21705,33
21755,119
21789,382
22009,124
22107,163
22233,89
22268,219
22592,92
22643,67
22733,413
23119,50
13011,66
18974,265
15265,160
19648,532
20953,280
22001,218
5577,155
4580,182
21655,105
21715,81
6796,73
19662,117
6872,47
17354,265
8834,558
17956,76
9012,79
2011,128
2387,186
9700,39
2012,36
10484,56
10735,75
11020,70
11767,52
11992,106
11968,59
13523,126
12357,36
12743,44
12751,138
13631,56
13632,71
19084,127
13683,80
21740,131
15851,51
13967,52
13968,41
15272,76
14384,42
15515,44
14611,66
14735,37
14736,151
17127,44
15223,50
15322,81
15875,129
15876,63
15724,47
15725,44
18402,129
18410,75
15916,49
16269,165
16556,34
16975,78
17672,73
18292,46
17838,59
18047,39
17738,104
17931,160
17997,73
18522,40
18016,67
18481,36
21437,260
18633,46
18793,122
19958,322
19051,200
19362,34
20410,81
19329,205
19330,289
19311,67
18709,33
19403,39
19948,47
19621,421
19622,238
19799,60
19723,748
21664,40
3367,79
19102,90
20166,191
20192,1080
21420,75
21421,120
20945,167
20835,57
18851,108
21320,313
21321,1280
21371,130
21413,162
4848,124
21706,115
21982,239
21983,69
21984,119
21824,152
22049,953
22469,110
22550,411
15332,50
19545,219
19093,559
20943,37
22023,257
22024,73
20851,61
20852,211
14508,80
14518,122
18149,112
22166,275
22167,364
21823,70
21831,61
21832,56
7181,52
18158,213
18359,37
18057,33
17721,68
15206,42
20190,80
20193,175
20336,64
10125,44
10373,63
13875,144
10775,52
22031,343
22032,50
22033,50
23371,116
26846,65
26848,38
26990,121
27048,171
28022,311
28204,70
12251,49
14509,364
19447,283
21679,150
21681,113
24334,546
24393,93
24503,146
24955,164
26557,200
27132,314
27240,158
27795,148
28280,149
5719,125
8766,161
13842,47
13892,42
13932,34
15355,72
18385,43
19043,246
19161,62
20191,131
20242,39
20886,76
20893,114
20969,37
21280,216
21295,42
21313,111
21329,40
21354,66
21387,36
21748,115
21749,49
21790,104
21798,124
21882,108
21892,108
21907,87
21908,163
21959,75
21999,39
22117,72
22301,189
22470,52
22493,41
22532,43
22590,52
22591,110
22716,59
22751,57
23254,33
23288,56
23311,52
23756,37
24017,46
24018,153
24116,650
24158,87
24168,34
24244,304
24276,130
24301,92
24437,61
24637,39
24728,79
24956,44
24982,93
24989,84
24999,80
25023,103
25164,136
25333,164
25383,40
25392,51
25393,139
25400,177
25409,53
25467,499
25601,82
25626,62
25635,65
25811,100
25921,36
26028,104
26078,97
26104,125
26187,1736
26197,40
26272,162
26373,437
26380,36
26457,46
26466,154
26532,85
26556,61
26574,143
26590,73
26599,49
26669,105
26679,71
26703,103
26722,652
26730,37
26832,90
26989,184
26998,90
27074,129
27075,51
27092,48
27224,672
27360,65
27468,1026
27727,62
27759,61
27769,341
27777,50
27819,632
27971,183
28271,67
28755,88
3526,36
14811,82
19077,52
20608,1224
20959,49
20962,244
20986,199
21370,268
21932,208
21933,960
21949,142
23498,65
24201,39
24217,202
24487,263
24586,154
24646,349
25576,46
26163,782
26355,189
26533,100
26591,115
27049,91
27895,43
27945,36
28287,33
4193,57
5301,39
5553,231
5567,82
12278,68
17947,68
18792,152
20868,34
21605,86
21825,48
22353,49
22503,44
22633,96
22743,61
22842,105
23244,58
23629,37
23630,155
23632,68
23848,95
24009,70
24327,49
24361,126
24562,47
24704,47
24746,349
24788,218
24998,64
25065,264
25157,43
25191,65
25416,47
25500,55
25642,39
25685,77
25744,35
25988,125
26021,78
26212,50
26256,78
26363,95
26372,147
26582,111
26672,52
26705,280
26729,316
26739,314
26796,44
26812,50
26813,172
26873,50
26955,44
26999,110
27108,102
27341,56
27351,142
27358,113
27409,83
27418,48
27544,39
27659,45
27743,55
27828,46
27921,151
27937,111
28089,133
28263,35
28363,102
28364,50
28414,43
28746,96
28788,1108
15282,96
19160,95
19789,40
25759,202
1935,90
3593,137
3642,58
5903,48
7628,37
8500,97
9327,70
10109,56
10240,55
10450,124
12108,132
13212,43
13314,131
14075,67
14228,34
14593,40
16253,37
17126,35
18099,338
19320,209
19748,52
20210,207
20326,58
20367,45
21186,72
21899,88
22099,56
22133,284
22174,129
22183,36
22184,41
22885,147
22928,123
23238,57
23421,50
23524,53
23992,69
24091,67
24310,51
24336,99
24343,71
24344,67
24367,1366
24686,83
24687,438
24703,45
24821,63
24822,65
24922,259
24923,905
24972,276
25039,41
25139,34
25257,50
25283,118
25426,3234
25559,181
25894,33
25944,94
25962,94
25987,45
26080,105
26113,90
26136,110
26137,33
26473,2069
26779,990
26856,43
26888,49
26972,60
27157,62
27586,73
27668,64
27744,38
27911,146
27912,43
27920,239
28005,318
28021,38
28054,128
28063,37
28104,82
28246,263
28289,217
28290,226
28297,44
28331,73
28705,138
28738,156
28763,210
24420,107
28281,132
19629,118
20293,35
21915,43
23456,58
24226,67
25752,37
26097,82
26397,119
26822,105
27392,133
27552,44
19413,38
27794,104
27058,177
27133,42
27946,47
28079,50
21311,53
26271,67
2404,50
17100,99
22943,33
23388,34
23722,47
25560,42
4779,58
20033,52
21228,218
22683,72
23012,41
24101,53
24294,43
25751,54
26037,51
27527,68
28237,69
28397,51
28424,57
28466,91
28540,45
28703,156
28805,36
28847,83
29207,50
29215,309
29291,81
29377,86
29517,910
29535,43
29536,193
29561,2177
29619,446
29726,766
29728,668
29846,34
29978,55
30155,168
30237,135
30264,252
30331,67
30348,46
30364,43
30465,141
30491,45
30507,102
30633,758
30676,112
30772,164
30907,295
30933,39
30948,49
31007,111
31009,302
31334,59
31341,41
31391,43
31444,529
31494,71
31939,56
32098,37
32105,387
32182,90
32406,206
32416,450
32524,767
32650,292
32917,85
32924,154
32933,70
32960,430
32991,65
33068,38
33134,128
33144,142
33243,70
33395,43
33605,58
33663,33
34156,87
34341,44
34401,214
34544,54
34601,170
34704,175
35118,126
35278,62
35411,120
35538,40
35555,40
35706,51
35847,33
35873,41
35880,274
35974,1151
35989,369
36594,51
37084,55
37270,467
37311,511
37411,143
37545,127
37555,88
37647,113
37790,691
37825,40
37964,47
38083,100
38100,353
38234,35
38318,471
38484,304
38543,357
38552,72
38618,47
38719,165
38796,36
38863,36
38951,247
39043,612
39135,55
39137,58
39346,101
39489,90
39647,37
39865,206
39998,57
40134,94
40157,52
40493,84
40527,76
40636,68
40645,249
40720,636
40754,345
40888,38
40898,61
40980,137
41516,48
41565,48
41566,108
41801,245
41828,76
41895,56
41979,34
42037,66
42254,166
42390,186
42715,60
42857,33
43014,320
43215,88
43510,46
44483,40
44606,58
45200,50
45643,43
23347,419
31671,35
31677,157
43818,93
40016,94
40821,381
43937,104
9924,42
33411,118
30038,54
14261,59
36441,102
40528,45
16042,86
124,86
31996,484
42798,182
38895,322
46213,210
22134,39
38393,200
23457,38
37907,149
41013,107
24151,34
39001,46
24670,105
26273,35
25510,111
25577,37
25937,51
41861,44
26339,61
38024,82
29905,376
28029,219
29586,40
29719,60
29743,35
29785,41
27560,35
27576,39
19965,40
29518,56
19421,46
28666,361
28667,113
28864,55
28721,60
28772,135
28773,51
28849,37
29032,88
29166,45
29250,73
19764,153
29367,59
31628,181
29587,34
29636,36
29778,121
29779,105
29828,56
29829,33
29744,55
34176,239
30806,59
30322,49
30441,202
30431,286
30456,65
30457,37
30558,270
30088,46
30524,276
30616,48
30634,383
30881,36
32601,45
30822,539
31896,69
32331,567
31394,89
34250,46
28447,53
31680,61
31627,112
31636,138
31703,34
31696,49
32062,33
32097,156
44473,114
44474,55
32089,81
32263,34
32575,284
32583,92
30323,164
40635,87
40652,193
20243,35
32718,79
33226,109
32849,107
32900,207
35152,64
32558,388
33377,131
33278,152
33336,60
33452,57
33453,55
33554,64
33722,112
33964,44
34013,95
33957,216
34039,34
43233,54
34391,154
35914,39
34441,85
34475,106
34492,467
34560,61
34602,33
35120,99
42774,324
6429,127
34960,55
35051,35
35312,40
35167,41
35270,522
35797,237
35385,76
35420,274
37781,68
36200,35
36124,34
35646,102
35788,53
35789,486
35679,35
36149,33
35805,36
36216,38
35957,43
36016,418
36047,39
36561,200
36719,46
36720,185
36243,119
36250,378
37177,52
36901,35
36585,63
23011,35
45920,226
36602,262
36977,52
37931,35
37563,49
35822,94
37412,189
37462,81
37588,33
37664,172
44716,69
37848,57
37815,69
37428,83
38124,34
37948,52
37981,70
38040,49
38050,42
38207,35
38526,44
30541,98
38829,109
38685,78
40014,221
38694,56
38695,101
39665,86
39875,185
40361,58
38778,121
41709,119
38804,332
39866,495
39571,103
41827,41
38944,103
27802,64
27803,38
39044,116
39094,115
39311,95
39069,153
43979,76
42816,44
39321,185
39261,42
39387,768
39555,49
39496,87
38493,34
39623,381
39772,135
40175,95
40141,189
40041,40
39973,158
40031,116
40057,58
40066,261
41491,56
40150,53
35705,44
40559,122
40628,169
40688,66
40737,76
40738,51
37419,332
40712,100
41250,47
43048,120
41173,92
40393,73
42279,51
41391,40
41442,158
41508,40
41844,399
41845,149
41591,35
41575,48
41651,250
42355,204
41701,185
41728,71
41742,183
41760,228
41761,230
42096,110
41944,42
42087,40
42145,41
42272,63
30932,99
42289,63
42431,58
33153,65
34066,35
42765,130
42766,214
43090,431
38458,87
38459,51
42875,45
42884,55
42851,68
42589,63
42011,48
42094,425
43114,125
43156,175
43157,581
43274,65
40492,182
43231,372
43400,59
43617,148
39178,461
44431,70
44432,72
43725,1662
43726,764
43919,39
43929,193
44112,473
44113,346
44246,66
44247,145
44331,116
44448,43
44555,958
44556,83
44690,37
44783,203
44824,59
30273,228
44909,38
45044,40
45157,46
45141,47
45467,35
45835,44
45803,174
31594,120
40594,89
46414,314
46424,106
46632,197
34040,48
29811,50
36458,34
31251,63
34266,196
34267,226
33244,181
45393,72
37035,238
29937,56
29274,53
42447,1353
27324,118
35412,66
37085,40
41384,148
45911,64
39999,87
43350,52
45224,409
29493,119
40058,104
39355,150
16858,46
15036,62
35353,299
37789,345
34140,118
36292,110
36391,245
38501,59
39940,41
39296,153
39297,145
33027,158
39127,131
30297,661
43214,102
29190,71
36183,222
36191,310
30599,37
28806,59
27391,35
37287,34
38007,68
40200,51
44615,35
12533,44
45064,34
22869,33
24688,35
22360,37
39061,38
39563,33
35254,44
40889,51
34916,39
36267,36
36418,71
45208,73
37638,55
38688,66
40510,34
41157,89
41349,82
41515,75
41559,45
41978,39
41775,105
43484,43
44655,35
30280,37
44944,52
45451,46
45517,51
45527,225
45987,58
45962,36
46430,918
46533,56
43257,102
41550,73
35964,45
42741,50
42748,189
43349,47
45240,126
43366,41
34191,141
42581,41
43324,319
43383,43
41718,251
45626,151
39002,38
38033,74
42463,45
31753,105
34627,37
36854,165
38074,78
39530,39
40451,46
43307,49
43308,82
43759,48
44254,62
44632,261
44851,143
45334,149
45410,114
45995,98
46524,69
73879,202
55675,91
90713,54
90705,58
70656,50
55093,65
55424,374
53226,156
53366,56
51826,192
54196,65
54197,68
77557,331
47786,107
47762,208
71351,47
47266,386
70924,66
72481,94
55408,74
55970,45
46457,71
55626,116
51684,61
66974,72
67059,81
72831,33
71251,62
62193,45
72564,58
75471,98
76099,35
76694,73
77172,61
77565,168
78528,50
80057,71
73092,44
83028,67
92021,119
88065,374
100424,68
52362,36
48533,60
18066,33
79414,47
54556,35
10727,150
46640,868
57394,57
50873,49
44180,219
49239,320
53675,433
51026,45
51448,410
52154,544
55236,218
56247,106
58829,96
60628,145
62644,42
62964,67
65564,94
65850,64
70839,84
51818,148
78519,105
54572,255
42146,52
44372,63
73267,133
93862,52
87732,145
49271,58
51246,64
62510,60
55383,179
64227,48
61445,41
66026,51
55618,35
47903,81
66596,77
81784,47
46791,46
48381,38
55323,135
48665,58
78618,90
78821,34
50866,156
67699,42
83212,65
74030,67
61646,183
63833,55
81575,132
55466,51
63632,94
77448,50
58651,144
86777,44
90027,65
77801,73
82055,38
96099,55
87348,37
70152,85
63899,66
81333,62
61265,222
60704,73
54606,76
73863,39
58902,183
47494,536
84282,62
95504,34
50405,563
92371,49
62192,36
24351,52
80049,33
71794,33
68101,40
83757,127
82709,184
95292,129
71527,47
78728,69
76307,44
48683,469
13524,143
55083,194
70756,112
44136,251
44130,57
60385,58
58090,97
43417,128
78686,39
46926,66
92098,113
86843,43
81938,259
71920,34
60140,45
47251,221
53235,89
78619,397
49615,36
58677,89
53299,42
53583,157
53584,49
42473,88
80376,33
36619,44
50129,90
53642,56
42111,224
59156,237
60418,357
65950,223
45091,50
47401,54
47862,54
57495,175
82483,40
64543,42
48473,959
48197,87
48196,222
48658,36
48732,98
49238,44
49118,36
49717,154
49901,47
49933,107
52180,74
51365,72
51000,481
58216,55
75347,80
51927,73
50010,74
53793,175
52973,212
54840,47
55193,38
55407,41
72253,91
55818,156
56229,38
55226,47
56027,95
56479,150
56631,33
56782,194
57235,35
58862,33
57604,36
57697,43
58258,34
63883,104
60351,36
47148,40
50362,157
61433,40
60829,242
61382,38
66328,83
63513,123
55253,83
71092,291
65022,40
61714,239
58485,97
67443,118
67590,205
49558,76
68169,41
68186,145
68337,107
68924,165
68999,36
70696,50
70104,92
70103,66
70302,42
70445,75
57957,38
70832,65
70966,128
71678,306
59348,142
72756,67
74634,60
73127,46
74208,57
73897,169
74392,77
74869,87
75029,46
74876,49
74886,38
75348,39
75381,39
75887,94
73100,377
80509,57
76173,87
77532,45
77574,33
77599,317
79315,58
79029,115
79197,166
80015,232
80074,53
66003,73
81350,41
82206,67
82358,124
72212,97
83546,139
83630,44
73268,120
85497,92
85498,153
84599,33
85892,91
86786,96
86794,39
72849,50
87102,386
85774,85
54933,212
88485,41
88903,69
88786,36
88843,91
90135,92
86793,39
91905,36
92730,71
92916,37
102243,79
80863,362
54256,57
84540,36
70807,101
97462,121
70159,66
98323,64
52304,36
70305,103
68605,51
51675,52
81498,67
53885,38
51076,41
75255,69
34491,54
46598,337
53516,37
67953,101
59747,157
76166,39
38334,33
52203,128
44825,53
44850,33
72641,42
46682,143
47501,132
55340,38
64561,111
52153,243
54011,66
54204,61
55844,117
58450,126
68378,56
61825,142
61973,137
65842,101
46608,75
79549,47
61513,87
70412,378
70565,61
53635,194
77080,184
76945,131
84148,40
78502,43
83932,33
84341,54
96140,46
61080,51
72429,49
76893,78
78662,131
80090,109
84417,36
86248,82
60795,99
63476,73
75129,34
64301,87
56306,552
72471,74
65967,56
65985,40
74593,36
50932,68
68739,56
25291,159
83699,54
48749,70
4337,182
70405,70
73444,48
80603,39
53093,397
68379,37
61114,49
82607,57
54691,90
89724,76
56758,583
74970,52
60980,66
57219,33
53767,36
69570,34
75020,535
89633,76
57452,270
55726,56
82573,42
56379,48
64192,62
67884,35
51449,80
50195,84
91411,34
52204,301
75948,35
79340,64
54162,87
62234,90
79532,40
52974,305
66522,39
64428,44
48297,187
66882,361
79299,52
53599,117
79481,33
83874,57
58351,162
44330,73
62930,92
84567,131
80084,40
70061,1177
51213,162
76711,103
93703,67
51067,244
61088,164
92856,119
66595,116
67892,83
69358,323
93468,33
59855,76
100200,38
82048,38
48213,144
65374,218
70773,53
87532,51
83295,49
85850,33
57227,74
46698,169
82958,34
90513,40
95545,63
87205,149
93554,38
61949,78
62124,33
70087,65
55026,117
18317,53
48254,45
48255,36
16907,53
16908,97
18928,100
77581,82
26606,316
26607,242
87816,42
72572,75
82960,190
77196,129
35253,33
35638,39
36528,34
36577,48
37110,33
76704,64
45182,55
37965,38
38099,68
38475,101
71628,39
73051,46
55609,71
47027,243
19815,170
42053,33
43583,41
71183,318
45341,50
45434,34
45526,98
45777,51
45778,57
79650,263
46004,34
46506,33
46774,446
46817,471
46859,66
46985,139
47802,150
47710,160
48347,78
48516,34
50598,308
48724,86
49355,74
48826,54
48759,287
48782,62
48783,40
49002,87
49289,44
49466,121
49548,62
49950,70
50061,112
70077,46
50673,38
50882,145
50816,90
51408,91
51289,80
53817,324
51766,37
51936,74
52285,45
52186,39
52312,87
52682,54
59848,147
52707,72
52831,230
89498,40
73326,40
53424,41
53602,89
54448,52
54690,89
54866,34
75805,39
55392,83
55937,33
56120,33
43652,91
56238,42
67883,85
67877,43
57704,85
58634,52
48852,126
58920,90
58811,138
52757,103
60183,97
60266,82
60812,37
66161,56
60821,102
61047,55
93871,113
65936,40
70235,91
69553,61
61974,54
61470,49
72690,63
63450,43
63714,64
62559,37
62737,63
63629,43
68069,313
64141,65
64746,82
65867,127
66151,63
66319,35
74316,79
66832,171
66992,48
67375,105
67358,41
67597,87
67850,33
48281,112
70991,46
68814,55
68521,33
69125,41
69292,75
69157,89
69116,84
69032,61
69258,100
69485,83
69690,34
69833,51
70194,70
70279,76
72856,33
72923,80
71116,66
71117,35
71025,785
62931,65
64133,34
71594,36
71638,54
72388,44
71758,46
71844,46
51533,49
72505,58
72924,58
72765,59
73671,48
73696,36
73804,67
73830,33
69621,41
74844,63
74751,36
75623,105
75498,47
75547,34
76771,68
76702,38
76912,140
70304,148
77531,37
77575,84
63316,43
78209,35
79973,187
78233,171
80425,59
80418,41
80635,148
87841,328
81431,98
81692,35
86492,300
83664,44
83137,37
28881,33
83807,51
83849,90
59147,88
98506,68
85682,59
86383,95
86759,33
86869,85
88090,54
86912,44
87800,64
87842,35
88392,77
90312,42
89540,36
56004,61
76,1997
152,658
233,110
438,279
672,253
677,126
913,74
916,207
1024,143
1082,57
1087,343
1129,72
1179,1120
1195,105
1281,174
1360,390
1431,139
1444,314
1520,239
1633,205
1833,76
1980,53
2149,47
2262,649
2267,360
2349,550
2509,51
2588,76
2648,268
2735,33
2798,187
2947,156
3087,153
3292,433
3331,310
3389,519
3436,3173
3439,2235
3488,260
3533,178
3817,528
3877,221
3977,138
4396,317
4401,195
4409,119
4459,49
4572,149
4611,52
4937,552
4971,272
4992,80
5073,52
5097,119
5150,77
5152,474
5226,35
5386,107
5509,162
5515,781
5522,919
5538,1167
5694,179
5783,913
5840,413
5967,118
5998,976
6140,555
6249,36
6322,1931
6369,40
6380,1105
6383,99
6708,294
6908,119
6944,37
7005,580
7068,129
7396,87
7423,118
7680,198
7843,810
8163,65
8219,66
9167,982
9169,154
9361,85
10178,171
10242,95
11030,97
11600,181
18,219
567,373
654,183
685,79
853,481
1016,90
1021,1254
1061,871
1137,121
1142,166
1150,157
1171,99
1205,41
1239,689
1504,323
1780,81
1996,848
2089,401
2178,146
2309,725
2312,502
2322,561
2425,95
2627,59
2661,697
2667,545
2685,189
2761,619
2808,80
3000,105
3213,96
3218,673
3528,3404
3594,192
3633,371
3691,55
4003,51
4074,604
4099,118
4107,90
4548,408
4624,55
4690,1759
4874,118
5076,1616
5179,36
5336,91
5378,77
5701,529
5775,257
5796,141
5814,813
5951,593
6061,92
6209,967
6301,34
6448,123
6453,44
6456,201
6469,35
6498,445
6616,43
7326,290
8662,235
9645,81
9976,105
10515,698
10867,656
11345,86
11422,573
11524,143
11936,34
12930,174
12941,197
13124,95
13416,36
13765,86
14426,122
14557,174
14822,538
14825,486
14843,59
14935,151
5,471
55,574
89,89
94,185
107,52
110,56
126,43
131,71
189,231
207,59
246,117
249,329
296,251
309,54
322,683
359,40
383,45
385,87
417,187
422,787
451,119
462,439
472,51
475,51
485,413
488,85
498,256
506,351
509,183
525,273
559,100
635,83
638,481
656,278
701,58
743,66
761,33
790,48
803,164
806,41
866,307
882,239
911,141
937,282
940,102
950,394
958,163
963,69
966,58
971,226
1103,180
1105,429
1116,56
1119,45
1121,190
1226,257
1255,1118
1302,257
1305,63
1326,60
1344,349
1381,176
1410,111
1415,204
1462,34
1465,501
1468,286
1499,1406
1531,50
1536,187
1539,63
1547,40
1573,88
1615,49
1620,228
1623,517
1636,61
1649,191
1654,218
1660,562
1730,108
1733,113
1741,102
1783,186
1854,149
1880,40
1883,60
1946,287
1951,118
1972,273
2019,844
2022,235
2063,60
2099,767
2110,559
2115,633
2139,289
2152,87
2183,41
2246,126
2338,478
2383,58
2406,114
2435,44
2469,94
2506,33
2567,41
2580,4107
2593,457
2638,37
2651,830
2698,86
2811,502
2832,679
2874,454
2903,151
2929,96
2950,109
2953,103
2958,89
2997,64
3021,1395
3142,47
3150,84
3158,138
3189,438
3260,69
3339,112
3349,262
3355,269
3399,138
3520,222
3628,325
3673,277
3707,230
3767,453
3820,76
3859,1013
3880,208
3980,343
4011,66
4087,184
4112,137
4115,67
4123,36
4141,105
4178,109
4186,40
4196,174
4199,43
4204,141
4223,255
4254,579
4306,53
4309,69
4312,749
4322,93
4325,474
4422,36
4456,139
4493,94
4503,51
4509,602
4519,100
4522,73
4527,237
4540,362
4543,862
4545,1762
4569,316
4585,79
4614,52
4648,2592
4758,38
4771,278
4774,228
4787,2593
4803,44
4808,185
4821,73
4824,117
4827,55
4853,184
4884,461
4968,45
5047,65
5055,137
5057,90
5089,91
5139,68
5160,49
5184,210
5247,55
5265,49
5302,336
5312,259
5326,117
5328,102
5362,763
5399,72
5402,316
5407,539
5436,214
5483,72
5504,101
5588,222
5654,228
5717,586
5767,200
5770,77
5793,347
5804,66
5817,157
5859,62
5880,86
5930,592
5948,169
5953,102
5977,88
6006,271
6053,401
6082,37
6087,52
6124,2103
6137,460
6149,44
6154,52
6157,85
6199,293
6262,48
6270,37
6283,238
6288,43
6333,84
6377,148
6414,667
6482,73
6548,111
6624,256
6645,201
6658,716
6698,201
6748,50
6861,34
6937,98
7021,554
7107,193
7110,118
7118,129
7157,130
7160,67
7168,104
7186,71
7202,36
7210,149
7273,58
7281,422
7289,116
7312,211
7352,158
7362,366
7399,188
7402,115
7428,57
7478,84
7546,43
7554,69
7646,179
7725,72
7746,49
7751,91
7809,630
7822,1844
7867,165
7877,285
7880,2072
7935,382
8066,49
8077,136
8124,88
8195,57
8379,81
8526,49
8536,40
8539,80
8544,165
8562,43
8581,41
8586,33
8833,259
8849,39
8862,36
8957,211
8996,47
9198,204
9206,122
9211,167
9269,121
9309,307
9348,55
9356,106
9482,140
9485,74
9558,35
9679,42
9708,64
9729,741
9734,36
9774,36
9968,258
9981,45
10007,160
10010,70
10102,49
10123,299
10133,90
10510,85
10686,57
10760,243
10765,107
10917,59
11177,1101
11180,45
11256,38
11416,65
11445,38
11555,189
11655,37
11681,167
11726,111
11826,334
11834,357
12007,74
12078,431
12154,37
12249,79
12512,175
12646,96
12988,143
13004,112
13077,141
13090,270
13111,68
13135,41
13148,76
13266,76
13290,83
13613,964
13652,64
13715,94
14094,320
14363,160
14368,54
14552,42
15566,259
15634,105
15749,105
15881,92
15986,423
16054,726
16057,164
16201,101
17149,65
17335,82
17398,125
17530,2029
17535,162
17669,254
26,59
60,178
81,323
99,46
102,35
157,44
178,55
388,111
435,67
456,775
464,792
520,170
530,206
533,234
601,495
651,92
667,862
887,535
908,97
997,1868
1000,326
1145,93
1182,338
1515,203
1610,383
1736,1070
1757,82
2049,121
2094,462
2162,106
2173,86
2409,476
2419,139
2472,536
2482,472
2485,218
2514,90
2522,80
2527,251
2540,408
2630,35
2727,41
2732,163
2803,360
2853,137
2861,205
3010,137
3037,85
3047,100
3229,99
3368,260
3796,65
3833,33
3998,592
4019,105
4262,122
4338,44
4393,61
4430,4737
4701,479
4753,37
4777,126
4782,122
4816,155
4924,46
5050,1153
5357,156
5675,80
5680,54
5791,303
5901,120
6003,469
6074,70
6129,55
6146,48
6196,84
6275,95
6637,58
6895,563
7034,177
7071,44
7378,40
7840,305
7854,53
7856,787
7861,279
7864,677
8011,204
8276,1549
8510,350
8907,239
9203,308
9359,90
9406,43
9466,287
9529,328
9542,74
9571,113
9697,96
9753,198
9779,72
10436,135
10486,472
10512,217
10938,265
10954,338
11080,562
11243,115
11277,628
11314,89
11587,49
11897,86
11900,123
11913,217
11939,168
12310,127
12355,348
13198,119
13466,80
13550,128
13663,182
14023,39
14141,50
14204,144
14207,169
14277,49
14394,288
14746,560
15361,188
16571,434
170,873
186,310
239,323
252,106
367,239
443,57
680,436
698,50
764,63
1163,176
1402,1160
1557,318
1799,155
1804,106
2693,148
2782,52
2979,42
3050,595
3060,121
3100,76
3108,72
3465,38
3491,48
3738,135
3964,937
3967,262
4451,34
4477,141
4556,36
4811,376
4947,714
5657,204
5670,84
5678,101
5956,757
6113,315
6132,48
6766,2512
7459,142
7462,67
7609,66
7691,59
8841,47
8933,99
8938,154
9096,51
9156,73
9293,360
9419,93
9850,37
9860,140
9905,126
10073,347
10379,221
10578,34
11684,45
11755,112
12368,151
12573,58
12578,131
12670,67
12762,77
13080,1161
13206,115
13240,285
13863,121
14389,54
14444,49
14483,37
14930,322
15324,70
15489,80
15568,62
15702,124
17713,127
270,52
275,152
2643,41
2777,56
6905,89
9813,107
11156,62
11479,125
13728,36
17632,53
144,711
149,567
162,74
212,83
265,117
278,1568
333,1537
401,815
514,148
577,210
580,201
617,87
992,555
1176,90
1352,146
1449,34
1570,44
1586,36
1657,119
1686,80
1985,95
1990,101
2003,43
2112,222
2123,93
2126,82
2157,75
2372,362
2396,234
2451,501
2493,103
2585,176
2604,224
2674,104
2677,557
2701,39
2714,127
2737,268
2787,53
2790,96
2795,467
2837,46
2845,146
2850,229
2858,146
2866,84
2877,91
2911,134
2921,39
2971,103
2974,293
2976,202
3092,109
3176,1240
3179,70
3242,759
3302,44
3305,36
3323,132
3328,50
3386,144
3428,115
3546,904
3578,175
3583,78
3586,106
3617,33
3717,202
3780,108
3804,68
3807,80
3830,57
3838,213
4090,42
4249,358
4270,39
4369,113
4566,227
4638,172
4643,213
4695,63
4711,480
4740,41
4798,33
4800,137
4911,74
4921,616
4958,77
4960,119
4963,40
5121,67
5299,414
5315,58
5394,168
5412,173
5439,823
5452,252
5470,89
5633,52
5662,87
5733,73
5751,235
5851,90
5964,1139
6359,634
6364,44
6367,124
6422,58
6430,68
6432,159
6435,237
6677,38
6685,216
6690,70
6771,951
6782,64
6787,65
6824,33
6892,91
6897,804
6968,66
7073,75
7115,34
7128,700
7134,102
7213,43
7310,38
7315,75
7349,188
7420,55
7446,44
7517,41
7562,105
7567,76
7601,193
7625,117
7648,47
7714,79
7730,86
7733,43
7741,56
7759,47
7785,185
7788,60
7793,355
7890,156
7893,35
7917,136
7998,76
8000,185
8032,124
8045,99
8053,88
8058,43
8100,196
8111,53
8208,964
8263,46
8266,40
8303,87
8308,55
8326,438
8329,222
8332,539
8468,141
8489,73
8492,36
8518,138
8565,130
8594,57
8636,50
8641,91
8670,42
8731,59
8760,118
8791,52
8804,40
8891,61
8896,59
8983,117
9020,75
9030,43
9038,72
9101,44
9306,62
9385,219
9403,59
9508,112
9519,1296
9608,95
9960,244
9963,45
10049,556
10052,56
10060,110
10112,33
10279,308
10329,63
10397,280
10473,255
10536,87
10649,66
10702,72
10725,35
10778,244
11017,1082
11343,265
11584,49
11621,84
11629,51
11805,51
11821,153
11910,100
11934,273
12070,44
12083,816
12096,54
12230,54
12297,193
12342,262
12350,47
12360,64
12379,106
12449,39
12486,257
12499,81
12539,112
12557,64
12991,56
13038,1386
13151,225
13153,652
13216,79
13303,108
13390,70
13419,556
13432,54
13563,362
13566,204
13592,145
13634,35
13705,435
13789,96
13834,165
13902,276
13936,187
13973,308
13991,107
14267,82
14317,275
14620,233
14717,476
14988,55
15151,272
15216,298
15221,35
15224,40
15290,41
15313,706
15321,496
15487,116
15592,65
15602,164
15841,52
16301,46
16306,71
16558,141
16605,107
16668,85
16744,37
16747,318
16910,43
16912,131
16915,36
16952,245
16965,66
17375,85
17440,123
17472,131
17640,721
17787,100
17945,52
17995,110
18079,574
18084,62
18370,169
4506,164
5969,63
4077,86
6440,213
14259,87
115,148
774,73
924,36
2464,358
3297,235
3502,122
4280,34
5331,44
7585,62
8578,42
9973,51
10115,73
10170,63
10476,142
10696,154
12123,61
12465,180
13311,36
13881,53
13960,43
17522,231
17795,181
769,213
2223,46
2291,164
3289,48
8528,54
8857,44
9931,95
10083,114
12696,68
18689,49
16004,121
13505,127
13508,66
14431,50
2325,215
2393,209
3809,34
6372,62
6443,130
6963,49
7307,199
7791,228
8300,34
10807,48
11469,92
11797,59
13503,182
13545,256
13978,392
14256,1239
14515,199
14985,58
15153,47
16508,195
165,95
2296,195
2559,85
2591,163
2706,38
3184,206
4056,142
4900,87
5512,102
3770,77
10,44
13,75
215,40
228,244
328,305
338,73
869,86
1079,120
1132,168
1475,72
2456,200
2656,81
2740,143
3029,49
3079,72
3126,44
3444,172
5031,169
5838,36
6207,61
1767,35
2960,92
3507,86
372,447
3226,71
459,49
1641,100
2165,38
2212,114
2225,35
2228,37
2233,101
2236,39
2272,36
2283,33
2299,48
2304,46
2385,792
2388,111
3192,59
3247,64
3864,38
4561,40
4622,64
4845,210
5725,39
2102,81
2399,243
593,134
223,116
349,44
1297,43
627,131
1909,88
1478,77
2330,49
1168,124
1699,43
425,41
903,278
2664,34
1166,95
2900,45
2719,47
2897,48
2009,153
640,103
1342,43
1933,36
2186,69
3441,62
3641,53
5415,55
6845,39
7559,35
7851,49
8870,138
9332,205
10691,45
11264,88
12233,43
12300,74
12410,71
12436,50
12515,137
12520,37
12549,75
12589,58
12628,38
12841,33
12933,122
13056,115
13061,128
13343,77
13395,97
13453,38
13555,53
13571,56
13970,154
14167,41
14217,35
14220,67
14254,364
14407,48
14520,267
14670,115
14938,97
15111,109
15119,77
15271,61
15334,200
15342,70
15347,87
15416,87
15479,80
15660,402
15665,530
15679,54
15681,197
15686,467
15699,39
16067,92
16075,138
16264,67
16437,149
16497,64
16794,35
17023,137
17165,282
17248,116
17262,72
17285,156
17330,33
17509,438
17682,106
18081,43
18381,171
18434,120
18542,85
18634,108
18668,39
18710,77
18744,47
18778,46
18807,37
18857,155
18883,176
18907,82
18999,37
19086,89
19122,381
19199,201
19209,266
19322,33
19351,63
19364,43
19535,61
19627,121
19645,45
19708,638
19713,48
19763,95
19776,84
19813,87
19876,252
19879,559
19887,81
19900,95
19963,77
19982,104
20115,36
20202,67
20241,46
20265,330
20362,190
20487,48
20794,35
20891,132
20894,267
20904,157
20941,97
21015,39
21099,112
21180,117
21188,47
21251,510
21332,166
21335,241
21398,45
21448,54
21587,34
21671,281
21703,798
21750,161
21753,338
21779,90
21837,78
21994,127
22021,123
22173,390
22231,40
22422,528
22472,294
22485,85
22584,49
22594,45
22618,53
21306,64
12633,34
18970,52
11511,33
21519,282
22002,108
12262,86
21293,538
19787,46
21716,131
8831,57
9064,41
21309,120
21553,62
9395,65
9934,102
10875,33
9913,37
9989,35
10250,41
10355,126
11779,63
11734,39
11765,57
11997,93
12015,53
12452,47
19779,40
12199,36
12104,88
12256,75
12413,49
12447,39
12641,52
12565,45
19083,61
13655,37
13647,62
13965,86
14080,65
16272,40
15513,40
18854,97
15944,39
14591,134
14612,132
14623,113
14733,73
15878,92
14796,37
15849,310
14136,54
15419,232
16511,35
15676,110
16251,86
15539,47
15558,37
15723,58
15726,122
15728,49
15844,40
17212,40
16107,70
16146,86
16584,129
16752,59
16726,245
17104,76
17109,267
17966,35
19012,90
17527,64
17674,38
17853,279
17774,164
18299,126
18375,74
18518,36
19955,267
19976,113
21611,71
19091,94
19606,152
19614,41
19616,36
19332,135
19306,39
19309,40
19314,95
19464,36
20002,100
19936,50
18891,80
19619,449
19792,52
20433,134
19682,84
20257,375
19952,169
20228,53
20052,1182
20110,89
20249,82
20341,39
21390,89
20615,125
20618,129
22525,34
21007,297
21960,49
12775,59
12828,38
22736,108
21411,106
21548,104
21564,91
17916,69
18728,42
21787,94
21847,45
21860,347
21986,60
22092,87
19918,46
22244,193
22252,42
21737,255
22544,416
19543,157
21900,1232
19015,217
20215,320
19716,222
15316,174
14512,88
22288,128
21492,96
12002,115
11250,61
11408,50
8358,47
10468,207
20930,157
14878,90
19960,217
14649,48
10368,45
10389,89
13876,434
13910,104
16170,141
13692,79
19480,40
22034,87
23369,122
25615,82
10562,50
10862,139
14386,78
20325,178
23067,72
23424,94
24065,34
24748,119
25578,71
26159,33
26195,106
26245,76
26594,518
27021,35
27131,583
28316,162
28379,61
28690,252
2871,44
6027,119
8502,334
8899,40
10384,65
12623,96
13681,61
14280,169
15187,33
15705,57
16141,46
18407,86
18965,127
19159,42
19414,160
19632,110
20105,51
20144,81
20239,81
20302,44
21322,137
21792,104
21813,80
21884,918
21989,57
22039,439
22441,40
22462,90
22558,33
22568,146
23442,122
23860,954
23920,36
23931,92
24007,50
24020,320
24162,153
24220,146
24304,75
24375,280
24388,69
24443,64
24448,60
24451,321
24493,128
24577,60
24596,1329
24680,258
24787,36
24953,34
25050,499
25171,33
25271,37
25276,49
25302,84
25352,148
25389,234
25394,232
25418,41
26311,161
26602,70
26674,945
26698,121
26751,70
26769,200
26800,131
26911,573
26997,450
27055,63
27073,40
27100,320
27150,53
27205,50
27252,384
27292,282
27331,310
27352,201
27386,92
27415,260
27441,77
27470,119
27678,99
27757,506
27893,123
28056,198
28153,437
28206,92
28468,223
28513,59
2220,63
7538,70
10376,37
10392,74
15303,136
18610,428
19419,122
20610,686
21269,97
21842,45
21950,83
24438,979
24559,52
26534,72
26558,84
26827,280
26887,69
26921,50
26966,442
27791,45
28203,38
4136,55
4149,33
5559,82
6795,83
12392,47
14439,36
16521,533
21372,94
21758,774
23246,479
23395,50
23408,201
23634,81
24239,291
24378,34
24391,85
24417,188
24435,359
24730,88
24777,217
24811,460
25013,33
25084,42
25252,345
25328,82
25355,157
25378,48
25859,111
25872,103
25883,324
26316,51
26384,34
26605,79
26635,129
26648,98
26661,557
26677,59
26740,74
26795,306
26803,36
26814,140
26816,674
26821,111
26845,82
26853,49
26942,165
26947,98
26992,442
27000,214
27107,65
27145,441
27263,129
27305,78
27323,85
27326,147
27328,210
27381,298
27452,164
27575,44
27638,36
27699,100
27717,33
27738,63
27820,100
27827,35
27830,278
27935,112
27956,120
27972,89
27990,65
28111,74
28269,177
28329,39
28405,38
28657,47
28774,309
28787,162
28800,143
28845,334
14238,89
16537,40
17551,34
1930,97
2401,48
3597,57
9083,103
10502,136
12110,38
13219,33
14510,77
14528,98
15673,132
17102,74
17567,493
17737,39
18147,42
18205,51
18223,143
19666,62
20189,66
20888,62
21185,51
21690,142
21881,35
22168,43
22178,280
22181,120
22851,35
23429,152
23521,68
23658,39
24194,601
24309,71
24333,382
24359,63
24535,120
24617,287
24667,62
24685,92
24701,89
24769,174
24840,174
24924,86
24997,44
25208,46
25344,64
25347,39
25428,224
25812,38
25888,111
25901,96
26135,46
26164,174
26240,64
26371,46
26474,462
26484,112
26500,36
26790,190
26958,66
27034,80
27068,37
27158,1534
27163,358
27255,180
27286,313
27342,94
27691,144
27833,496
27906,55
27914,60
28006,65
28053,110
28069,573
28282,55
28321,77
28342,186
28348,364
28355,270
28418,73
28479,411
28526,72
28544,72
28771,771
29018,60
18613,75
5856,66
19201,46
21212,52
23850,73
26090,54
17175,36
20425,40
5554,37
22504,36
24575,109
26798,52
28668,192
12044,50
15920,34
16734,177
19175,122
22142,34
23109,50
23303,44
28258,238
28295,158
28497,109
6180,489
7268,186
11474,61
17564,232
19319,101
20034,144
21747,112
23083,35
23099,44
25746,58
26264,670
26337,37
26521,124
26777,54
27318,235
27378,74
27583,183
27864,64
27940,398
28492,50
29205,87
29242,47
29263,41
29352,49
29499,352
29515,553
29662,83
29822,238
29885,133
29967,310
30006,78
30150,150
30166,39
30176,84
30235,200
30324,59
30329,62
30413,49
30426,38
30481,51
30678,39
30784,75
30931,229
30960,133
30981,500
31110,220
31252,33
31583,699
31698,204
31754,137
31827,1188
31874,338
32066,34
32350,188
32379,78
32439,56
32468,57
32502,228
32505,191
32552,165
32594,111
32686,93
32968,162
33125,105
33133,165
33141,145
33178,47
33304,127
33312,49
33666,235
33753,141
33919,44
34113,61
34210,154
34247,50
34273,78
34347,59
34402,105
34494,406
34499,92
34520,70
34541,89
34562,86
34725,116
35036,49
35062,162
35086,608
35298,208
35325,35
35551,54
35580,34
35669,50
36018,196
36071,347
36194,46
36286,163
36376,79
36709,206
37015,58
37185,66
37314,37
37388,269
37438,150
37464,808
37779,70
37855,117
37884,132
37958,40
38102,415
38212,249
38431,57
38567,74
38717,115
38743,116
38753,173
39172,154
39600,65
39653,498
39800,329
39810,180
39868,392
40018,133
40034,56
40118,116
40139,87
40149,56
40152,41
40244,195
40275,76
40302,78
40438,55
40496,64
40654,218
40735,156
40743,401
40929,65
40932,47
41155,83
41205,59
41531,56
41560,85
41820,40
41825,33
42164,185
42182,97
42206,49
42374,44
42455,260
42750,174
42881,83
43195,71
43202,83
43378,78
43394,83
43597,37
44382,242
44847,256
45854,95
18978,51
25431,57
31593,270
39359,68
32258,76
25683,386
37582,75
41095,124
43418,707
34609,56
2014,36
40672,90
10287,45
37180,69
40541,151
14628,249
38215,223
45242,34
16044,179
44027,114
25943,35
28777,68
14033,38
32694,79
8476,38
18715,54
42797,119
34502,97
36983,51
16458,75
33138,46
42805,45
25851,111
25452,39
23624,36
28319,35
39088,129
24057,40
24207,48
45809,421
34305,90
40354,137
24693,35
35879,45
25520,42
5730,110
30174,247
33845,176
25922,34
25990,74
21230,267
38084,44
27047,146
27081,38
29764,51
39942,129
42461,174
31662,33
35598,61
22015,69
28298,51
28639,65
28784,290
28811,170
28808,51
28840,343
28984,88
29031,459
29226,50
29236,219
29462,208
29693,35
44797,350
29775,185
29827,55
29830,77
30442,232
41507,243
44240,154
30565,153
30560,81
30539,268
30639,171
30641,81
30673,51
32405,164
30774,35
30921,253
31010,125
31031,33
31131,56
31173,156
31165,278
30887,135
30528,118
42251,38
40843,63
31336,63
31362,182
31635,127
31638,42
32045,88
31743,92
31814,66
31462,169
32027,114
44468,97
32108,177
32255,38
32187,1995
32242,122
32581,360
32455,58
32733,81
30905,66
30908,338
32702,165
32720,67
32821,78
35375,631
35199,34
33375,127
33159,60
33246,58
33790,67
33443,69
33456,65
33687,35
33874,47
33703,53
33606,41
33832,77
33866,46
33740,110
33822,74
34058,386
33898,169
33968,50
33955,104
34168,63
34152,38
34221,49
34368,88
34730,37
34842,99
34772,40
34696,45
35979,48
34775,37
35083,82
35088,51
35556,40
35540,150
38139,43
35758,39
35984,241
36068,626
41111,58
35438,54
36105,523
29596,39
29452,46
35803,54
35787,51
36659,600
35837,201
35945,105
35950,69
35992,64
36039,62
36045,46
36081,102
36562,88
36118,48
36370,34
37175,97
36428,407
36486,40
36923,49
45310,178
28434,87
36769,72
37007,72
37070,212
37251,43
37078,158
37091,165
37477,49
37577,59
37269,182
35687,36
37401,63
37409,99
37467,33
37971,382
37498,61
33451,207
37590,43
32229,73
37966,99
37989,50
38039,246
37868,327
41870,412
39322,4675
37984,48
38018,85
30694,87
38491,42
38312,45
38473,109
38591,34
38596,50
38693,34
38701,51
38759,436
38830,58
38803,286
38949,181
39248,147
38890,95
27804,76
30261,118
39054,148
39146,69
39159,50
39285,53
42818,114
39398,34
39416,61
45462,33
39551,33
39553,182
6960,265
38496,98
39548,96
39603,58
40551,49
39931,50
39876,51
39968,102
40199,67
39086,42
41218,57
40507,223
40567,75
40680,43
40693,46
40982,117
41058,70
4356,408
41119,75
41121,313
40391,104
34291,78
41252,51
40399,133
40404,214
41347,51
41328,85
41500,63
41906,42
41694,33
41683,160
41846,156
41242,54
41946,68
41991,58
42046,92
42054,1445
42135,126
43930,227
42080,210
42516,188
42587,117
42590,69
42684,122
42723,37
42826,74
38457,76
42863,485
42592,46
43082,55
43069,40
43103,169
44295,314
43310,56
43402,725
43660,45
43594,53
43775,37
43872,539
43867,99
44463,42
43922,583
43917,46
44145,51
44148,60
44348,87
43205,45
44253,45
44526,67
44424,59
43560,33
40756,112
44786,443
40701,42
45063,132
38630,104
45139,57
45355,73
45754,33
45604,53
45628,35
45725,81
45775,117
45788,53
45817,112
45940,34
45943,306
46098,48
39934,50
40593,65
41696,34
46145,125
46159,79
43007,197
46597,289
32757,280
33254,937
35430,172
38055,210
38383,59
46605,81
30037,84
29305,46
37083,57
29021,113
43591,235
41484,33
36889,63
46037,70
29094,113
42747,76
42574,163
43801,159
43838,294
38999,59
43405,134
32319,125
36504,83
46211,498
33719,332
35440,165
35498,297
37784,101
38118,665
42335,40
14044,114
36452,977
36586,112
36593,106
42710,98
32326,56
39966,46
42484,38
30295,146
29189,479
41365,55
40793,39
28450,36
31486,43
32776,52
32923,50
37417,62
39332,36
128,68
44629,40
13981,115
564,72
31656,48
30355,57
30066,40
33407,34
33669,55
34659,38
35383,34
36746,80
37955,74
39072,79
39537,82
39797,37
39821,110
40958,42
45691,53
42188,46
42290,107
43360,58
44671,59
44996,46
45150,49
45339,88
45528,155
45967,106
45964,72
46305,36
41733,132
46292,105
33149,45
46468,107
44863,51
43326,248
37133,207
45909,284
45914,160
45917,82
44303,77
40643,49
45226,46
33643,69
46253,158
42371,37
30879,44
23700,34
34717,53
39514,46
35834,43
38946,50
39130,41
43155,120
40065,38
43042,44
43328,47
44114,103
44823,50
44946,50
45615,142
45707,133
45927,329
43168,223
94634,169
93562,47
12460,899
54889,98
65150,85
46497,244
37734,69
72398,39
47265,556
53497,198
43733,51
78633,118
55288,684
55720,88
59300,50
73380,42
66661,51
68453,58
69123,135
70335,313
71252,83
69168,144
71712,34
46991,35
79387,94
76255,234
79001,44
79841,47
52705,80
82917,64
83403,59
79421,46
87994,85
87815,39
89045,177
90038,56
87941,88
77829,53
54973,601
70955,120
79699,69
60988,77
53667,59
95346,39
46915,336
21162,82
89860,40
45654,117
45696,209
57325,86
59027,57
55238,187
56266,64
55836,59
57677,45
54482,134
65571,267
67097,39
68251,55
51186,211
81702,34
75258,205
79392,98
73748,54
65752,209
84901,279
84854,50
86310,35
89915,66
88020,33
36557,73
49266,72
100686,36
76273,42
45525,68
71846,149
50711,39
46489,71
66162,103
69642,66
64212,99
48534,41
63821,191
46807,47
66104,59
59847,33
60460,145
79576,36
53005,59
53225,45
88483,46
27355,523
48113,89
71533,95
48731,236
90427,48
73157,35
78835,81
82242,40
89805,95
50419,72
92259,36
55912,129
64060,99
87981,49
44245,45
47033,108
61200,190
62906,39
82521,182
80959,33
52416,64
84284,60
92942,37
74210,58
77853,34
78549,48
58696,39
38654,36
92045,43
54290,149
46610,145
95112,39
66380,39
50774,295
29097,62
66212,141
49547,47
77597,83
96218,55
49636,151
49610,51
49744,33
18318,64
59829,381
37209,100
55870,82
82914,33
20063,36
21923,74
57401,62
46684,902
81862,37
30631,42
65994,68
51366,111
66960,77
46718,138
67509,168
46763,123
39149,38
90968,55
51484,37
40533,84
55057,51
44852,43
45746,44
36389,33
46857,57
62454,40
50745,35
47754,74
47625,74
47678,268
48198,102
48518,54
48565,38
48515,76
48531,116
66025,142
48657,142
65692,52
48786,82
48797,46
49313,574
49358,87
49718,195
70579,120
53381,54
50690,213
26550,41
51941,132
102162,42
49692,82
52330,52
52926,36
52921,35
67572,70
53410,44
53363,693
53794,64
74510,70
54232,58
54637,167
58675,282
56235,100
54942,65
55228,60
55212,99
56119,141
57351,99
57472,40
57467,47
57427,95
57611,251
58050,59
58257,46
51455,127
62743,136
58788,39
68808,66
59530,35
59708,78
69959,98
64840,41
60325,48
60819,96
60832,59
60499,110
61474,65
61477,50
61913,49
62772,524
62186,42
62042,77
62152,97
60959,68
54723,50
47339,77
65098,42
64530,47
82216,318
63124,42
71425,39
66787,80
18820,65
67894,265
68469,61
63061,44
101004,34
63674,53
57314,94
96503,49
71480,119
71559,121
71736,59
74586,49
73627,42
72642,54
75101,40
74142,88
73672,43
74791,178
75463,60
74925,67
73685,83
51413,52
87230,70
81951,73
76089,189
76095,35
80512,58
73590,56
66288,74
83007,124
78302,159
51836,65
77547,139
80065,69
79942,64
83490,37
69655,73
98639,36
33146,47
81586,53
81720,294
82111,44
47276,106
82817,122
83742,46
83514,116
83713,34
84069,43
84655,49
85674,89
85503,48
85500,43
86129,158
86176,120
86287,92
84116,70
86867,48
86959,64
87096,33
88441,44
88546,62
89006,46
88985,66
71273,39
60675,72
81300,49
50511,56
92735,106
93622,92
93801,40
74596,112
95349,59
61074,37
71312,164
76722,46
81268,50
103051,84
46839,38
68343,40
35443,38
70067,158
60504,52
56910,34
73982,136
63434,41
82271,183
67160,60
90212,132
70398,37
72750,33
89161,103
87957,42
55267,47
90874,35
53883,66
16902,34
25234,41
58972,56
49731,54
44542,185
96231,45
67491,73
44965,157
20370,53
54293,121
46518,50
50950,75
66225,79
52981,63
51928,166
62388,111
58105,265
61229,95
64743,69
68072,33
48219,37
68989,80
57929,69
86762,39
85432,37
85521,63
74867,96
77919,224
79610,34
54574,52
81893,44
82287,69
65839,203
86930,91
87442,48
73283,87
92359,36
95228,46
94095,64
61863,67
70085,63
47402,35
74854,196
51181,362
55896,42
58801,256
62131,192
50947,386
69606,144
67273,48
47331,563
63179,142
49649,99
56093,137
53925,134
52067,54
77274,166
85679,110
84560,98
77476,56
82762,74
56369,1968
59637,252
55967,247
85151,38
65671,36
69912,42
82203,45
78727,81
77182,91
60202,66
71028,91
90579,46
74604,42
72248,71
70939,115
69365,162
55704,141
62168,143
85235,80
70353,95
73711,76
56151,147
77566,81
81613,40
83873,91
53244,89
85511,34
46429,205
61784,60
71752,85
78851,410
69420,53
58633,140
83616,36
46195,35
72952,63
39385,36
31154,71
65378,104
88888,49
75245,33
33932,291
88754,60
47470,79
61650,72
55347,43
66309,66
48505,69
54477,33
45573,51
65849,408
61884,66
78307,97
44329,214
60890,121
67891,52
57199,78
83143,123
62903,59
55170,172
75024,54
100873,55
50125,138
58922,142
52290,97
69031,50
78769,41
69018,40
60457,56
73509,154
90275,71
41066,43
85214,54
58832,89
53518,202
78144,48
87290,68
92879,180
43544,43
87153,34
91767,49
54051,34
79631,110
72521,95
49844,87
64651,72
44132,152
47675,42
66133,275
49534,45
48258,124
16905,34
43631,127
19023,139
97278,63
70369,126
73459,60
50732,39
70306,104
93793,33
55065,120
48169,119
49216,54
81927,47
71606,111
51597,54
30308,43
51418,265
55371,226
33483,47
42474,36
35643,71
37109,72
86725,43
37963,111
45184,88
68448,49
38021,50
47046,105
45961,37
52842,34
42151,34
43607,51
43657,45
55115,89
50934,63
61394,43
88499,133
98342,49
100894,52
44999,62
46508,88
46471,95
46495,45
46526,81
86605,33
50351,52
47075,38
47759,202
47205,128
47286,116
47386,129
49200,297
79479,40
59624,181
47496,91
47546,43
48066,81
51552,54
48248,736
48300,149
48713,325
78701,69
48781,192
49143,40
49684,42
49550,33
79250,37
51253,41
50204,96
73506,51
50761,33
51358,70
52616,828
51828,44
51839,51
51812,65
51060,38
52028,41
46873,42
52553,123
52689,56
52897,81
52994,65
53010,108
53052,49
53484,49
54148,53
54161,248
54159,214
54377,221
54629,59
62008,39
54884,51
55536,111
55384,147
55473,128
55825,56
55946,46
65899,120
56245,477
56319,42
56466,649
56897,50
57209,43
58076,157
57955,77
58108,207
58512,44
65797,155
59274,45
59527,38
59590,369
59834,177
59921,116
93496,61
61140,45
61871,93
61434,43
61439,44
64654,51
61511,274
102375,51
62123,111
63027,472
62567,216
62244,89
62278,36
66968,40
62470,772
62877,41
63129,277
64002,35
64932,52
64927,43
79471,36
65105,213
65308,42
98324,40
78494,98
65718,52
65805,67
66529,45
66577,33
67472,44
67236,35
67621,72
75001,34
68333,129
69142,72
68524,68
69276,43
69820,41
71509,73
69857,157
70196,79
70437,176
81019,309
73840,33
70908,134
80415,141
76557,315
80467,282
91286,98
63066,68
68301,48
79952,50
71433,112
71530,138
71630,104
72427,44
72926,109
72689,63
73175,40
75234,84
75395,62
75311,51
75022,36
55376,65
75950,88
76961,49
77390,71
77589,38
77576,35
78147,69
78241,81
57911,63
78975,161
68427,43
80105,78
80423,62
82862,168
102434,35
80530,44
100262,249
84305,68
80914,204
82389,50
85991,33
83272,56
83855,80
61551,41
84988,46
84744,306
88864,48
85366,35
86197,66
86360,57
87408,165
88307,153
91218,101
89032,116
89962,61
55988,114
1,4443
77,266
190,57
232,105
316,623
326,958
452,3188
455,211
465,361
689,294
849,388
917,210
933,42
946,392
949,148
957,286
1017,511
1075,956
1128,807
1196,37
1280,406
1521,246
1564,415
1616,52
2026,249
2031,451
2047,430
2161,2102
2263,139
2350,397
2405,231
2429,465
2481,37
2536,396
2552,50
2673,36
2702,183
2718,280
2720,304
2904,183
2951,63
3030,109
3078,109
3099,215
3419,554
3860,88
4094,194
4397,1065
4413,283
4442,88
4452,729
4615,243
4631,73
4634,856
4668,294
4702,262
4828,1830
5030,235
5149,996
5248,150
5359,164
5519,83
5521,367
5729,80
5805,51
5918,314
5997,63
6174,854
6203,59
6444,974
6612,356
6707,460
6775,91
6804,377
6864,310
6914,177
7340,333
7398,73
7419,54
8096,211
8104,391
8735,56
9242,63
9615,253
10921,58
12385,76
13662,382
13664,636
179,61
274,173
529,406
594,813
663,286
1004,69
1007,293
1146,167
1149,162
1212,99
1343,251
1406,316
1508,81
1913,78
1923,196
1997,260
2048,1011
2140,347
2182,86
2258,96
2426,53
2505,95
2610,77
2647,41
2773,213
2810,1279
2815,142
2823,355
3001,56
3014,109
3033,33
3364,417
3650,77
3740,57
3750,315
3900,173
3947,95
4007,132
4242,161
4586,921
4901,879
5259,177
5293,60
5335,206
5345,157
5448,257
5479,253
5482,131
5779,292
5973,34
6049,670
6073,164
6247,994
6250,1386
6263,75
6397,34
6452,33
6460,38
6476,79
6654,33
7500,422
7973,348
8430,127
8874,50
8960,46
9047,364
9126,262
9210,104
9389,52
9854,59
9859,224
10866,575
11349,1744
11478,163
12997,41
13278,133
14250,80
15128,932
17631,40
6,330
27,66
30,274
32,867
43,73
82,475
98,161
127,33
143,107
145,374
148,585
182,146
192,400
206,761
208,386
211,457
242,664
253,81
308,133
319,62
321,157
355,530
358,123
379,102
384,186
389,80
392,40
429,169
463,431
476,185
502,544
510,70
521,77
560,81
571,131
621,564
655,1740
668,452
671,155
702,40
707,57
720,83
757,43
765,120
781,81
786,36
815,133
820,237
836,201
844,52
847,60
878,1037
883,336
907,56
936,361
941,88
967,260
996,575
1012,73
1115,43
1138,665
1175,426
1222,466
1225,181
1230,284
1235,228
1301,54
1319,286
1382,83
1408,420
1411,65
1414,111
1419,56
1424,79
1445,71
1461,54
1469,404
1477,120
1485,45
1498,543
1535,67
1540,465
1569,326
1574,285
1598,289
1624,154
1637,176
1650,42
1653,178
1661,128
1666,47
1727,1254
1729,265
1740,172
1787,56
1790,176
1863,270
1879,99
1952,96
2023,61
2179,38
2190,482
2308,239
2434,292
2439,240
2468,157
2605,74
2618,33
2631,172
2786,331
2791,142
2804,300
2828,178
2833,104
2925,1525
2954,222
2996,419
3059,70
3162,468
3188,330
3199,2151
3219,752
3259,88
3275,1577
3285,63
3309,47
3348,42
3356,82
3390,40
3395,67
3469,159
3479,42
3485,218
3511,68
3521,237
3537,54
3624,41
3632,227
3645,905
3666,104
3677,397
3787,45
3800,593
3834,929
3881,219
3884,1656
3905,345
3981,364
4057,215
4083,61
4086,235
4111,219
4124,77
4127,66
4140,133
4143,198
4174,76
4179,156
4192,138
4253,217
4266,402
4284,44
4313,278
4321,1151
4347,49
4368,116
4426,36
4436,149
4460,104
4515,91
4518,33
4523,123
4526,478
4544,818
4552,61
4570,139
4744,43
4754,35
4773,75
4786,474
4804,192
4825,148
4854,214
4857,161
4867,268
4904,86
4907,97
4946,89
4970,235
5014,66
5017,44
5043,506
5072,40
5077,241
5080,94
5138,487
5183,168
5188,59
5246,214
5264,313
5319,248
5327,107
5340,82
5385,54
5395,221
5403,78
5406,139
5408,63
5435,657
5474,35
5524,42
5532,202
5542,98
5629,2185
5658,506
5695,148
5724,86
5760,798
5763,490
5787,37
5860,39
5884,475
5939,375
5944,124
5952,104
6002,91
6023,130
6078,121
6133,144
6141,857
6145,201
6150,34
6284,77
6289,55
6326,283
6334,75
6402,51
6463,192
6510,115
6549,415
6625,92
6699,54
6828,331
6854,55
6941,593
7074,183
7156,132
7161,69
7219,55
7230,46
7235,55
7272,261
7277,48
7285,131
7298,118
7329,43
7345,62
7374,94
7379,106
7403,59
7432,230
7437,57
7503,191
7505,43
7516,57
7555,50
7679,41
7687,107
7692,136
7747,34
7781,213
7797,71
7863,1153
7873,569
7876,485
7881,737
8004,401
8141,52
8146,52
8188,47
8196,53
8380,48
8406,103
8485,137
8577,169
8585,927
8698,50
8850,34
8958,48
9265,37
9349,88
9378,102
9412,104
9475,50
9486,199
9528,76
9709,52
9725,121
9730,40
9746,45
9780,81
10003,1503
10006,1501
10106,63
10111,138
10176,51
10241,532
10532,114
10590,83
10603,43
10606,82
10645,53
10732,250
10764,37
11173,63
11181,35
11220,93
11247,45
11323,65
11499,79
11578,539
11599,117
11601,144
11701,53
11922,778
12119,70
12247,128
12253,41
12276,98
12453,167
12456,157
12459,203
12529,140
12616,54
12669,98
13005,62
13249,67
13270,127
13280,73
13294,77
13326,34
13352,60
13567,33
13612,56
13880,481
14019,56
14203,611
14380,352
14406,85
14550,145
14755,146
14839,34
15047,140
15057,55
15420,738
15556,68
15559,890
15632,43
15987,45
17045,47
17489,513
17526,118
17636,97
85,136
103,35
156,182
434,301
524,69
676,363
991,163
1088,705
1096,153
1185,33
1238,456
1288,669
1293,179
1306,201
1314,145
1332,38
1440,58
1519,135
1619,828
1737,72
2418,67
2473,364
2476,734
2486,135
2489,64
2510,439
2523,152
2528,62
2542,459
2671,820
2723,2659
2731,58
2757,43
3004,2240
3007,297
3051,381
3167,94
3185,293
3332,55
3369,586
3435,873
3492,128
3674,607
3713,88
3887,42
3997,1290
4065,74
4263,285
4339,78
4366,46
4505,53
4510,145
4628,45
4691,914
4718,72
4728,61
4778,64
4996,74
5101,70
5356,218
5661,59
5674,126
5713,167
5826,83
6158,89
6163,310
6216,160
6226,57
6339,97
6439,128
6473,178
6660,748
6720,54
6867,168
7064,195
7282,73
7810,297
7813,1819
7831,71
7834,607
7839,397
7860,637
7871,997
8010,77
8249,103
8296,71
8514,101
8619,129
8832,985
8908,144
8913,1487
9163,715
9176,38
9197,44
9218,53
9452,37
9538,114
10283,274
10362,59
10438,133
10469,333
10858,45
11515,133
11588,681
11827,482
11893,131
11909,991
11948,254
12019,131
12127,130
12140,34
12234,39
12242,59
12263,225
12351,356
12359,33
12658,44
12942,55
13055,169
13635,73
13914,612
14108,86
14129,47
14359,1267
14997,347
15236,98
15433,115
15612,666
16176,179
18185,385
46,237
59,138
497,605
558,509
634,103
854,358
857,167
860,151
1009,36
1199,139
1361,253
1432,71
1543,144
1800,358
1803,91
2111,46
2694,343
2760,99
2765,86
2983,574
3091,44
3466,75
3542,34
3734,1097
3766,51
4166,43
4190,36
4465,114
4476,68
5093,52
5398,70
5508,250
5671,279
5936,87
6007,76
6200,42
6300,201
6305,158
6715,450
6896,587
7054,793
7067,292
7185,95
7458,62
7463,91
7466,79
7695,1063
8080,148
8099,76
8608,42
9063,67
9221,295
9292,935
9591,204
9617,356
11170,55
11783,52
11993,73
12703,141
13204,99
13585,103
13987,269
14409,81
14482,144
15409,619
15412,160
15512,38
16557,306
16767,61
17699,1559
18098,284
18656,330
19,184
269,62
4208,49
6602,169
7647,50
9646,34
10401,45
11961,80
12082,107
13643,294
14237,34
14430,72
15267,157
15509,81
116,2055
161,548
261,142
279,718
329,208
568,281
1052,46
1125,275
1248,240
1516,109
1561,320
1829,33
1973,40
1981,595
1989,67
2066,148
2069,94
2253,68
2266,123
2321,53
2366,187
2397,104
2492,117
2581,1511
2584,288
2668,98
2697,415
2715,742
2807,170
2836,143
2841,62
2844,219
2849,177
2857,337
2862,44
2870,153
2878,254
2880,535
2957,59
2975,568
2980,346
3017,160
3109,48
3125,51
3133,297
3159,74
3180,341
3193,223
3212,812
3243,1146
3246,201
3398,38
3411,254
3579,136
3587,71
3695,33
3716,400
3737,116
3771,75
3792,103
3810,45
3876,382
3910,96
3952,477
4187,52
4237,45
4271,67
4289,111
4373,354
4610,80
4621,157
4639,49
4647,435
4694,66
4710,148
4720,70
4815,167
4844,724
4964,354
4991,60
5298,110
5453,136
5813,130
5913,110
6091,78
6213,181
6297,198
6336,74
6360,501
6373,749
6376,133
6418,311
6426,78
6449,58
6499,59
6681,37
6686,209
6704,48
6728,52
6778,135
6781,42
6791,103
6825,39
6833,77
6967,57
7040,45
7043,701
7077,133
7080,109
7090,64
7130,160
7148,46
7293,42
7395,453
7482,59
7521,334
7563,61
7568,407
7602,46
7608,115
7626,69
7708,245
7734,62
7742,106
7758,209
7774,60
7776,39
7784,295
7787,62
7889,68
7915,201
8054,35
8209,425
8225,71
8236,61
8246,173
8262,92
8448,134
8522,298
8669,72
8740,52
8800,239
8963,220
8966,46
9029,68
9081,65
9150,33
9157,271
9207,1259
9234,312
9297,41
9365,370
9381,155
9386,84
9425,121
9431,176
9436,134
9465,35
9599,263
9601,112
9609,93
9625,487
9691,60
9701,126
9767,57
9940,91
9964,55
10014,56
10043,64
10056,62
10286,95
10330,56
10451,35
10619,221
10682,69
10703,112
10808,53
10887,54
11097,45
11249,74
11279,106
11312,266
11352,86
11362,112
11381,73
11562,96
11622,253
11646,36
11664,41
11672,210
11685,77
11759,444
11977,85
12296,116
12333,108
12346,489
12472,344
12490,93
12498,90
12535,160
12603,39
12645,114
13039,508
13081,325
13084,136
13115,47
13134,95
13152,127
13210,38
13244,55
13312,124
13428,50
13541,118
13554,235
13562,108
13675,1338
13769,259
13782,423
13785,156
13901,87
13911,1036
13977,416
14074,44
14127,60
14318,82
14390,123
14403,77
14440,89
14511,251
14519,268
14569,286
14587,37
14619,99
14729,38
14994,80
15021,111
15034,53
15039,441
15107,134
15291,78
15362,335
15486,193
15488,391
15630,92
15714,63
15722,557
15940,983
15974,61
16053,54
16074,424
16084,48
16124,65
16187,148
16197,48
16294,75
16488,129
16507,93
16554,117
16601,34
16748,831
16756,87
16790,478
16922,73
17008,404
17168,190
17281,107
17334,440
17733,49
17883,35
18085,46
5492,55
4213,44
10477,83
14461,132
122,33
660,186
2465,271
2907,44
2988,631
3640,106
4132,33
4838,243
5343,630
5348,242
7143,65
8199,84
9373,77
10182,77
10774,118
11512,65
11780,44
13233,38
15880,299
16113,40
17284,52
17678,71
17773,39
867,164
1109,65
9596,105
10934,123
11859,41
12653,110
17487,201
513,298
5576,57
12911,61
15181,36
18577,123
3298,68
2242,78
2794,36
4833,494
6964,239
7243,39
7290,242
7629,51
8895,49
9491,45
10066,337
10396,33
10834,66
11470,38
11830,66
11967,51
12380,200
12469,373
13181,39
13638,272
13759,38
14287,91
15215,88
15220,108
16743,185
16887,59
16890,274
17221,199
17510,48
18080,236
18206,41
18222,67
342,124
993,83
2463,149
2639,314
4967,132
2229,136
2292,603
9,104
258,70
313,42
376,169
870,51
873,246
1033,172
1154,245
1264,190
1285,111
1338,54
1435,48
1905,81
2379,156
2455,194
2460,84
2657,207
2734,57
2831,62
3088,563
3548,158
3700,42
3868,34
4697,48
5114,112
5750,36
2018,99
2560,67
3222,43
3760,35
3855,150
1104,42
1556,34
3816,40
3837,1157
6657,2639
140,46
1078,76
1847,1905
2192,102
2216,131
2219,79
2232,190
2269,93
2287,88
2289,36
2300,57
2303,524
2326,247
2413,367
3986,90
4039,39
4831,58
5353,44
2883,60
2389,99
2539,79
408,48
673,363
1062,59
1183,46
1275,113
1750,39
1821,34
2368,47
153,163
2728,33
2339,42
295,48
2013,130
2447,40
1934,177
266,60
773,75
1167,39
1929,285
3524,722
6851,77
7794,41
8640,913
9302,190
9326,202
9328,139
9541,550
10356,283
12040,47
12103,54
12237,129
12590,42
12771,345
12845,47
12918,77
12955,803
12958,42
13068,395
13089,69
13336,355
13339,641
13630,57
13648,79
13843,46
14032,61
14045,671
14192,38
14595,127
14679,360
14981,138
15094,57
15102,57
15178,112
15194,39
15325,245
15333,55
15341,65
15706,246
15727,112
15832,135
15998,110
16003,39
16250,75
16444,166
16685,38
16793,40
16869,35
17016,46
17234,66
17594,154
17607,41
17633,41
17799,53
17946,84
18101,74
18138,70
18151,33
18219,159
18358,178
18371,56
18433,45
18451,38
18454,80
18737,47
18850,82
18903,61
18998,40
19003,133
19011,33
19208,141
19331,160
19368,46
19431,57
19468,47
19607,262
19649,122
19670,46
19770,66
19817,70
19838,71
19851,108
19856,192
19867,1050
19880,690
19946,33
20046,233
20164,283
20274,70
20335,56
20361,126
20408,161
20795,171
20866,204
20890,228
20960,77
21255,100
21289,67
21292,223
21336,40
21428,57
21452,63
21478,67
21607,103
21633,244
21654,123
21675,247
21683,96
21751,104
21754,204
21791,204
21830,395
21859,933
21998,79
22006,41
22038,73
22122,291
22172,530
22206,96
22471,115
22598,34
22606,33
17783,227
19402,518
19644,255
18969,53
1758,163
20366,60
21323,57
17780,153
8911,55
11940,47
21326,104
19171,1102
20371,143
6015,122
21796,215
21352,445
8456,51
9010,42
2329,211
2392,100
2402,168
21260,310
7206,124
20887,69
10246,91
10272,123
11034,49
11310,43
8362,38
12200,158
12435,119
12448,42
15097,116
16077,133
20924,33
13013,64
12981,105
12984,137
13120,55
13291,76
10708,43
13646,118
15546,74
14385,238
14414,77
14881,39
15186,40
15275,37
15601,254
18403,85
17158,66
16701,33
17108,230
17694,79
17696,146
18664,65
17996,101
18251,577
18277,35
21436,58
18575,44
19352,149
19412,49
19069,280
19066,48
19523,43
19610,154
19615,48
19305,49
19386,47
19355,569
21362,34
19620,835
19623,177
19791,55
21662,118
20290,299
19877,1353
19100,106
20227,48
20248,135
20298,42
20617,138
21006,40
20908,38
21961,37
15449,35
15454,126
22735,1154
21399,44
21415,56
21444,173
21457,43
21523,57
21586,51
21680,196
21704,60
21783,45
21846,37
21990,62
22019,1566
22543,848
22782,100
22874,83
21560,235
13546,1986
12548,65
12556,64
19804,114
22022,409
18661,235
21678,90
19964,73
10375,126
10388,59
10393,62
22043,203
23053,252
23657,420
26828,150
27149,195
14676,136
19399,40
23066,102
23326,62
23423,469
24166,43
25582,59
26249,390
26791,113
27259,145
28315,202
28401,211
132,58
3598,43
6153,69
7894,59
14632,39
16287,37
17355,140
18638,145
19103,35
19544,48
20106,55
20245,33
20950,1232
21000,59
21252,67
21315,37
21331,254
21486,98
21730,137
21906,134
21980,136
21985,52
22025,35
22208,138
22266,111
22269,63
22732,34
23402,54
23446,57
23525,172
23791,114
23943,87
24019,71
24061,89
24159,55
24169,158
24305,112
24358,149
24384,60
24468,190
24542,33
24544,39
24552,53
24657,39
24660,96
24899,273
24954,195
25054,177
25056,88
25172,42
25338,118
25351,73
25356,50
25361,212
25395,120
25521,65
25558,424
25598,33
25624,361
25627,47
25666,78
25687,73
25892,45
26026,99
26099,92
26102,94
26173,205
26178,109
26291,40
26391,313
26522,91
26535,281
26604,203
26707,363
26747,46
26773,45
26786,161
26833,40
26836,127
26938,76
26988,250
27056,46
27175,57
27424,571
27445,60
27469,175
27492,33
27724,87
27734,40
27766,229
27771,209
28033,67
28181,147
28205,392
28228,164
28278,101
28754,96
14805,121
14810,41
15659,111
15848,117
18411,34
18614,152
20611,198
20963,708
21189,64
21402,47
21631,195
21657,180
22014,67
22119,478
24216,295
24232,184
24584,178
24634,161
26181,327
26464,109
26559,57
26831,662
26857,113
26894,63
27634,94
27805,69
4145,75
6276,79
17975,76
19678,230
20135,38
21368,63
22632,93
22737,189
23218,38
23357,69
23488,873
23541,44
23591,127
23631,61
23633,280
23767,715
23851,86
24274,789
24484,38
24581,115
24747,809
24765,53
24823,80
24904,55
24930,729
25141,57
25377,35
25461,158
25537,117
25771,38
25860,170
25871,86
25889,135
26210,85
26257,54
26307,41
26496,173
26541,51
26588,174
26617,354
26668,264
26718,45
26744,195
26757,805
26770,56
26804,158
26912,60
26946,208
26957,95
27001,202
27080,61
27106,114
27232,385
27293,44
27327,118
27356,91
27361,68
27403,195
27432,37
27584,61
27829,710
28023,55
28480,448
28548,52
28614,409
28770,149
28799,35
29043,244
19158,65
21299,52
24363,53
1936,114
2010,77
9331,163
12113,109
12934,101
12937,208
14292,48
14516,110
15204,34
15538,59
16071,33
18148,47
20043,132
21176,120
21604,468
21741,122
21820,971
22337,35
22561,46
22669,38
22924,61
23021,40
23050,79
23249,40
23412,71
23415,95
23439,35
23459,75
23491,49
23843,47
23859,44
23893,219
23898,122
24103,37
24261,45
24366,68
24368,297
24647,120
24663,83
24681,784
24684,200
24773,110
24828,132
24933,47
25146,75
25159,67
25162,47
25175,246
25180,57
25293,50
25343,37
25359,33
25561,40
25897,101
25986,34
25989,134
26115,75
26504,56
26509,57
26580,39
26598,719
26622,326
26728,201
26778,1485
26951,52
26970,275
27159,1309
27162,86
27206,49
27246,70
27453,164
27618,95
27690,127
27826,324
27873,60
28057,252
28060,59
28091,119
28199,72
28320,79
28346,51
28472,81
20214,120
28807,46
14024,34
27345,47
14140,44
14734,33
16609,148
17455,42
21281,55
21914,46
23265,38
24011,38
24135,39
24996,44
26697,124
28606,113
5555,47
17949,49
27359,95
27939,40
27963,44
28718,241
28794,120
10692,43
17103,51
22190,35
24531,47
28328,37
14498,170
17736,36
19696,92
19807,44
21234,35
23000,42
24880,64
24957,136
25936,35
26548,60
26799,89
26823,36
27301,54
27645,66
27779,151
28383,61
28704,54
28964,56
28975,142
29101,161
29135,77
29219,37
29306,141
29461,303
29665,68
29821,343
29997,147
30083,70
30312,33
30391,169
30551,238
30556,129
30731,116
30946,36
31014,43
31148,149
31343,41
31361,59
31392,243
31442,84
31445,542
31532,110
31539,36
31626,188
32180,681
32451,62
32469,331
32674,112
32748,43
32806,90
32964,276
32998,62
33145,47
33155,86
33242,99
33258,92
33547,93
33636,59
34041,40
34072,238
34180,93
34403,120
34537,318
34750,67
34797,149
34838,102
34846,34
35284,479
35297,257
35342,36
35374,33
35387,61
35392,212
35444,227
35450,722
35560,227
35696,119
35820,43
35883,62
35965,33
35972,80
35991,107
36566,56
36890,107
37116,280
37302,283
37410,220
37633,64
37691,34
37780,277
37791,251
37864,83
37962,280
38227,219
38392,83
38600,36
38852,125
39013,122
39037,721
39126,159
39378,113
39573,73
39631,43
39809,38
39830,305
39917,112
39972,557
40119,183
40219,57
40274,118
40355,332
40392,284
40413,137
40637,48
40802,36
40910,51
41306,127
41464,40
41548,70
41616,231
41829,59
41910,36
42063,442
42168,60
42252,227
42696,40
42725,258
42767,242
42769,66
43036,37
43078,63
43556,41
44239,36
44459,138
44535,137
44759,45
44861,83
11157,72
2169,49
37042,41
27519,43
23783,742
28778,75
44467,60
31269,41
15877,36
16160,305
34726,150
46438,253
30548,37
44438,152
34527,70
37279,51
25926,35
22442,48
25453,90
29679,48
29206,273
38789,129
35011,215
44307,100
41860,333
26338,42
21229,175
37252,59
37573,68
38022,110
26665,34
26794,55
26991,94
30270,37
29760,137
29792,58
27613,174
27936,66
29309,54
28110,38
28133,38
28236,120
28370,36
35255,94
28638,40
28664,35
28862,230
28765,63
28757,65
28786,43
28833,302
28946,64
29151,73
29169,73
29232,269
29684,46
29563,95
29645,86
29692,70
29724,47
29750,175
29747,47
30007,59
30091,80
30104,85
37980,43
29639,247
30325,54
30309,56
30435,211
41377,216
30475,201
30099,457
30543,87
30640,36
43086,61
30959,33
31177,60
31101,33
31153,58
31810,49
31164,151
41175,229
39063,51
31550,54
31395,63
34080,107
31768,43
31697,218
31981,50
31463,71
32107,222
32278,312
32582,130
32585,171
32619,53
32624,111
32488,51
32801,76
30904,377
32543,316
32640,54
32719,81
32735,51
35182,45
18753,49
33376,48
33308,35
33340,36
29813,54
33263,41
33303,42
33363,38
33487,166
33670,72
33915,141
33828,73
33754,65
33965,51
35812,58
32708,465
33933,36
33899,48
33904,112
33954,491
34017,73
34054,82
34164,39
34369,41
34474,187
34566,167
34432,49
42780,182
34763,220
34959,41
34684,39
34705,46
26265,134
34990,515
35066,70
35082,90
41900,123
35315,114
35397,136
43162,185
3889,156
35455,36
35762,51
35552,62
35807,38
35581,45
35623,56
35647,596
35786,71
36185,38
36175,69
35954,40
36038,51
34493,71
36227,68
36416,45
36532,40
36729,50
36587,57
37176,58
37179,56
36430,201
36487,39
38172,325
36576,210
36922,69
36927,125
37079,176
37082,110
37933,36
37418,69
37373,37
37457,64
37817,157
37846,83
38248,326
37880,108
38059,60
38132,63
38075,369
38482,50
38550,253
39003,179
39628,44
38697,71
38687,65
41724,44
38823,60
38966,47
41826,42
38945,83
27792,46
27797,43
39089,54
39310,40
39312,48
39129,55
39302,922
40458,168
39386,63
39389,97
39554,322
39399,48
39615,97
38508,106
39599,106
39415,271
41795,41
39872,437
39946,53
40056,47
40198,39
40064,33
40718,51
35707,78
40671,35
44105,40
40689,60
40663,68
40439,34
40936,441
41002,67
41049,48
41104,54
4352,65
4355,398
41109,40
41285,114
41264,58
29805,177
41847,84
41574,52
41682,318
41690,59
41700,42
41729,176
42241,74
41850,43
42121,145
41995,49
44013,75
42095,44
42375,70
42268,71
42381,53
42404,60
39412,88
42580,57
42533,52
33142,126
42612,39
42898,346
42819,231
42827,65
42586,71
42599,84
43275,49
43262,63
43309,69
43364,41
43619,152
43616,69
43716,81
39523,91
44853,106
44147,68
44480,199
44325,50
46128,124
44670,38
44714,46
30283,154
44945,89
44992,121
45016,220
45059,110
45080,95
45104,50
45298,318
45340,219
45432,121
45774,223
45469,87
45521,35
45006,121
45555,75
45524,238
45787,58
45868,111
45881,57
31584,285
31592,392
27382,48
39935,76
39938,60
41695,198
41745,727
46378,52
46467,662
30938,39
36697,38
33255,481
35539,43
39856,42
32183,33
35620,54
38321,40
43256,73
46601,339
41884,50
38261,224
34543,952
29022,180
37132,438
43590,473
45910,291
41154,129
18298,123
42751,46
30257,34
35683,56
39032,48
43414,96
36503,113
30049,55
43351,62
35061,183
41259,108
42341,69
35941,122
36361,64
36474,75
30354,69
38093,71
45650,346
42772,82
15078,41
39694,33
42118,127
32922,51
30296,159
36182,102
32785,54
33268,33
41309,42
42081,40
43577,34
44420,106
44451,83
21809,43
23581,39
45230,227
28820,58
29831,56
32448,42
33497,114
34864,46
28422,78
38222,113
40072,48
39691,37
39746,45
42415,41
41561,66
42273,89
42291,34
42743,93
42893,47
43603,41
43713,75
44485,37
44328,52
44425,105
40865,34
30378,55
44995,35
45251,744
41687,425
46155,74
46304,42
46425,231
44383,37
38896,34
45923,245
42746,60
39471,46
27524,127
44302,81
30716,65
16045,36
35904,47
37967,111
41138,44
45149,98
46464,62
39843,36
45907,175
45926,40
90694,78
80064,50
54893,138
72530,66
73484,52
85034,208
35166,54
75173,225
85885,85
73844,40
51711,273
49806,54
44020,78
55398,86
57218,215
57712,536
62671,105
68447,150
69698,64
71108,76
97723,70
72097,38
73755,515
37544,111
80414,42
55876,118
89044,108
90045,47
89367,118
90058,68
42357,34
92099,49
80019,123
47692,99
42147,135
46790,122
48220,600
51119,50
49273,35
73187,509
54473,1180
20753,35
54026,57
58971,422
31668,50
75031,70
46979,80
46488,156
55338,76
51148,45
52447,48
52152,148
56334,179
55182,326
59741,53
61636,39
61890,41
75362,95
68276,138
60264,169
69937,50
92157,123
74774,47
76317,54
74172,186
51687,37
54848,90
88021,47
73006,135
73048,78
40245,37
51480,234
79438,55
59091,125
66116,68
46485,105
74122,33
79724,213
77567,55
73182,59
52178,116
46877,242
55540,188
69306,54
85701,61
83331,38
57991,74
84073,36
46614,119
53135,124
73282,62
61830,266
90021,45
57129,361
58135,34
75257,39
54310,41
66103,77
91503,36
85160,58
60894,170
76952,236
71526,49
77280,36
66190,53
77798,48
96467,35
68675,146
65599,64
62949,81
76277,112
80584,148
68972,68
54257,51
74700,89
63631,135
78062,138
56961,42
70097,126
56373,622
56142,41
78012,136
98877,44
93495,78
95085,212
91180,57
29098,134
13525,60
29064,82
60923,55
4594,45
92104,37
34603,324
57145,50
71266,374
15995,33
84120,57
57925,144
18319,117
67169,65
37208,182
48711,134
55842,55
62705,34
21922,49
57581,94
55819,97
51829,128
50457,47
56288,55
93198,41
57437,53
45697,130
69406,197
33379,51
51296,160
36595,350
68557,44
52523,51
43183,40
45529,148
45776,347
46556,62
48735,169
46753,396
47589,124
3432,76
47390,42
48425,74
47482,99
61325,92
48199,83
48569,75
48519,34
48564,35
48690,43
49543,445
53682,118
49903,35
50812,167
51190,121
47432,118
51001,303
75373,51
53945,40
64999,149
52394,136
48777,85
52688,174
52925,79
53221,90
59991,414
53377,36
53772,76
52754,49
52683,246
54178,71
54449,48
56696,234
55367,77
55427,225
56630,147
56215,195
55939,71
56431,75
56740,102
56743,37
57011,60
57894,67
57468,59
57473,46
59031,34
57999,67
58750,41
59699,84
59696,44
59694,60
50171,111
60637,140
61141,33
61199,68
61314,39
61494,40
74198,37
64723,37
62547,94
62516,120
62973,103
62434,75
53982,57
49016,205
47343,77
47818,91
64185,115
64694,207
62232,155
65359,67
66000,132
66042,51
68011,39
67075,45
67529,57
68179,78
69646,36
68859,167
68922,216
69950,125
70102,99
70523,64
70969,203
73839,35
71976,72
72142,129
74201,60
72693,79
73148,41
73227,131
74017,137
76461,66
48850,38
74393,54
52859,38
75462,73
72733,111
78926,57
51414,46
56018,274
76219,47
76296,266
73001,119
76984,34
79685,94
77144,83
77522,64
66153,37
45385,204
86377,102
78466,134
79041,65
79301,183
80012,34
80190,73
80744,77
81388,65
82020,385
47902,46
76293,41
72210,69
83097,198
84774,34
84180,66
48740,41
84070,33
84083,38
85021,58
53001,38
84301,44
84787,57
59021,33
67945,119
86981,34
85499,121
85100,89
85678,33
86766,49
86897,39
62384,128
68762,99
86955,44
86519,46
87223,51
85777,160
76821,117
87181,58
77357,38
88984,85
74493,69
91269,34
93489,64
66993,34
77010,88
98248,142
50292,33
34595,76
99389,64
99862,37
100530,72
1732,38
70922,56
71560,35
91821,83
69968,155
69635,46
55237,279
58098,358
90636,89
51351,40
24161,85
60786,35
51682,52
49480,51
54165,80
54447,126
55963,42
49357,85
59471,44
70599,80
49635,168
84280,153
74327,61
75065,38
76760,116
67937,42
48874,53
61065,58
84283,53
42144,45
42672,69
89585,54
52357,801
94281,62
86908,49
95171,76
94799,38
98412,44
72972,61
51835,86
64904,41
62442,1133
73660,204
82230,38
65044,34
49603,66
69151,103
72186,56
56785,44
80553,44
20122,49
46945,214
58742,123
71489,156
59796,36
48595,65
61049,79
80878,86
55121,98
79872,96
89911,40
82233,71
72110,66
81981,48
84758,37
38009,53
51630,95
56982,1184
46701,44
47742,38
63086,132
70961,142
60997,55
79904,65
58653,133
59068,58
80968,60
85063,84
81251,68
48814,79
56643,85
48514,51
48532,133
64566,88
46987,53
73129,95
83956,51
43537,33
75273,139
71274,70
90447,94
63456,167
91750,35
56139,37
85683,46
79517,34
92659,54
74280,116
66119,64
49685,62
64355,97
94654,34
57027,63
65188,378
85491,131
55805,59
51420,39
87063,33
100261,34
70778,49
99875,167
70620,41
40894,78
89307,44
100790,105
48866,342
61951,107
71408,60
48249,115
18929,102
67256,64
57308,366
65264,64
81375,96
38445,178
58009,40
75294,88
72583,94
98919,34
79590,46
59859,46
34091,37
34477,42
35384,40
68494,78
71350,114
51101,45
46743,42
38151,53
83173,175
48748,219
90641,55
53632,50
40810,48
42764,47
55111,102
55711,177
43821,38
61481,61
62684,43
51632,719
47768,955
45185,42
45994,49
79278,317
46504,41
47000,41
54294,103
46866,205
47705,84
47183,72
47293,422
48467,146
47616,101
47532,58
52775,64
48228,626
65343,600
48790,59
48816,35
48987,100
49037,44
49142,49
51307,36
49735,33
49885,86
57510,51
52828,34
50762,40
70846,40
51409,191
51924,38
88658,56
52294,70
52242,237
46607,41
52841,41
53111,98
53359,62
77094,36
53314,34
53900,244
54052,41
54092,443
54160,120
54964,187
56126,42
55467,50
55574,63
62421,79
64274,119
55869,195
66523,54
56034,95
56089,35
56428,56
56225,50
71337,40
56872,38
56906,73
57313,66
49743,45
59094,35
57673,59
58219,65
58424,43
65141,361
57854,56
59241,134
59518,50
62527,33
60487,46
60912,35
61052,195
61068,36
61570,72
65935,46
65937,36
61620,308
62673,33
62222,254
63591,155
65835,167
63364,57
63667,121
64933,41
64936,93
64928,73
66977,753
87039,319
65165,136
65102,35
65235,144
74913,154
65664,132
65706,55
66029,47
66145,35
66216,88
66463,35
66376,43
66901,38
66904,59
67133,95
67356,125
67596,114
68323,55
69169,43
69395,114
69419,89
69832,56
86343,143
70184,127
70192,71
72977,68
70491,84
70536,139
83066,85
91285,241
63062,43
73064,517
71887,35
51182,60
72533,36
75136,38
75186,368
74705,37
65009,39
75118,74
75488,100
76172,34
76553,33
76716,100
70447,85
77588,60
78198,75
78587,57
78329,80
78477,50
79028,62
78826,84
78876,94
79207,152
79567,137
79480,33
79659,78
80048,114
80075,65
80416,71
81614,59
84170,458
63620,503
81264,486
82146,42
82441,116
82498,42
82974,50
83079,35
77120,102
56972,66
84175,35
65877,63
85977,40
86364,73
86369,40
86453,33
86818,51
87060,46
87087,113
87512,37
87730,48
91168,44
91475,57
95732,56
70566,71
96513,47
97383,35
98547,130
101913,34
103374,35
59727,52
72540,33
61600,62
55233,136
49781,39
61687,70
78714,33
54845,38
75942,33
61535,71
72834,89
50427,59
64383,33
58693,47
60423,101
55471,59
73412,38
61103,85
45820,41
67060,44
41439,56
51691,213
86494,35
57443,605
68162,113
67902,92
47633,70
58557,44
61708,291
77413,54
82127,36
60951,161
59376,65
63137,80
68046,123
85172,33
55331,53
44755,37
70209,85
55833,66
49586,48
70524,107
48726,872
70960,91
59467,35
57222,52
56550,79
68619,38
72132,55
62861,36
66921,71
87768,67
86339,42
79660,34
60139,35
59632,52
15017,88
68482,35
77786,160
73393,93
54671,50
59758,62
56574,33
68640,38
72085,91
50233,37
54713,51
45864,97
91974,36
61145,99
78554,66
87471,67
56432,99
88394,85
49631,173
54403,56
85744,38
72469,55
72445,53
69299,53
46552,705
55049,36
61611,41
79350,136
58042,96
77279,81
89705,54
49117,134
70135,65
96037,41
98097,37
84681,35
98163,73
60433,144
66735,51
84555,90
66724,65
94621,88
69349,104
69383,49
49536,64
82694,44
58202,63
63297,172
86150,45
81334,50
80018,77
84465,156
81581,97
58835,64
76599,84
90792,33
52377,43
85750,78
24814,107
72450,40
59440,37
75555,61
57285,71
55649,40
84815,58
45712,85
55397,144
54729,76
50537,62
20142,271
74463,70
60840,34
83395,217
50256,34
57666,43
8103,39
55578,49
44421,154
44666,72
51266,77
19075,127
46726,155
56261,138
86586,42
57522,36
46421,54
63661,125
63574,77
63561,64
63577,118
30521,33
61934,42
57264,43
76160,242
58730,47
38008,81
53081,64
38268,56
41793,58
50556,187
83511,35
65904,84
45694,58
70742,40
43184,81
43547,72
43788,33
44332,56
44172,61
80047,43
52582,52
46928,51
79119,60
46392,290
79347,70
62816,65
46865,158
17088,53
69902,45
47612,102
60659,70
47670,49
46458,39
47599,61
55094,159
48135,85
48904,61
47436,546
60859,73
48999,207
49523,267
49639,58
50238,116
49991,75
49902,144
75705,163
49970,38
51084,131
50377,58
51211,215
52177,90
52175,382
50004,52
54684,174
51290,59
54182,343
52156,36
52272,51
8253,70
52393,96
52944,100
61090,261
62215,37
79602,33
52989,42
53131,67
54306,56
52745,37
52151,99
54364,78
53954,116
54398,47
54524,48
66816,56
71841,96
71102,325
55086,37
60903,47
57454,177
55993,74
56390,48
57774,70
57769,34
56387,135
56356,33
56700,78
57191,97
57459,244
47704,41
70130,128
58152,44
58234,41
65029,43
59148,100
59174,40
49607,75
58961,50
58365,47
59240,157
59724,59
74975,49
74972,56
52931,101
60071,47
61527,38
59963,60
60302,42
47872,249
60570,47
61381,51
61614,38
61616,102
60935,120
61313,131
62459,86
61868,54
70766,111
70881,35
62677,49
62218,40
62417,42
49920,121
55251,104
73456,157
63111,136
65836,44
63352,445
65931,50
72424,45
70125,116
63355,98
64546,50
71669,65
71672,48
65200,54
65276,46
65566,61
65568,42
65778,33
65705,87
66183,62
69310,44
66564,128
79211,33
66850,69
60034,119
67055,47
67307,135
68004,33
68104,73
67781,35
59776,118
59779,96
75174,57
68556,47
68695,53
68648,48
61939,846
69181,57
69139,41
69265,42
69302,45
92011,41
70064,36
55188,179
69972,49
69899,35
71189,34
78819,48
71483,48
70947,53
68369,111
68188,61
71257,44
35517,37
71852,57
71517,54
83760,48
80717,40
72088,74
72587,90
52335,74
73215,70
46736,529
74749,42
74815,35
74712,196
75124,60
37138,40
75929,63
75332,57
71057,41
78205,49
75479,68
75566,40
76168,489
20388,33
72650,76
76470,43
77815,77
76646,78
50469,90
50540,52
71454,74
77450,33
77324,36
82534,273
54298,101
84568,40
78325,50
78864,47
79287,71
80866,78
80819,65
73966,253
50183,66
42773,61
58751,43
43641,68
83072,33
83070,123
87122,60
76533,126
73162,34
83700,73
83230,46
83977,50
82949,43
84402,49
82003,43
84253,59
59506,222
92024,142
84775,122
84628,112
85684,54
66958,105
86163,49
69223,68
88465,36
35222,152
72411,171
87904,55
88336,61
42876,68
45565,53
15589,51
88263,105
83235,74
56989,83
88657,54
71891,104
90908,151
69346,65
66955,150
92256,67
92277,36
95310,41
61564,41
62225,62
96071,116
96747,194
99992,122
49505,35
98311,33
87734,72
93005,62
99645,45
71346,33
20518,75
20513,61
72406,50
54968,43
48663,52
77892,33
5575,35
58793,35
61464,33
32434,37
61337,33
46479,38
46752,173
60827,36
58570,39
52600,53
69601,43
47059,39
48295,54
52642,81
50088,34
57052,49
61910,46
54676,48
80294,37
69147,44
69812,56
71609,57
61713,37
60714,33
57031,36
60783,126
59984,57
59784,43
70902,56
56311,104
48124,62
52114,53
53266,37
56258,42
64940,34
66409,34
61350,94
47617,55
46878,45
47056,42
57018,56
47814,34
72035,73
49891,40
55985,114
53644,103
77085,65
69028,42
45838,37
44093,40
57375,33
48363,42
50109,35
71967,49
55954,48
31630,67
63457,38
65494,71
15358,58
46400,70
46476,141
46833,125
47383,77
48316,43
48355,121
48671,180
49426,44
50091,44
50440,46
50721,70
51034,146
52813,47
53068,66
53983,53
54022,43
54208,59
54808,95
55344,153
56043,63
57632,128
58846,54
59164,96
59234,201
60118,91
63358,54
63679,51
64149,38
66897,45
45436,82
25145,35
47856,154
46006,35
46823,41
48823,90
48053,37
49387,60
49647,38
50025,104
50897,41
46600,43
51531,75
53274,53
53673,180
53649,107
54072,63
53502,68
56881,42
56374,38
58410,129
59514,47
60215,104
63784,71
63787,96
45407,41
67470,43
67815,43
74397,71
77823,41
62249,66
51576,124
52309,59
54834,61
21458,44
46949,33
47714,88
37149,51
46003,49
47525,56
49602,38
49697,48
50259,73
51665,62
53212,53
53825,57
55489,52
55541,39
48108,39
50703,65
52159,61
52537,33
2043,38
88527,34
89759,33
50229,105
91392,59
84204,87
95221,61
91563,56
93298,37
92473,47
93316,46
48322,265
96004,54
100658,35
99801,40
70998,37
102475,84
102850,57
72541,61
63005,35
70213,192
52770,61
60035,153
72168,91
49632,63
79010,75
75546,60
76453,43
48971,94
82695,90
61972,43
63840,81
71253,33
64166,36
55268,414
70081,93
56856,41
50271,93
85751,56
57523,88
77643,65
56291,145
50284,37
55955,75
45225,72
73613,34
71261,48
63670,179
49341,110
62910,34
72851,72
62075,109
84123,73
68765,73
58729,131
50862,110
55493,487
72118,235
71458,109
60114,34
75685,37
59547,40
47624,33
90815,40
76613,64
65199,84
74224,34
74477,628
70499,47
53064,33
91290,37
55724,141
59455,47
78119,52
65330,180
80926,39
81104,56
67682,83
65596,57
61411,93
95710,361
68284,43
58697,39
78109,58
68641,74
43593,274
57142,85
74259,43
57353,37
75991,132
52483,143
55317,59
53022,103
49165,58
84430,258
91442,34
68166,120
73492,38
76258,43
61534,132
74267,74
74377,88
57665,108
77312,42
69932,68
70557,310
56381,61
43217,33
85738,80
52846,34
55095,50
55085,1233
64093,61
55161,619
47884,66
93857,71
71032,184
52801,211
94313,36
61770,43
90008,58
83446,64
84225,34
73061,37
62894,108
98840,36
91101,63
67130,38
49506,93
48680,353
59330,77
8419,86
59628,97
53603,43
66754,51
58873,68
53758,47
82874,38
19074,42
8475,42
59875,367
68058,74
24576,52
56262,227
58747,55
61673,75
68515,96
63657,117
63573,49
63560,47
53254,56
78437,37
57295,45
35431,66
53082,48
82343,58
89118,97
52197,42
39281,43
50859,409
43185,54
47542,86
78156,35
51932,74
45860,43
45842,42
72617,49
46929,132
46927,93
81577,33
46349,215
88141,64
48488,40
47776,39
69618,218
69487,89
40739,35
48178,98
74117,86
48283,151
47650,52
49071,45
75706,94
50008,283
50142,73
50878,82
71516,63
50646,602
45390,40
52158,33
57463,33
52562,64
52935,58
64101,38
52656,112
49267,72
53795,91
52885,251
53027,49
54867,49
53779,130
54370,95
53955,56
82015,72
54297,69
54223,58
54733,1022
62613,57
78201,62
55766,153
56118,41
56013,58
56304,42
75383,237
74503,123
11299,95
47356,35
48869,64
56888,39
56938,72
57182,51
57187,67
47695,42
36747,90
92350,117
57965,62
58156,334
58161,247
58041,76
60282,179
49606,115
49961,35
59207,185
59204,80
52930,73
60353,48
60519,76
66597,39
49260,35
60603,46
51669,91
60989,68
60978,50
61165,46
61115,40
60295,90
61262,49
64282,152
61610,98
61654,34
90402,36
61317,133
82191,78
87793,50
62219,186
62886,41
62511,37
49924,51
62513,61
62405,36
62836,94
62999,67
49013,84
72423,58
50620,38
63717,124
83218,71
71673,40
64455,271
64923,38
65322,41
66833,35
67185,59
66922,90
67761,50
69101,203
69106,125
68444,152
68662,183
64763,214
68930,45
69180,41
68510,57
71932,40
69332,396
72447,35
69701,47
69513,181
70147,121
70397,58
70389,37
70759,38
70938,99
70633,54
70439,79
88768,36
70643,110
70796,69
70867,87
71484,65
71703,37
69911,63
68389,54
85675,43
58085,34
73311,134
71563,47
71668,35
80684,36
76863,163
80700,34
72068,52
72084,79
72128,60
72076,92
48677,137
59783,36
72772,73
72567,202
88016,34
73702,47
73040,174
74414,205
74511,88
74416,78
74167,43
75302,48
75081,93
82414,71
86564,51
76895,62
46633,71
91450,40
52478,428
82002,56
56097,73
76251,50
73161,94
77706,227
76427,134
53921,53
53861,86
78122,170
78482,172
79039,55
78316,64
79238,50
80865,87
73904,187
80597,49
52473,234
50184,38
84041,36
81640,38
82351,45
82060,38
43645,67
84551,129
82685,40
87454,42
62169,62
83867,49
83746,38
66762,62
63956,67
92010,131
95923,41
84897,113
85725,50
84992,43
85312,52
85433,33
86624,54
86003,51
85680,62
66954,39
86091,57
86306,61
50050,124
84918,50
84414,61
66011,51
70712,96
87470,50
88058,437
79748,57
79753,97
75249,37
46275,138
73290,41
71903,52
71756,39
91293,60
58143,68
81464,35
92117,62
92260,66
75449,42
93731,50
78030,96
94273,77
62227,46
61623,63
94188,55
79128,39
96746,55
68410,38
97008,45
100140,104
54128,88
58104,286
98230,46
89446,50
71353,97
100695,46
87885,48
72467,148
69458,41
67048,53
62713,39
67521,44
44252,37
56420,159
60642,34
63854,65
61364,53
46751,39
71111,101
64303,48
60802,69
65251,33
45156,65
46764,82
48067,47
49244,59
54817,89
53472,64
60185,45
60789,129
61880,128
62786,37
63880,33
70263,108
73523,53
61194,52
52630,60
50938,168
48727,35
56307,72
52975,132
63359,42
49257,54
60214,177
50131,97
57305,81
46401,47
52068,52
62946,79
48252,39
39006,50
40634,35
48136,46
78928,41
8278,64
56601,49
47416,70
56299,64
55887,128
49590,213
55082,155
47037,34
48446,34
43727,64
58500,87
73489,36
16919,62
58755,38
38214,41
55700,41
47466,44
31994,37
51714,89
49819,53
45684,37
45970,53
46535,82
46680,99
46727,54
48354,72
50959,33
51942,44
52423,50
53404,86
53816,36
55695,62
56659,43
57174,115
59165,75
59623,37
60303,53
61391,45
61914,44
62626,126
62789,53
63002,36
63494,99
63961,33
68817,56
73626,35
75068,46
80902,57
57865,72
48890,57
74041,46
52433,50
54646,44
44630,38
45309,35
47003,44
49241,43
52557,250
49801,45
46824,51
46843,240
46916,154
48979,42
52670,99
50901,143
51616,54
51795,73
52310,85
53145,39
50431,120
55879,39
57360,34
57484,49
57696,40
57699,36
58028,48
61359,34
9515,88
67974,33
70174,94
73539,40
83239,58
56945,38
43763,38
50828,70
46065,49
47089,57
49496,45
49693,101
50108,42
50636,89
51958,62
58663,34
60169,63
46735,66
49296,178
48157,37
48559,51
51270,33
3708,68
3923,40
4,293
78,396
172,184
180,46
255,142
256,140
314,113
324,129
356,375
482,45
483,359
615,66
632,387
649,289
674,600
799,112
934,42
1067,143
1076,536
1353,380
1464,257
1621,205
1622,431
1698,116
1890,194
1998,668
2062,1415
2248,99
2347,240
2625,829
2726,253
2802,1048
2943,82
2986,82
3077,245
3271,676
3320,122
3363,291
3547,1831
3648,722
3865,912
4382,69
4398,996
4399,407
4400,109
4507,1380
4560,284
4608,135
4859,264
5096,898
5104,90
5311,278
5337,138
5480,661
5739,1983
5756,579
5815,34
5959,1388
5965,425
5966,161
6148,1580
6241,754
6425,75
6434,314
6869,44
7330,154
7422,85
7723,224
7731,433
7732,138
7858,2511
8178,101
8521,345
8571,479
9065,2984
9168,83
9307,195
9861,84
10181,164
10243,33
10437,275
10865,52
11518,283
13660,838
13661,243
13763,41
20,98
29,412
37,288
62,54
171,321
271,206
665,146
783,42
968,147
1126,965
1127,202
1136,1555
1143,275
1346,94
1773,335
1891,164
2088,51
2180,1155
2181,668
2255,202
2257,63
2265,661
2306,1306
2307,323
2374,366
2607,145
2609,97
2642,75
2666,370
2785,405
2799,496
2825,295
3018,451
3019,187
3135,161
3169,350
3313,247
3437,1180
3438,1063
3523,5101
3605,110
3630,76
3739,142
3999,271
4050,851
4058,449
4171,41
4574,381
4625,189
4819,59
4919,786
5765,316
5842,823
5982,86
6340,362
6398,39
6651,275
6659,470
6752,326
6802,328
6853,85
7154,108
7682,576
8403,69
8680,109
9978,99
10511,504
10513,268
10514,356
12182,34
12312,81
12631,198
12656,288
12657,219
12998,55
12999,133
13042,491
13360,301
14232,128
14428,310
15359,43
21,169
28,99
54,1258
61,311
95,263
97,1267
121,145
130,66
146,395
147,173
164,126
213,447
221,57
222,240
230,44
231,288
247,220
248,287
254,170
306,204
315,359
330,393
340,469
357,199
398,109
431,203
432,107
433,42
473,43
474,87
516,51
522,66
565,409
572,41
675,969
700,107
776,282
792,181
802,106
809,119
817,362
834,54
884,134
885,172
942,95
943,89
945,318
960,169
995,685
1018,257
1019,248
1027,51
1044,150
1102,119
1110,76
1111,100
1117,67
1153,58
1186,38
1219,362
1220,1021
1296,33
1303,223
1336,76
1337,71
1404,189
1412,69
1413,160
1420,50
1421,48
1454,60
1473,78
1513,44
1537,202
1538,83
1613,78
1629,245
1638,141
1663,289
1714,199
1731,261
1738,212
1739,153
1788,67
1789,236
1798,601
1924,38
1949,123
2080,41
2081,233
2114,37
2171,116
2189,320
2247,50
2382,192
2431,96
2440,205
2449,51
2475,91
2525,437
2551,59
2608,40
2801,33
2842,82
2902,104
2926,148
2927,249
2952,460
2962,504
2995,187
3003,121
3110,52
3253,168
3254,355
3270,103
3295,69
3296,82
3347,102
3354,66
3379,240
3387,232
3473,34
3489,49
3490,33
3705,87
3706,100
3714,259
3715,229
3749,35
3782,367
3790,58
3848,221
3849,165
3866,288
3882,562
3908,59
3958,58
4009,36
4024,120
4084,82
4085,122
4113,320
4114,178
4121,140
4122,33
4147,115
4197,141
4198,151
4290,181
4291,157
4314,340
4323,109
4324,335
4524,139
4541,187
4542,52
4550,307
4568,118
4576,591
4577,108
4584,265
4666,84
4667,262
4675,119
4700,77
4766,72
4767,118
4768,288
4775,957
4810,484
4826,40
4852,100
4876,184
4877,89
4893,35
4902,582
4903,146
4909,1513
4935,4415
4943,177
4944,96
4945,35
4969,120
5153,56
5177,186
5245,36
5261,54
5262,67
5270,52
5303,100
5304,58
5387,389
5396,41
5397,69
5404,265
5405,268
5437,226
5438,50
5456,179
5463,53
5573,97
5589,39
5590,233
5631,269
5655,46
5664,850
5740,238
5772,95
5789,250
5790,180
5798,55
5949,182
5950,345
5968,64
6000,316
6001,254
6085,112
6126,137
6143,495
6147,322
6155,120
6181,135
6197,174
6198,99
6298,407
6324,95
6325,34
6332,114
6467,99
6483,73
6560,61
6577,989
6626,110
6634,385
6635,224
6700,81
6733,40
6786,43
6860,129
6978,33
7020,186
7062,484
7146,165
7178,74
7187,396
7188,47
7194,316
7278,468
7296,54
7304,193
7371,53
7388,211
7404,84
7438,78
7439,120
7455,38
7474,35
7481,94
7497,114
7514,263
7591,133
7598,88
7757,171
7815,2501
7825,3335
7866,156
7875,135
7882,2510
7967,333
7968,37
8142,108
8194,75
8235,254
8261,1181
8284,42
8537,162
8538,252
8579,93
8690,288
8721,164
8863,124
8865,80
8873,316
9008,44
9024,44
9025,1904
9158,49
9201,1045
9209,98
9217,298
9360,102
9374,74
9375,64
9526,116
9567,136
9576,103
9577,123
9627,66
9727,130
9742,43
9751,154
9852,37
9935,348
9962,53
9970,48
9979,82
10005,295
10104,54
10105,62
10121,86
10122,93
10188,58
10189,817
10238,79
10239,238
10244,64
10302,270
10353,44
10470,462
10597,113
10614,160
10731,178
10763,75
10864,69
11083,166
11116,190
11182,119
11274,75
11360,100
11450,131
11544,54
11703,381
11770,313
11836,100
11844,100
11862,40
12021,48
12071,48
12080,1373
12156,55
12232,217
12248,123
12361,110
12404,92
12464,44
12504,94
12505,105
12513,144
12514,37
12640,67
12671,43
12956,39
13006,392
13049,95
13268,33
13292,187
13293,112
13391,123
13837,39
13879,107
13912,241
14097,95
14139,154
14206,70
14241,180
14315,63
14344,103
14421,133
14548,178
15326,117
15327,335
15328,67
15410,144
15544,64
15770,295
15879,34
15945,502
16055,221
16105,477
16911,1074
17340,86
70,42
104,131
238,816
447,542
466,114
490,200
909,116
1134,1003
1135,74
1295,63
1446,105
1447,86
1522,56
1546,309
1840,33
1841,105
1864,36
2061,85
2095,41
2096,208
2188,125
2417,83
2483,501
2484,833
2490,241
2524,174
2541,777
2592,676
2725,244
2733,83
2766,94
2901,290
3069,784
3227,112
3228,115
3287,188
3362,64
3430,1324
3689,190
3858,57
3915,183
3916,102
4008,53
4105,618
4307,53
4341,33
4525,57
4575,69
4632,120
4658,43
5102,125
5178,166
5320,817
5363,487
5430,1212
5656,137
5681,156
5698,54
5706,39
5782,157
5942,92
6075,49
6164,89
6165,162
6550,286
6643,319
6652,98
6692,35
6826,101
6868,75
6935,74
7088,1264
7121,40
7129,130
7590,776
7681,1041
7806,40
7823,336
7859,66
7865,262
8151,113
8251,90
8351,178
8470,43
8471,167
8906,167
8914,718
9175,38
9223,140
9224,441
9467,134
9468,997
10671,57
10905,33
10915,79
11023,79
11024,133
11316,64
11393,55
11510,201
11517,575
11828,343
11895,124
11896,130
11911,35
11954,57
12281,60
12487,398
12521,52
12531,115
12707,225
13126,56
13762,97
13904,590
13905,541
14063,86
14496,166
14990,180
16652,972
17173,255
17442,41
18297,136
45,37
79,66
440,198
532,143
682,124
708,77
758,34
759,82
766,69
767,68
768,121
785,44
835,34
842,46
852,117
858,333
893,40
1011,84
1805,78
1806,91
1984,1198
2071,729
2550,321
2783,48
2978,141
2985,472
3045,222
3346,79
3353,39
3456,77
3539,161
3540,81
3799,410
3965,740
3966,2441
3968,123
4076,39
4139,35
4155,100
4239,154
4240,270
4417,40
4466,87
4467,54
4551,131
4559,35
4750,719
4818,657
4936,580
5103,48
5295,89
5296,215
5672,182
5865,69
6399,86
6508,48
7212,63
7454,113
8427,41
8939,728
9308,347
9333,36
9702,39
9902,544
11025,34
13015,64
13109,42
13736,995
14062,83
14299,67
14361,129
14429,87
14572,100
15042,41
15183,172
15251,124
15411,247
15510,35
15511,90
15594,546
15979,71
16703,138
16704,108
18002,940
181,82
1093,77
1227,46
3187,204
4015,51
5673,78
7690,216
9543,40
9544,66
9937,78
12081,37
12462,272
14248,408
14714,45
14834,89
16696,59
80,46
138,204
187,52
531,34
566,100
573,39
616,89
952,305
1177,136
1178,196
1294,42
1589,55
1596,188
1974,713
1982,169
1983,38
2000,362
2001,1851
2113,67
2122,152
2398,139
2423,154
2424,199
2491,160
2582,581
2649,100
2716,207
2717,190
2775,333
2792,40
2793,83
2835,39
2851,250
2852,412
2859,163
2909,99
2910,231
2919,331
3011,1280
3012,188
3062,71
3134,104
3137,74
3177,215
3178,203
3186,175
3211,1466
3303,93
3388,107
3580,209
3581,73
3588,57
3723,122
3765,126
3874,709
3892,127
4000,45
4001,59
4189,55
4214,57
4238,166
4264,139
4265,406
4390,244
4609,76
4633,125
4641,118
4642,274
4692,68
4699,236
4742,164
4835,63
4959,255
4979,61
5095,689
5145,120
5151,208
5347,78
5388,682
5414,36
5471,390
5624,35
5632,180
5882,302
5991,305
6026,45
6125,696
6205,41
6222,122
6223,50
6224,74
6257,249
6264,521
6273,34
6365,683
6381,426
6382,405
6415,88
6416,65
6417,99
6424,130
6433,85
6441,100
6468,152
6474,123
6500,87
6568,124
6684,148
6693,271
6776,124
6777,37
6961,97
6970,62
7244,448
7279,141
7311,149
7313,97
7347,128
7413,506
7523,74
7524,138
7564,305
7565,296
7582,52
7600,41
7632,60
7633,78
7706,247
7707,78
7722,363
7739,47
7782,67
7789,202
7891,139
7892,410
7916,99
7983,36
7999,135
8034,47
8042,65
8052,34
8101,96
8135,69
8145,35
8210,332
8211,510
8328,108
8344,34
8453,36
8454,112
8486,37
8496,69
8546,305
8547,72
8620,36
8689,114
8738,53
8888,51
8964,112
8965,129
8982,106
9048,53
9057,67
9082,61
9098,37
9099,224
9115,87
9267,82
9299,43
9384,110
9391,114
9610,312
9895,66
10054,244
10062,124
10063,98
10081,52
10088,52
10113,162
10327,128
10596,52
10689,155
10690,70
10706,53
10747,66
10779,157
10805,63
10806,44
10889,34
10899,95
10989,46
11015,211
11235,42
11251,42
11351,255
11358,98
11384,198
11576,168
11704,168
11912,170
11929,236
12004,532
12064,136
12095,33
12214,122
12294,162
12311,286
12353,383
12354,280
12488,132
12538,145
12604,44
12715,40
12822,61
12830,102
12856,43
12990,53
12992,50
13007,85
13075,178
13082,368
13083,61
13092,183
13108,73
13142,209
13149,194
13310,35
13359,123
13426,37
13427,81
13434,33
13477,39
13510,72
13543,278
13544,45
13551,281
13587,42
13610,44
13636,284
13712,117
13829,33
13913,277
13963,49
13989,52
14012,85
14079,48
14147,54
14231,1267
14388,157
14396,142
14420,550
14521,39
14522,137
14571,122
15108,49
15109,250
15152,183
15168,33
15192,69
15292,41
15318,447
15417,99
15518,56
15712,284
15730,70
15763,54
15938,137
15962,471
15963,136
15972,62
15988,89
16048,78
16063,50
16122,140
16241,169
16315,330
16402,298
16509,107
16602,230
16745,91
16746,43
16755,76
16788,216
16864,111
16913,145
17148,230
17508,765
18145,78
18163,70
18212,38
1781,40
114,906
523,203
3244,42
5321,127
5731,155
8730,58
8864,35
9483,35
9602,124
10337,76
10697,154
11183,54
11536,33
12438,66
12748,37
14924,76
15377,504
16106,130
16763,73
17282,61
17525,165
17635,79
1765,49
2222,262
2945,85
4776,90
9125,52
12654,39
12849,58
2918,142
7087,81
14205,146
17634,113
4842,265
6952,45
7314,36
7650,54
7740,128
8102,63
8218,61
8697,39
11485,39
11803,34
12198,73
12257,135
12497,68
12537,71
12939,60
13100,37
13779,141
14446,85
15201,84
15209,39
15218,51
15418,96
15680,44
15737,68
16123,59
16754,74
16795,150
16838,502
17483,262
17769,64
17794,107
18053,87
18204,92
18865,50
348,68
441,94
457,94
458,62
1848,93
2230,61
2624,278
4075,152
5288,37
5816,60
1908,68
2224,93
11,68
12,94
868,248
1260,40
1579,50
1849,150
2017,577
2533,356
2658,142
2659,294
3028,87
3522,62
3638,33
3662,57
3663,106
4059,36
5028,174
5354,66
5839,60
6156,33
1772,61
2508,36
2959,47
5355,53
633,53
892,113
1857,45
2323,135
4912,40
507,169
1034,51
1287,35
1496,91
1688,64
2164,89
2197,55
2213,54
2214,82
2221,82
2231,34
2239,275
2240,35
2280,92
2281,147
2297,115
2583,79
2700,523
3496,91
3530,48
3831,49
4450,57
4843,299
5045,57
508,159
1151,50
1152,96
5329,39
1480,79
2137,211
3127,42
297,51
450,152
910,412
1354,33
1563,51
155,194
1697,74
2033,48
1345,83
1756,115
2331,69
2008,380
624,51
1931,117
2147,57
6384,34
7790,77
9022,52
9527,45
10494,183
10504,167
11409,87
11669,54
11845,79
12238,66
12240,127
12345,62
12455,146
12471,123
12563,62
12648,119
12839,75
13058,35
13318,65
13325,69
13393,102
13394,62
13645,372
13653,60
13771,97
13896,60
13988,38
14056,43
14156,96
14222,51
14223,391
14257,148
14265,50
14405,256
14464,205
14480,96
14505,287
14808,85
15167,103
15343,64
15678,61
16385,72
16443,159
17014,60
17063,49
17474,97
17641,38
17725,78
18020,50
18103,82
18356,106
18364,59
18406,376
18453,67
18636,213
18646,60
18662,37
18669,911
18839,54
18846,204
18847,164
18848,205
18855,61
18879,44
18882,122
18889,95
18898,104
18939,2557
18972,42
19014,246
19021,109
19030,38
19056,35
19123,406
19197,297
19200,196
19206,411
19417,33
19735,51
19886,303
19888,207
20103,127
20104,338
20170,635
20187,59
20188,65
20196,452
20296,40
20297,122
20364,132
20619,44
20712,199
20898,73
21004,57
21181,139
21250,43
21257,510
21334,104
21477,63
21525,196
21558,188
21567,132
21686,38
21693,86
21719,164
22045,211
22120,232
22121,282
22179,73
22645,41
17784,94
19642,121
3102,122
17106,116
21494,162
1957,33
21618,476
21619,427
4138,56
12264,55
21325,33
22372,41
21290,527
6215,395
6902,803
6767,798
7457,42
8495,79
9032,69
2007,60
2332,88
2357,88
2400,48
21308,89
12045,46
10495,38
21223,257
10131,51
11033,109
17224,121
17458,93
19005,35
12239,76
12274,66
12480,89
17283,54
15100,47
12639,49
12647,70
12823,61
12982,64
18795,73
13183,55
13654,56
13746,65
13770,43
14105,70
13971,59
14379,153
15939,92
14638,146
14639,53
15225,50
625,56
14138,148
15185,34
15286,81
16510,50
16512,43
15603,124
15846,94
15854,35
15855,52
16115,49
16688,88
17107,150
17114,60
17524,35
21862,72
17676,105
17835,170
17726,185
17744,59
18672,206
21972,90
18186,41
18510,53
18738,37
18745,47
21434,67
19350,103
18780,244
19063,35
19334,67
19375,1845
19929,46
19425,50
18881,59
18888,41
19618,445
19608,53
21038,111
21040,83
19685,223
19869,97
20256,109
20289,814
19878,147
20053,386
20203,45
20339,35
20805,214
20688,255
20620,80
21443,34
21433,111
21625,40
21669,301
21710,77
21988,67
20846,108
21829,70
22465,147
22873,216
14965,48
20130,179
19709,40
19173,203
21383,83
14513,374
22170,362
22180,151
13150,254
16308,44
12731,54
14647,164
14697,188
10371,201
10378,52
10394,222
18862,94
15537,55
19777,144
22036,160
22037,81
27822,850
2105,181
8260,49
19165,79
19669,390
25772,320
26209,137
26317,217
26368,89
26536,123
27689,368
28393,66
1755,48
7573,457
7765,62
10387,65
10663,56
10772,65
12454,50
12983,36
13193,37
19575,50
19643,72
19895,146
20129,396
20237,37
20238,63
20246,57
21410,46
21742,39
21744,40
21752,127
21903,53
21919,56
21929,503
21987,34
21996,60
22273,376
22466,36
23033,610
23719,301
23728,54
23955,65
24272,43
24307,68
24397,1003
24414,93
24431,155
24447,688
24449,190
24450,395
24507,118
24615,1013
24625,50
24692,100
24834,267
24952,258
25036,70
25278,53
25329,35
25621,110
25665,70
26015,38
26067,177
26300,76
26410,776
26527,266
26537,74
26596,42
26675,347
26699,53
26708,355
26750,265
26835,944
26901,80
26936,281
27088,71
27204,57
27245,39
27270,1384
27330,202
27371,115
27414,168
27623,34
27740,36
27816,148
28041,52
28108,127
28207,71
28226,34
11594,147
14814,38
15235,46
19794,37
19795,101
20323,392
21333,155
21602,42
21869,54
21945,52
22280,187
23368,134
24222,41
24339,201
24532,49
24598,35
25380,40
25438,459
25581,63
26183,855
26986,123
27195,47
27487,44
27633,45
27679,35
28159,72
28191,250
5556,233
5565,72
17852,35
17927,47
20054,73
20270,51
21759,65
21828,197
23165,142
23635,88
23643,125
24582,99
24835,34
25062,69
25160,1008
25254,203
25330,72
25456,97
25639,56
25874,48
25891,759
25925,92
25949,125
25991,67
26200,61
26225,72
26301,130
26578,62
26613,109
26717,70
26742,41
26792,97
26825,127
26886,33
26943,234
26959,94
27028,100
27160,53
27178,123
27253,49
27320,58
27329,154
27346,40
27354,37
27379,77
27404,45
27472,240
27522,38
27540,33
27615,36
27630,64
27631,56
27790,304
27831,675
28001,126
28051,259
28059,73
28118,36
28134,35
28200,37
28268,56
28283,305
28621,71
28675,335
28716,166
28792,37
28793,507
28876,86
28945,1853
29019,90
29020,249
15268,53
21391,42
1932,127
2390,35
8956,53
9492,48
9603,46
9745,38
10180,43
13125,50
13141,43
14258,112
14472,260
14514,222
14648,59
14907,59
15277,38
15922,73
16383,45
17566,384
17777,38
18221,119
18287,157
18288,59
19198,58
19407,46
19492,45
21358,35
21718,107
22044,35
22171,179
22188,38
22390,50
22474,45
22570,36
22712,67
22713,46
22738,136
23024,73
23215,500
23266,136
23291,52
23292,59
23544,53
23610,50
23659,593
23735,40
23752,53
23946,242
24038,43
24039,38
24289,116
24415,48
24616,98
24665,155
24666,845
24682,98
24817,737
24818,488
24842,572
24843,33
24868,605
24918,927
24925,83
24926,50
25011,184
25018,43
25101,584
25118,46
25161,209
25177,154
25563,82
25755,35
25890,58
25975,125
25998,47
25999,219
26024,48
26075,111
26101,90
26283,133
26318,36
26367,93
26766,217
26775,271
26962,781
26968,132
27144,118
27523,1116
27590,35
27825,34
27841,1403
27857,62
27999,172
28008,91
28125,63
28210,64
28216,257
28318,83
28344,84
28469,98
28528,248
28768,490
28819,36
18611,93
120,60
4274,59
13235,35
21812,54
26284,85
27370,152
27513,46
28700,39
17164,64
28801,96
14973,76
23164,107
23485,56
25539,98
27397,48
27471,89
27656,72
27858,59
13218,51
13243,40
15202,89
21946,180
22111,36
24716,46
26953,53
27664,113
28818,47
28919,99
14656,95
19174,97
20287,95
22890,90
23008,70
24055,49
25748,53
25765,84
25898,49
26776,82
27438,59
27949,46
28267,87
28351,63
28511,42
28835,49
29221,51
29447,397
29624,370
29823,40
29824,218
29909,36
29925,816
30058,160
30175,244
30487,34
30496,428
30662,43
30696,189
30733,129
30911,294
30926,45
30995,189
31096,159
31146,95
31278,38
31296,40
31607,43
31699,41
31740,681
31824,54
31941,60
32025,166
32327,303
32386,136
32579,487
32663,70
32690,95
32845,56
32938,39
33114,152
33157,43
33207,35
33257,236
33381,434
33498,68
33918,195
34003,92
34010,79
34170,37
34179,405
34195,578
34204,359
34254,70
34311,74
34495,69
34547,59
34657,40
35014,38
35250,61
35332,191
35407,42
35425,126
35433,446
35542,53
35559,105
35617,66
35618,164
35744,37
35836,45
35918,184
36087,103
36163,37
36363,135
36429,534
36505,252
36514,912
36564,93
36565,34
37057,54
37131,254
37266,449
37441,148
37491,39
37499,33
37642,57
37668,58
37709,212
37794,1219
37885,68
38019,59
38087,51
38120,67
38121,72
38154,358
38514,689
38784,195
38799,133
38815,46
38858,115
39182,62
39635,44
39693,52
39803,96
39936,46
40531,110
40799,42
40934,70
40983,92
41084,52
41243,209
41496,37
41505,58
41512,48
41975,202
42047,227
42049,56
42176,52
42821,198
42879,38
42947,119
43186,158
43403,1225
43506,172
43764,93
43782,53
43898,125
44528,70
45253,555
45613,129
29211,60
25430,188
22739,66
28776,45
18422,125
29354,415
37811,288
34405,312
42234,204
37198,39
44469,175
40850,181
34514,45
8334,63
8830,39
28327,58
29848,43
46084,357
14933,65
16206,856
16552,57
43404,50
44149,273
28343,79
37917,159
37047,67
31019,402
33448,77
20380,45
16460,37
33224,49
34129,60
37432,103
36914,35
35474,52
38103,49
42326,103
24281,43
38229,47
24959,59
25496,71
25688,35
25722,48
32886,207
26091,119
13008,35
37576,159
38027,253
38028,237
38086,148
27079,221
28529,48
27380,100
24433,86
29749,110
29790,51
32671,140
27539,34
27933,33
27866,58
19139,300
28260,117
28250,150
28251,1063
28201,94
28284,90
37458,363
28620,63
28663,166
28775,86
28810,461
31163,49
29146,34
29171,68
29313,34
19626,42
40028,41
29841,45
30419,34
32597,42
31036,35
31037,127
31095,36
29497,351
31205,323
33566,312
35775,285
35828,60
31280,446
31548,37
31531,47
31456,163
31631,55
33056,213
31640,58
31641,46
31497,430
30067,408
31464,92
32026,70
32195,69
32503,116
32504,95
32562,144
32511,337
32730,114
30902,217
30903,186
32705,36
32647,39
32713,43
32787,99
32820,72
32844,459
32996,73
32997,55
33055,41
33314,48
33777,201
33935,39
33900,115
33147,65
34237,79
34229,62
34312,69
34404,41
34697,64
34522,132
34538,186
34764,129
34879,45
35022,71
5513,171
35064,37
35558,50
35465,53
35406,358
43496,92
37786,70
35323,39
35439,130
35761,81
35482,124
29437,43
36069,66
36203,62
35785,137
35943,87
36037,60
34497,36
36446,57
36371,43
36530,43
36347,37
36715,38
36379,105
36639,83
36698,419
36597,246
37014,76
37081,86
37089,194
37090,59
37164,362
37267,234
37389,38
37390,41
31899,114
33449,539
37516,36
37819,55
38147,62
41144,62
44888,54
38564,41
38472,45
39317,34
38716,115
41503,71
38605,35
38850,91
38891,97
38892,68
39015,102
18612,152
39005,42
39048,36
39107,39
39055,39
39283,48
39284,83
39097,50
37744,290
39417,62
39592,48
38523,83
39432,97
39475,103
39896,69
39802,77
39969,128
40433,80
40061,49
40357,95
41026,49
40364,77
40479,71
40632,51
40826,320
41001,64
40976,810
41067,42
42158,164
41120,133
42611,53
41319,68
41330,87
29807,131
44040,135
41689,138
41848,99
41849,250
41874,91
41974,105
42167,70
41841,62
42090,61
42259,82
42267,61
42436,40
42452,52
33122,135
43991,41
42560,121
42561,214
34137,107
42577,43
42601,63
43094,33
28193,36
43093,104
43127,43
43161,78
44552,227
43463,437
43545,76
43605,470
43822,153
43663,112
43681,72
43831,96
44436,245
44444,99
44855,124
41170,185
43866,161
43874,113
44083,33
44519,59
44183,66
44174,210
44242,738
44283,161
44662,42
44686,83
29657,448
45101,264
45311,169
45237,70
45330,150
45337,244
45346,180
45589,33
45682,33
45798,51
45865,43
31591,226
27388,35
46124,216
39937,64
41688,166
34640,193
46191,191
21392,33
40272,69
34094,60
39216,236
29833,113
44862,202
32740,591
36981,120
35609,56
37785,35
41538,48
37038,126
37040,83
33139,89
33140,306
45915,53
45916,339
41488,59
41151,1314
41153,159
30929,59
36887,34
36888,41
40004,50
44301,82
46210,63
32227,106
24221,34
42761,114
11459,42
33708,56
33717,40
33718,53
35349,78
35442,166
35449,63
35508,182
29633,60
11570,121
36322,87
36395,448
36454,215
36455,38
36479,183
36488,55
36489,83
38421,675
38505,243
38955,55
45473,342
38094,112
42771,121
15075,61
15076,44
39692,63
39961,40
30294,157
26520,116
41362,50
43789,783
40791,53
40606,53
29128,64
34445,83
35850,41
38698,82
31197,131
34471,42
986,39
44419,47
18923,85
38808,40
42369,45
40080,62
44938,88
41899,48
43965,94
45170,46
33901,63
34521,40
42855,64
35398,46
39375,58
36921,51
37818,35
38004,34
38489,38
38842,34
39173,167
40247,65
41353,42
43363,191
44067,34
44805,70
45320,56
45338,64
45790,35
46513,43
46603,84
35106,37
33792,40
35525,88
44811,102
3429,221
33558,33
44930,149
46437,201
28174,45
30996,130
41748,97
43656,61
7264,46
46192,48
46167,34
46469,48
46554,132
40639,33
44394,80
67229,327
67771,366
46487,418
59344,47
68943,50
80933,38
53196,36
82301,37
54535,403
46227,49
54678,575
49803,114
55214,44
56821,84
35256,48
72484,65
55343,35
56333,128
67604,1176
67063,76
90683,44
69863,150
55189,297
72475,92
71254,42
71103,56
71711,67
76237,38
51681,95
61827,90
79747,111
36556,106
36555,68
80824,82
89025,36
94584,447
79839,43
78037,61
98187,69
79764,334
67455,93
56426,38
70987,33
56268,44
58338,67
7063,156
49721,203
57492,265
48133,106
30962,44
50644,55
24432,35
54140,62
59743,60
54827,83
62523,818
62532,540
62815,832
66341,352
66836,109
67661,55
68249,103
55606,66
80666,55
46989,194
70435,33
72391,114
76849,189
53797,70
74170,41
81958,132
84437,41
84025,54
42140,74
69974,61
73482,38
88438,33
95767,90
44712,59
46754,313
49519,201
61185,53
56929,40
46947,60
79007,36
66616,34
67203,219
87537,35
69079,87
66417,34
60221,449
76479,40
56822,38
67211,232
54577,89
3682,39
47388,47
77755,35
67997,141
73740,57
57422,86
81959,85
54735,270
80229,41
19307,54
89897,59
87711,64
79311,39
55282,46
83984,74
71473,56
80256,202
79553,34
40097,118
69796,39
68559,65
55038,41
51368,279
48530,176
86161,84
78749,46
50434,72
64607,37
74019,47
85997,46
73953,51
62900,101
46821,309
54761,1070
39752,54
58094,51
82151,83
80615,70
80950,63
93431,43
103829,47
70618,40
69780,97
97465,37
87361,90
70776,35
93187,219
73767,375
29062,33
29096,49
56927,49
1662,89
66223,75
66023,107
44134,44
44133,53
5421,93
6919,120
46922,235
57658,34
20813,55
34724,65
80725,47
83427,89
21905,60
86932,54
23435,36
78631,271
23861,54
74497,94
55172,44
60146,56
58673,172
78531,38
59584,38
79176,180
44964,63
45151,61
47614,34
46980,238
47355,620
47481,360
59092,65
48226,688
48336,134
48200,36
48513,54
48520,98
48796,34
49175,34
49914,37
50165,80
52721,34
50544,223
52534,146
52535,50
56754,186
55469,55
65001,45
51595,149
51588,122
53156,60
54166,46
57206,268
55412,58
55806,208
55822,129
56233,167
85351,38
56032,37
56100,264
11308,128
56853,70
47882,111
59399,97
39291,33
57089,41
57097,50
57465,40
57751,39
58464,156
62322,49
58899,48
68803,36
59667,54
59769,68
66047,78
60273,118
63311,266
89259,34
49605,432
61885,44
62221,206
60958,72
62875,68
62885,72
63453,47
64154,64
66701,105
67077,36
65436,38
67694,41
67829,40
67813,136
66633,89
42575,92
68047,163
62624,64
63067,37
68375,53
74849,35
70333,83
70384,257
79840,33
71616,53
71188,284
74572,35
73071,64
73106,122
73355,216
73246,80
73833,37
84580,42
74086,72
73790,42
46879,152
43916,43
74797,94
74863,127
72736,58
42376,76
79034,129
76279,55
76715,215
77009,46
77025,47
77460,33
68265,37
57910,80
78665,66
78061,72
80263,49
79951,70
80464,111
80153,64
81050,76
81571,84
81535,68
81629,119
55982,134
72199,249
63886,63
60094,41
82940,43
82679,106
83862,59
69086,39
71245,47
84252,38
60992,92
84663,40
85435,50
85501,46
85099,74
85098,128
85955,44
85971,53
70995,54
83913,60
61728,91
67170,76
87551,97
54979,222
89728,71
65980,58
90258,57
90826,79
91194,49
58906,242
91733,53
91859,43
92172,77
44812,42
92492,36
92551,79
95196,37
74597,84
95295,46
96586,36
96636,38
72485,78
70156,52
66105,45
98722,41
83241,37
74479,91
60113,45
84294,98
62968,62
64826,200
72399,329
49159,45
91089,47
50585,489
52644,47
6492,75
49352,59
58681,57
69455,103
48176,58
67498,369
48737,135
47457,216
57256,124
42870,154
50920,44
49168,80
50575,56
84461,65
50240,74
72911,60
52049,59
62003,35
55122,132
58306,49
47664,35
58548,220
79009,73
91305,71
37735,60
81016,35
71139,64
84151,125
76933,157
76967,73
84009,46
93080,53
80783,70
50752,204
46988,504
83284,55
75644,156
76814,37
73297,156
73591,61
78480,97
79856,141
86957,77
88439,47
97140,68
98680,133
100180,160
64758,74
74865,36
60875,47
77561,47
66987,269
45991,36
82922,42
78933,83
83686,66
86521,40
83394,62
65687,175
50132,101
85091,181
85284,55
65897,90
76303,60
79419,46
67372,144
71523,77
60373,214
53411,75
58254,34
79977,62
52248,108
79910,41
65727,73
68893,160
84168,34
86279,148
62901,58
78289,139
59067,171
70860,186
88831,104
54259,561
51780,188
73892,82
42778,36
77318,173
57139,73
58112,34
74464,866
81252,535
67119,74
49023,191
41595,55
71029,99
76328,161
52039,107
80264,99
65737,123
75394,384
88730,43
69720,109
44744,40
86580,574
55799,319
65345,49
23057,70
61532,135
61552,88
66434,89
82654,158
96451,34
70365,54
57239,39
80625,108
50106,66
81010,47
92736,65
26259,40
77843,52
86438,76
57197,57
48653,49
68517,46
56771,55
57977,878
78908,49
47815,54
53312,87
53420,36
80724,33
81611,38
92684,79
47874,33
96552,46
68969,82
50700,272
80112,36
84486,47
95541,49
43739,57
61952,77
69339,66
66022,71
54685,58
25152,102
55089,60
53821,224
59759,108
48250,53
48719,75
27254,79
92610,74
56066,59
28654,40
57013,88
33064,151
33063,39
31984,37
34914,70
51545,37
36002,45
85184,85
90642,39
68248,62
54493,37
39071,33
37425,229
37423,167
39970,88
41118,131
42559,52
55113,75
45992,78
81579,104
46461,60
46470,59
51411,143
86690,54
49528,95
45698,46
49199,105
47615,161
47623,252
48068,80
48234,481
48721,37
56510,101
49024,184
87870,134
58504,127
49880,515
50174,62
49930,84
51079,64
50835,89
70770,83
50718,54
50819,68
51070,42
51242,98
51285,56
61110,49
51537,366
51662,497
86764,148
52224,292
52408,57
52634,124
48779,33
52450,68
53343,44
53965,76
54091,46
84412,88
78146,50
55689,1560
67586,170
56358,43
71347,50
57641,89
57618,98
57651,48
57909,112
58422,41
58824,35
59235,78
58831,215
59000,67
58991,54
58957,171
59243,34
67094,214
60254,101
60372,49
60833,34
60834,51
61378,246
61660,39
65796,41
61938,154
62129,122
63436,40
62187,77
73584,64
63025,54
63353,138
72534,45
63480,42
63076,37
66416,443
64430,58
64457,53
64809,35
64959,55
65719,46
66290,81
66324,49
66566,253
66599,255
67238,53
67896,181
68257,41
47991,449
68861,40
68936,47
69287,57
69170,40
69281,56
69161,50
69003,82
87165,36
69338,111
69424,38
70189,104
71096,113
80455,78
91287,200
62926,369
68392,72
71432,207
71634,113
71720,41
74196,221
72183,33
74213,53
72619,79
48461,33
73140,51
73633,38
73910,107
74521,395
74622,72
75317,40
83794,43
84637,34
81404,36
76916,149
78966,33
71455,41
77695,65
78246,70
78731,49
78130,117
79901,66
80138,57
79485,44
80413,33
73306,193
80957,36
81220,86
81337,55
51813,34
63136,77
82722,38
82420,38
94203,37
83164,58
83266,42
83358,38
56954,54
83668,56
84421,40
84194,33
64961,130
85074,39
85586,36
85878,105
85972,37
86227,131
86790,34
86371,70
66844,678
86471,45
88429,88
68468,46
91220,201
91221,89
89946,36
89504,146
90172,94
94077,36
93558,36
94752,88
49612,38
95139,167
94206,48
98313,39
97159,34
97803,76
97956,91
100777,86
55894,43
50840,72
57143,48
56564,36
86375,140
72847,48
67368,166
52772,47
60074,33
59479,152
43684,57
55718,79
74525,58
69501,75
67784,39
54873,63
75907,110
59947,55
20386,91
45988,54
68404,75
71683,43
82273,33
77021,38
75138,34
50428,76
71644,263
73922,44
79881,53
86692,121
78904,53
47182,38
87993,77
75896,70
53986,437
57863,48
55652,38
49423,33
51909,72
81465,63
89525,33
89825,40
73486,102
55269,207
74485,35
73259,77
72112,84
53033,90
53868,55
88018,275
80911,56
51591,142
73779,80
71059,630
55944,66
44961,167
67182,55
85666,59
56406,163
64058,45
71093,41
50640,330
86995,624
47610,54
67201,38
65466,181
93368,48
79515,103
78066,46
81525,70
77777,126
47044,215
71595,50
78384,59
85121,104
69544,202
70663,75
57010,73
44581,64
61588,86
65484,79
38309,101
65483,156
81726,36
48785,132
50638,531
81021,38
58140,54
79923,63
75889,98
44749,68
73538,92
35220,88
68464,75
51693,183
46993,88
87665,53
100166,74
70020,99
66957,56
83882,70
85739,55
56992,45
79206,57
92013,39
51692,284
69478,34
94623,53
70950,72
86484,69
85229,37
93895,56
69909,38
88752,47
61453,64
52110,59
52361,45
60937,77
90813,85
58771,41
92155,37
67350,194
88358,37
69809,35
77053,66
75830,288
100293,36
68295,56
56675,104
59247,34
96941,114
62058,41
78468,103
72917,88
50429,218
55210,346
64033,46
88676,122
55576,44
41240,136
54321,34
52698,76
17519,36
46567,117
59874,300
68044,48
53843,40
46639,674
61664,94
49667,197
11522,83
63656,79
63655,45
46733,256
60157,41
68746,137
96296,71
53083,71
39187,81
51239,255
77265,194
44582,220
44631,34
45635,201
45501,39
86601,36
46348,98
46818,40
47283,45
47937,40
47444,163
47820,37
47527,118
47626,149
61333,186
95746,71
48089,139
49102,75
49255,178
49516,49
49524,66
75700,134
79257,73
48995,56
48591,34
71518,80
50806,479
51272,90
50648,427
50639,164
51793,192
49893,122
73763,50
52657,117
95093,52
52990,35
59990,314
54120,36
54154,55
54288,70
54582,49
52674,46
45912,281
73043,787
78193,161
96874,62
71050,87
55676,167
55768,37
55769,44
55761,131
79147,103
55994,36
56003,80
76476,159
56463,124
56699,62
57296,42
56725,62
57177,131
58048,48
58049,68
58199,36
58100,139
58644,72
56783,85
49608,44
49332,166
59080,98
59402,58
70053,64
59756,38
60073,45
33561,104
49256,422
60702,70
60922,69
60184,79
61849,33
47870,37
61612,151
61316,56
61315,110
61621,45
62461,37
70763,270
87354,70
62755,50
49851,148
63663,105
62880,433
63054,59
73378,60
63350,136
63356,80
63815,136
65656,80
64277,201
71671,108
64370,56
32106,39
65198,41
65123,38
71259,52
66479,197
66586,33
67267,82
60033,334
73931,42
66982,38
60837,82
67766,33
68052,51
69008,57
59782,37
68428,33
71587,156
9539,55
69182,134
69953,105
68462,159
69935,40
70387,55
61705,94
71191,37
68388,75
68311,40
68211,54
68177,40
71215,80
72463,176
71434,166
73309,268
80694,45
80719,142
80755,36
83740,66
51382,71
73518,36
72121,41
72080,218
72188,86
48691,36
73401,44
73066,104
52338,123
52378,41
73880,34
73923,353
75028,76
74408,34
51356,52
63433,41
75088,106
75130,63
75305,34
75774,40
77130,111
76409,53
91435,38
48240,44
76861,38
81725,75
81140,45
76226,346
76415,108
76610,143
77600,37
77923,122
79667,38
77338,46
75113,171
86239,63
79372,34
80881,66
79851,52
84131,71
79122,46
80192,43
39330,43
69537,107
69536,101
81105,88
72455,39
81548,74
33135,102
82425,38
83068,98
76534,51
74594,37
83051,67
88618,53
62175,68
83623,37
49475,54
84156,104
84231,42
99856,34
84835,44
84549,42
84558,136
67600,34
84853,80
61282,79
86374,96
86002,101
52337,34
86307,47
86409,34
11789,40
87916,98
49279,88
64040,113
56984,68
89204,213
93519,37
89262,38
72104,93
71901,66
91426,124
89893,132
92114,52
92763,71
75447,55
95536,54
79123,47
73905,66
95711,42
96148,101
95554,42
92814,46
97243,82
97871,34
99043,36
101154,43
100160,76
60434,35
47636,41
50949,42
58953,33
61139,46
50361,42
52615,101
59805,36
55635,39
61908,38
63630,37
69344,65
73688,89
47207,34
54463,42
75897,80
52883,146
51970,57
46205,65
29727,39
48508,60
54237,49
57260,33
61764,61
65690,33
55710,39
76627,38
72556,34
42414,60
48400,44
47434,34
55953,34
54521,49
51725,108
68816,46
64922,35
62242,46
53509,33
58508,38
57840,51
50940,48
49508,34
53306,50
53242,34
48313,47
52967,43
78661,33
53760,42
57327,36
78703,41
62260,36
40955,34
45124,124
45484,50
46432,66
46439,41
46908,56
46958,147
47417,114
50505,65
50706,120
50915,62
51314,36
51332,85
51515,70
52446,39
52723,80
52807,33
53017,40
53133,37
53332,99
53339,36
53365,58
57016,70
57436,37
57655,74
57872,64
58243,38
58787,42
58845,50
59129,41
65340,101
66134,42
66159,43
66269,33
66939,68
76877,68
80468,40
61749,73
51943,67
55059,59
51807,56
44798,75
47544,107
47292,42
50321,82
48080,74
45392,71
49069,34
49541,94
50713,373
51281,66
51618,84
54328,111
54345,47
52833,57
52966,93
53927,36
51724,45
55692,40
56707,53
58106,33
59163,79
59572,73
60190,34
63496,39
63782,314
54027,71
71611,84
74399,45
78929,54
75847,62
76225,33
69633,64
47394,54
48307,35
48373,103
50883,34
51953,173
51952,61
56924,90
49683,84
51976,36
53441,33
3427,70
95264,33
95356,53
96342,48
97524,53
97408,124
98546,36
89192,42
99048,40
99492,43
102113,38
103828,38
49796,126
72585,277
67212,62
81966,80
53980,33
69963,70
52191,107
63160,40
82587,155
82159,36
58966,74
44796,75
71631,283
48771,52
51814,286
68007,35
54870,301
62976,37
68415,85
65203,58
62858,184
55513,33
45254,42
61977,36
70946,116
70418,82
75042,37
76857,52
70107,117
47573,99
52401,38
73692,44
54117,99
75082,38
70844,39
86780,63
50927,113
69347,126
77452,76
65336,50
71356,52
73280,133
81714,71
68057,164
19903,61
63395,63
55890,74
68231,39
59143,78
62498,43
64347,65
73348,60
89394,70
41387,34
85309,58
56535,61
76027,179
50602,41
94068,59
49343,77
84789,39
79721,77
62290,58
52728,45
61568,157
70913,96
85208,144
68785,91
69279,81
56577,97
68667,98
53294,69
36640,39
68526,67
77926,34
52374,110
69355,62
95633,72
50124,64
47278,38
61508,55
50358,98
75385,87
43388,34
46685,81
99022,60
92208,46
62246,75
70408,76
68205,36
73793,50
90518,59
72442,34
56176,81
72552,46
66590,34
71514,79
48763,35
77721,33
68912,60
64094,94
60430,182
43983,69
76589,35
76253,69
94222,70
53197,92
29187,540
64062,36
47932,574
76806,41
44561,53
50275,46
62908,73
47014,151
59934,129
59935,88
57063,153
19073,47
25210,217
17844,47
46728,344
55814,132
29699,175
81462,44
29958,48
50349,187
63559,257
63677,35
63659,42
2391,34
34437,45
68165,85
53080,48
63609,50
43203,78
40532,73
40631,34
79486,35
50869,109
42584,34
42829,53
43446,67
45807,44
44963,240
45632,77
45841,34
45456,41
46351,86
46352,106
46350,114
81578,72
59508,62
46864,120
47824,59
69616,83
88068,43
47081,64
47591,80
61335,70
47364,480
69297,49
88907,38
89427,87
87300,37
48981,33
48997,155
49124,42
44864,59
49846,295
54945,34
75704,64
48989,39
50400,38
50467,45
86823,35
48496,35
48512,41
52174,231
52176,245
69295,603
46921,69
50726,114
52341,44
52384,58
8252,69
50030,264
52425,142
52928,78
86857,38
53053,88
53546,40
82041,51
54401,55
54526,109
71112,472
94753,72
96997,52
87049,39
55088,252
55087,43
93950,147
55329,44
55698,47
55991,38
56017,90
43665,45
56250,75
56385,45
56469,42
77771,48
57189,38
57458,86
36749,41
57692,38
57951,67
59126,33
58538,90
58715,40
59379,34
59718,34
52183,119
56787,130
59986,49
49259,209
57249,47
60639,39
61042,40
61143,98
61083,36
61210,54
60565,96
61608,115
61602,49
62433,44
95103,51
56694,36
61583,104
61558,172
61651,119
55840,53
63093,33
62272,53
66458,62
66919,63
65446,41
62992,44
62572,114
73457,109
63050,44
63151,188
64263,69
63719,363
63995,37
64088,58
65695,209
64027,516
63853,423
64138,84
64548,33
66222,95
48729,41
66859,412
67162,82
67763,179
67311,89
67548,33
67354,148
67237,35
67754,54
69105,143
67940,38
68382,133
56332,55
59778,71
68366,65
68400,39
68709,33
68718,35
69178,41
69330,299
69321,39
69557,122
69697,37
69581,122
70056,47
69797,34
63759,85
61491,73
59725,95
69906,34
60086,87
70517,121
71481,34
87829,55
68239,36
41672,58
71688,315
70751,90
70752,53
71607,35
71666,55
72083,58
72067,38
72383,635
72803,33
48678,45
72695,49
61727,204
73825,75
73826,43
65480,33
73701,57
75252,36
75460,98
75126,115
37147,37
60932,76
82412,75
78990,60
45908,63
90274,45
75477,53
69614,42
69624,93
20390,46
76522,66
76606,117
68552,44
76999,41
77303,36
65627,67
83014,119
78220,48
78883,63
55013,55
88048,81
56408,46
78917,57
79662,40
80867,109
79646,59
84128,42
73976,101
54561,55
38631,43
76564,54
42476,77
81469,36
77042,42
57147,63
82671,99
72368,141
83175,41
83047,80
83852,59
79395,42
79579,51
84219,70
85593,89
85592,48
85341,35
85676,100
85677,38
85669,47
52332,111
84320,34
55722,34
86312,123
55079,34
86907,77
87099,110
87853,395
88063,357
88957,37
89132,107
89996,41
91371,42
89896,108
49512,277
79927,34
95776,46
96068,50
95708,78
96601,162
58120,44
98510,33
77621,41
20512,162
51654,109
72468,41
63202,35
45005,40
50911,46
42149,53
60203,51
63001,52
51129,34
64398,36
48134,61
56133,43
43992,37
37960,36
60699,47
50995,52
78077,34
69262,40
61203,37
52794,66
46512,68
57021,344
46972,78
59568,40
53112,35
49873,142
78716,49
50937,146
76731,42
78924,36
43220,37
28234,38
46737,158
58522,34
70050,34
52307,48
47839,52
28419,38
60883,49
47656,33
53122,70
77986,48
47749,271
58521,36
49140,62
50929,85
50415,37
54595,34
67086,50
52316,178
35382,35
45506,34
51452,132
61043,33
69331,53
51997,48
55232,36
61436,50
48662,34
48268,37
46813,34
46738,39
48703,94
56762,37
21593,57
24441,40
24741,87
38314,38
46477,118
46720,46
46914,392
47245,42
47471,78
47539,117
47689,68
48093,39
48277,59
48988,46
50090,56
50693,159
52719,126
53948,49
55155,74
57216,42
57717,53
58153,103
60749,52
62482,47
64741,56
72358,36
76555,33
13520,56
45437,82
50535,145
25143,72
25144,54
51956,36
55981,733
48546,82
44577,41
45874,38
46009,43
45128,50
46496,72
46822,58
48746,422
49538,74
49411,47
49453,44
52258,79
57742,73
51336,100
51622,36
55682,42
54333,118
66315,38
48772,113
53012,47
49520,92
62086,39
56031,122
56930,167
57702,71
59151,57
59835,38
59910,34
60322,527
60732,41
60791,145
62800,95
67680,34
74538,35
54810,35
53462,33
51664,66
56704,42
51863,34
61970,33
51973,53
50768,135
46419,39
47354,65
48931,52
49604,34
49694,96
49696,52
49703,80
55429,33
57055,49
46669,55
51705,50
54737,43
49779,109
54032,34
9957,1
11078,1
2578,1
3041,1
7928,1
9413,1
11295,1
12134,1
12218,1
14678,1
16639,1
8088,1
9018,1
10759,1
11079,1
9254,1
512,1
6662,1
7980,1
8105,1
9337,1
9557,1
9799,1
11982,1
12509,1
13096,1
13195,1
13489,1
13717,1
15917,1
4386,1
5526,1
7049,1
7367,1
11296,1
11816,1
11932,1
13514,1
14903,1
15532,1
6982,1
2746,1
4370,1
8842,1
13019,1
15264,1
6739,1
8676,1
9789,1
9882,1
10024,1
11507,1
11758,1
15323,1
16875,1
16876,1
5896,1
4118,1
4135,1
5835,1
4604,1
6005,1
5115,1
5536,1
6470,1
8047,1
5467,1
5735,1
755,1
4227,1
3375,1
4144,1
5869,1
6555,1
1080,1
494,1
737,1
301,1
2251,1
982,1
2595,1
2745,1
5350,1
7946,1
9003,1
9036,1
9094,1
9187,1
9244,1
10910,1
12340,1
13229,1
13321,1
13337,1
14051,1
15121,1
15340,1
16068,1
16732,1
17646,1
18032,1
18300,1
18446,1
18951,1
19346,1
19656,1
20819,1
20968,1
12184,1
7032,1
12307,1
7945,1
7922,1
18625,1
9941,1
10151,1
10248,1
10667,1
8776,1
12092,1
12818,1
13616,1
13371,1
14320,1
13171,1
16059,1
18369,1
16001,1
15867,1
19430,1
17908,1
18073,1
19990,1
20318,1
21380,1
6530,1
3794,1
11875,1
11925,1
16674,1
17629,1
21866,1
22519,1
23648,1
24084,1
24150,1
25885,1
26162,1
26254,1
4219,1
18249,1
20633,1
21639,1
24865,1
25477,1
25794,1
25795,1
27619,1
27902,1
21673,1
13088,1
13624,1
14335,1
16489,1
18334,1
18776,1
18842,1
19522,1
19831,1
22556,1
23128,1
23330,1
23448,1
24142,1
24848,1
24932,1
25324,1
26213,1
26246,1
27710,1
27786,1
28072,1
12711,1
10400,1
11924,1
18523,1
21808,1
22141,1
22513,1
22642,1
23044,1
23136,1
23203,1
23915,1
24612,1
25693,1
25877,1
25961,1
26096,1
12953,1
13265,1
18482,1
18608,1
18665,1
20750,1
21672,1
23539,1
24796,1
26153,1
15958,1
9649,1
10357,1
13690,1
16657,1
17922,1
18499,1
19469,1
19505,1
22859,1
22894,1
22985,1
23037,1
23271,1
23280,1
24174,1
24672,1
25156,1
25214,1
25316,1
25425,1
8860,1
11597,1
15891,1
15892,1
16102,1
16851,1
19849,1
22083,1
22293,1
22294,1
22566,1
23043,1
23984,1
25274,1
25735,1
26289,1
27459,1
28314,1
29962,1
31543,1
33503,1
34824,1
35328,1
37756,1
39303,1
40778,1
41341,1
41376,1
41769,1
42253,1
42430,1
17117,1
17563,1
25954,1
22607,1
23790,1
24058,1
25484,1
25493,1
25902,1
26288,1
26616,1
28608,1
29467,1
30710,1
30965,1
31184,1
31427,1
31610,1
31820,1
31945,1
32038,1
32115,1
32114,1
32138,1
32324,1
32256,1
32257,1
32082,1
32348,1
32643,1
32710,1
32934,1
33194,1
33495,1
33555,1
33671,1
33804,1
33931,1
35361,1
36509,1
38015,1
38645,1
38360,1
38528,1
38918,1
39529,1
40277,1
40360,1
42815,1
10218,1
29059,1
13163,1
16034,1
16177,1
17612,1
17613,1
20140,1
23321,1
24285,1
25979,1
26004,1
26038,1
26389,1
29928,1
31829,1
33788,1
34415,1
34485,1
34501,1
35009,1
35026,1
36392,1
38779,1
40370,1
46111,1
6605,1
12778,1
26524,1
13909,1
43106,1
20292,1
16432,1
22386,1
23338,1
23664,1
24394,1
37436,1
25928,1
27517,1
29494,1
27812,1
29125,1
28706,1
29391,1
30397,1
31377,1
32347,1
32516,1
32808,1
32726,1
33220,1
32841,1
33093,1
33343,1
33913,1
35528,1
35202,1
34727,1
34891,1
35840,1
37814,1
38250,1
38343,1
38359,1
38408,1
39104,1
39429,1
41852,1
39699,1
40267,1
40411,1
41626,1
42466,1
43206,1
33277,1
38368,1
31802,1
6312,1
32676,1
9623,1
12760,1
13298,1
18333,1
20443,1
22201,1
22625,1
22709,1
23170,1
23186,1
23346,1
23547,1
24520,1
25710,1
25819,1
27570,1
27651,1
28296,1
29351,1
31292,1
31561,1
31886,1
32206,1
32223,1
32224,1
35773,1
37169,1
37805,1
41317,1
43089,1
45642,1
33939,1
28873,1
22599,1
23029,1
23825,1
23909,1
24948,1
24696,1
26071,1
29409,1
29510,1
29552,1
29888,1
30238,1
30172,1
30173,1
30517,1
31006,1
31066,1
31175,1
31176,1
31185,1
31518,1
32225,1
32239,1
17923,1
32790,1
33083,1
33186,1
33211,1
33479,1
33672,1
35512,1
34342,1
34618,1
34975,1
35077,1
35537,1
37151,1
36837,1
36575,1
38559,1
38942,1
39035,1
39991,1
39990,1
40100,1
40336,1
40268,1
40344,1
40385,1
40543,1
40846,1
43567,1
28407,1
44868,1
46356,1
26592,1
27577,1
98917,1
100201,1
84920,1
90638,1
82384,1
58610,1
98276,1
81163,1
27383,1
20961,1
93787,1
15860,1
22868,1
45870,1
48952,1
51184,1
59428,1
70932,1
79924,1
94371,1
89682,1
90789,1
90857,1
92286,1
93318,1
44498,1
96207,1
10676,1
96890,1
99204,1
100867,1
101430,1
102860,1
102826,1
90687,1
57001,1
91148,1
103497,1
104360,1
83580,1
94824,1
71917,1
77020,1
84852,1
61698,1
92664,1
63223,1
77889,1
59554,1
41140,1
46290,1
89212,1
53860,1
104793,1
92673,1
57814,1
61866,1
71662,1
83773,1
74433,1
78610,1
81441,1
81440,1
80393,1
80014,1
80510,1
81928,1
81071,1
81584,1
81038,1
84818,1
83194,1
85002,1
85179,1
88561,1
86208,1
90362,1
7102,1
10699,1
15710,1
7830,1
8694,1
4879,1
8389,1
12675,1
13169,1
6535,1
6556,1
7982,1
8552,1
8678,1
8878,1
9797,1
9868,1
9876,1
9887,1
10026,1
10549,1
11390,1
11563,1
16600,1
17593,1
17603,1
11219,1
13253,1
1859,1
2577,1
6529,1
7026,1
7097,1
9004,1
9180,1
12094,1
6246,1
6829,1
7052,1
7593,1
8744,1
11907,1
14917,1
2756,1
13986,1
15174,1
11986,1
13098,1
15736,1
16563,1
6280,1
1710,1
4532,1
6066,1
3318,1
3205,1
4682,1
6419,1
6719,1
5974,1
6272,1
7814,1
4233,1
4795,1
412,1
1334,1
1058,1
259,1
262,1
1074,1
727,1
6574,1
7441,1
7580,1
9080,1
9624,1
13445,1
14599,1
16873,1
17052,1
17138,1
17459,1
17590,1
17616,1
17630,1
18505,1
19059,1
20462,1
20644,1
22741,1
9014,1
12376,1
14104,1
14767,1
14646,1
15387,1
15970,1
16387,1
17808,1
19926,1
20988,1
20991,1
21432,1
12363,1
10602,1
13329,1
14775,1
17430,1
18957,1
22547,1
22828,1
23918,1
24525,1
25063,1
25226,1
25699,1
25930,1
26361,1
26411,1
27365,1
27213,1
24561,1
26924,1
27018,1
27229,1
27612,1
11093,1
18365,1
9952,1
12820,1
15234,1
15392,1
18294,1
19939,1
23734,1
23750,1
23957,1
24105,1
24588,1
25155,1
25917,1
26282,1
26979,1
12717,1
16707,1
7943,1
11403,1
16865,1
17433,1
21133,1
22597,1
23214,1
24921,1
25436,1
25502,1
25631,1
25720,1
25940,1
17454,1
18445,1
23219,1
23240,1
25583,1
25775,1
26745,1
27617,1
7084,1
15014,1
17910,1
18328,1
22189,1
22560,1
22907,1
23093,1
23096,1
23167,1
23335,1
23474,1
23711,1
24002,1
24538,1
24591,1
24604,1
24992,1
25026,1
25105,1
25838,1
26232,1
17577,1
22522,1
23188,1
23232,1
24215,1
29323,1
30192,1
30884,1
31509,1
31775,1
31830,1
31843,1
32216,1
33861,1
35535,1
36084,1
36835,1
36949,1
37703,1
38790,1
38827,1
40769,1
45893,1
11697,1
14783,1
20315,1
17921,1
22652,1
23577,1
26714,1
24467,1
24724,1
25071,1
26151,1
25833,1
28308,1
27680,1
28610,1
30103,1
30508,1
30845,1
32053,1
32363,1
32657,1
32834,1
33025,1
33031,1
33215,1
34021,1
33811,1
33929,1
33908,1
34241,1
34352,1
35861,1
36912,1
36407,1
37036,1
38423,1
38822,1
39661,1
40212,1
40299,1
40659,1
41024,1
42616,1
41856,1
21072,1
7373,1
17406,1
23621,1
23818,1
25660,1
28597,1
28897,1
31685,1
32266,1
33112,1
33776,1
34202,1
35454,1
36092,1
39950,1
44195,1
32639,1
26526,1
27042,1
16120,1
16348,1
17133,1
23122,1
23608,1
24128,1
25037,1
25770,1
24877,1
27943,1
28905,1
30445,1
31785,1
31935,1
32071,1
32628,1
33357,1
33362,1
34068,1
38388,1
38407,1
38740,1
40086,1
40162,1
41872,1
40462,1
44335,1
35012,1
18684,1
7383,1
9621,1
17556,1
17703,1
22223,1
23222,1
23259,1
27457,1
28311,1
28505,1
29491,1
29804,1
30636,1
32429,1
34350,1
34826,1
35109,1
38772,1
39461,1
39561,1
40341,1
40401,1
42035,1
43877,1
44185,1
44198,1
44208,1
29210,1
8747,1
15815,1
27667,1
11419,1
18694,1
27171,1
25405,1
16807,1
24036,1
23072,1
25073,1
25465,1
26148,1
25867,1
26479,1
28266,1
29840,1
31026,1
31207,1
31433,1
31470,1
31861,1
32129,1
32447,1
32797,1
32994,1
33267,1
33467,1
33766,1
33848,1
34134,1
36089,1
29956,1
35611,1
35711,1
36325,1
36457,1
38076,1
38341,1
39251,1
38965,1
39020,1
39340,1
40060,1
40081,1
40105,1
40270,1
34865,1
45394,1
91470,1
92466,1
20836,1
92994,1
36957,1
77327,1
89831,1
93197,1
96710,1
49644,1
60328,1
69689,1
99046,1
59311,1
90892,1
103942,1
59763,1
72500,1
62018,1
61926,1
73391,1
79905,1
81633,1
86602,1
86977,1
65405,1
88079,1
30837,1
93693,1
92724,1
97346,1
101067,1
61724,1
81948,1
89563,1
53815,1
95480,1
67218,1
81568,1
84615,1
53311,1
105445,1
94868,1
100239,1
31415,1
63234,1
35125,1
36609,1
91399,1
99093,1
29911,1
78131,1
30800,1
105159,1
62714,1
49954,1
75319,1
74447,1
78473,1
78575,1
88586,1
80567,1
81011,1
81027,1
81371,1
81594,1
82870,1
84720,1
87489,1
89140,1
88841,1
6110,1
16470,1
3403,1
7529,1
12106,1
17434,1
11089,1
11974,1
12784,1
9817,1
11688,1
7981,1
9113,1
9804,1
9807,1
9809,1
9927,1
12129,1
12226,1
12579,1
13307,1
14416,1
14532,1
17854,1
17880,1
9793,1
3776,1
7093,1
7106,1
7114,1
7550,1
9896,1
10850,1
14792,1
7532,1
7826,1
8569,1
13522,1
2970,1
8223,1
9276,1
9880,1
11386,1
11730,1
14689,1
17042,1
17053,1
4894,1
8543,1
4599,1
5994,1
5009,1
6539,1
1708,1
5143,1
3422,1
4389,1
1372,1
4791,1
5897,1
6120,1
6515,1
1162,1
48,1
368,1
366,1
988,1
1627,1
1251,1
345,1
1567,1
731,1
4862,1
6573,1
7240,1
7944,1
8322,1
8383,1
8561,1
9990,1
11373,1
11917,1
13165,1
13719,1
13835,1
14003,1
14453,1
14529,1
17473,1
17723,1
19507,1
19510,1
19985,1
20471,1
20761,1
1083,1
3319,1
18012,1
8241,1
8288,1
10811,1
10700,1
10669,1
12446,1
12216,1
11880,1
11901,1
13031,1
21623,1
21628,1
14082,1
15522,1
14537,1
15330,1
15761,1
15835,1
16546,1
16672,1
15901,1
8338,1
17893,1
18117,1
19460,1
21699,1
21757,1
11651,1
11423,1
23179,1
8162,1
13223,1
22400,1
23252,1
23638,1
23835,1
24405,1
24521,1
25905,1
26644,1
17460,1
18900,1
21029,1
4951,1
18496,1
21641,1
24072,1
25332,1
25406,1
12377,1
17804,1
7353,1
7960,1
10254,1
10527,1
16431,1
17271,1
17302,1
18609,1
20816,1
22884,1
22905,1
23076,1
23465,1
23867,1
24587,1
24594,1
24605,1
24689,1
24718,1
25133,1
25319,1
8616,1
14050,1
22093,1
3590,1
8803,1
9851,1
11906,1
11927,1
14326,1
15866,1
22714,1
22879,1
23255,1
23617,1
24316,1
24528,1
25419,1
26362,1
20119,1
12176,1
14603,1
14716,1
16234,1
16640,1
24946,1
27479,1
27566,1
18480,1
22758,1
8180,1
12338,1
12430,1
12745,1
15829,1
16814,1
16982,1
17119,1
17494,1
18072,1
18130,1
22177,1
23263,1
23268,1
23562,1
24053,1
24195,1
24757,1
25125,1
25288,1
25325,1
25382,1
25469,1
25758,1
26304,1
27167,1
27926,1
28178,1
1385,1
6578,1
7124,1
15795,1
18274,1
20455,1
22987,1
23147,1
24224,1
24555,1
24655,1
24860,1
28588,1
29348,1
30196,1
30459,1
32299,1
33875,1
34085,1
35770,1
35865,1
36519,1
37783,1
8598,1
26320,1
26577,1
28715,1
15622,1
17342,1
25408,1
20303,1
16425,1
21967,1
22559,1
23911,1
24752,1
24980,1
23549,1
28215,1
28815,1
15953,1
28938,1
29729,1
30719,1
27881,1
36353,1
31655,1
43774,1
32606,1
32788,1
32888,1
33476,1
33384,1
33570,1
37006,1
35710,1
38245,1
38345,1
39465,1
39473,1
39783,1
39867,1
39943,1
40222,1
40757,1
41892,1
42483,1
43511,1
43637,1
45019,1
42675,1
15065,1
41361,1
547,1
7348,1
10795,1
17497,1
22887,1
23814,1
25703,1
27143,1
27180,1
27285,1
28446,1
28941,1
32157,1
33119,1
33907,1
35749,1
35962,1
36093,1
36258,1
37168,1
38943,1
43479,1
43711,1
46362,1
10903,1
18948,1
20282,1
22413,1
22342,1
18845,1
24319,1
25154,1
25246,1
25700,1
28577,1
27348,1
27981,1
28678,1
29322,1
29419,1
29721,1
29810,1
30514,1
30991,1
30993,1
31200,1
31424,1
31558,1
32099,1
32246,1
32561,1
32742,1
32732,1
32898,1
33092,1
33111,1
34051,1
33623,1
33649,1
33928,1
34524,1
36035,1
35649,1
36374,1
37444,1
37699,1
38030,1
38319,1
38366,1
38414,1
38453,1
39460,1
39121,1
39434,1
39927,1
40127,1
40195,1
40298,1
40358,1
42656,1
4303,1
9914,1
10879,1
17450,1
25934,1
27193,1
31505,1
32004,1
35817,1
36067,1
36159,1
36261,1
38527,1
39058,1
39163,1
42701,1
43049,1
43952,1
11402,1
43199,1
29576,1
23045,1
23105,1
23804,1
24229,1
24715,1
26491,1
28123,1
29939,1
30744,1
30788,1
31040,1
31353,1
31429,1
31566,1
33229,1
31918,1
32167,1
32080,1
32401,1
32349,1
33066,1
33360,1
33552,1
34114,1
36172,1
37152,1
35793,1
19896,1
38056,1
38563,1
38597,1
38953,1
38860,1
38956,1
39150,1
39265,1
39544,1
39801,1
39890,1
40025,1
40384,1
40660,1
44441,1
43703,1
43598,1
31256,1
26593,1
21079,1
84036,1
70799,1
81115,1
89110,1
96302,1
79569,1
98046,1
73269,1
84314,1
41590,1
98830,1
50276,1
103415,1
75010,1
69413,1
92054,1
92036,1
40949,1
67646,1
91432,1
64379,1
66857,1
83617,1
84317,1
86608,1
87562,1
88078,1
90105,1
91345,1
9838,1
97852,1
93413,1
96596,1
89556,1
97786,1
99205,1
100451,1
101365,1
101063,1
103554,1
92094,1
92675,1
91143,1
86829,1
73894,1
90539,1
83680,1
78818,1
96977,1
90914,1
81086,1
101239,1
97329,1
45871,1
68005,1
104732,1
101536,1
104103,1
29847,1
70715,1
36653,1
102779,1
41351,1
91642,1
79909,1
84677,1
94012,1
43382,1
47970,1
90100,1
100485,1
55658,1
60345,1
67306,1
68854,1
96444,1
79215,1
80387,1
83037,1
85570,1
83352,1
62059,1
84501,1
84669,1
85764,1
105478,1
90004,1
92608,1
92233,1
97603,1
94944,1
94758,1
95225,1
95672,1
98628,1
97937,1
99133,1
98358,1
102049,1
101868,1
103674,1
103611,1
103366,1
104215,1
104272,1
104385,1
104639,1
105962,1
88273,1
51739,1
69202,1
57853,1
90590,1
91039,1
91060,1
87172,1
62798,1
94713,1
78925,1
92629,1
90220,1
95716,1
98255,1
74373,1
32675,1
91830,1
91131,1
94692,1
93028,1
94710,1
21235,1
47707,1
48032,1
54776,1
60478,1
67018,1
70931,1
104089,1
73223,1
97057,1
91446,1
76904,1
77458,1
79011,1
85437,1
83054,1
86733,1
84174,1
85476,1
86019,1
87232,1
89771,1
94179,1
90322,1
90931,1
91136,1
91943,1
91838,1
99968,1
93081,1
93034,1
94826,1
92398,1
97031,1
96868,1
97693,1
97580,1
100079,1
100736,1
100476,1
100571,1
102131,1
68905,1
104259,1
103755,1
100788,1
90758,1
92014,1
95247,1
55754,1
90921,1
95606,1
92774,1
21910,1
643,1
76764,1
95727,1
41633,1
60885,1
104943,1
83106,1
77744,1
94367,1
90527,1
91013,1
79733,1
91867,1
96369,1
95144,1
91320,1
67852,1
98468,1
99156,1
99582,1
100013,1
101787,1
104199,1
104562,1
93572,1
100581,1
68474,1
93068,1
99598,1
62144,1
63263,1
94351,1
88234,1
99359,1
68183,1
103621,1
101133,1
102901,1
62607,1
91202,1
79958,1
67595,1
54800,1
56135,1
73333,1
59713,1
60415,1
49983,1
59051,1
67794,1
69312,1
70603,1
88557,1
71420,1
89586,1
73785,1
74891,1
74426,1
94000,1
104657,1
66798,1
80359,1
81171,1
81237,1
78320,1
83036,1
83151,1
95948,1
84964,1
83564,1
102720,1
88415,1
88977,1
88835,1
88951,1
90771,1
91068,1
92981,1
93307,1
96700,1
95835,1
96247,1
96450,1
97357,1
97412,1
98621,1
97945,1
26735,1
100899,1
101309,1
101440,1
101587,1
101992,1
102983,1
104309,1
104149,1
53765,1
88323,1
88594,1
89516,1
58139,1
89755,1
92626,1
94150,1
94771,1
74205,1
89994,1
51297,1
96387,1
89211,1
91415,1
70327,1
61224,1
61774,1
65205,1
49500,1
100371,1
97522,1
103750,1
73470,1
91265,1
103343,1
89379,1
97220,1
99905,1
96687,1
32652,1
98839,1
48941,1
52771,1
57238,1
58688,1
65013,1
16427,1
80764,1
92545,1
76465,1
100781,1
64677,1
82715,1
83834,1
84875,1
93575,1
85298,1
98815,1
85700,1
92214,1
92327,1
64189,1
88044,1
88431,1
89513,1
88906,1
89130,1
90083,1
91276,1
92543,1
92469,1
41497,1
98647,1
94576,1
94845,1
88961,1
96461,1
97102,1
97919,1
97685,1
102076,1
99879,1
101844,1
102765,1
103857,1
102920,1
102838,1
104962,1
104544,1
92461,1
92016,1
92050,1
100099,1
28879,1
53110,1
83303,1
77127,1
47940,1
91919,1
60223,1
63024,1
86715,1
89902,1
73772,1
94766,1
99695,1
82221,1
85122,1
87329,1
87022,1
87692,1
88357,1
88562,1
89550,1
96042,1
95449,1
95236,1
96865,1
100996,1
102173,1
70035,1
68997,1
61931,1
76313,1
50072,1
67396,1
89510,1
78872,1
93170,1
43213,1
73005,1
99721,1
104270,1
104443,1
46502,1
87235,1
98978,1
64215,1
32589,1
42022,1
42902,1
72217,1
49410,1
103684,1
57088,1
102933,1
91407,1
63653,1
66622,1
58612,1
31817,1
74363,1
74954,1
84347,1
77500,1
81085,1
104804,1
82744,1
86053,1
85915,1
88244,1
88517,1
90782,1
91386,1
91814,1
92296,1
93055,1
93294,1
93982,1
94240,1
94014,1
94137,1
95131,1
95341,1
98297,1
98405,1
99393,1
99950,1
102152,1
102157,1
101025,1
101997,1
17417,1
88155,1
58717,1
75106,1
59135,1
85671,1
95596,1
47817,1
92058,1
100023,1
87403,1
97225,1
52283,1
96915,1
57982,1
81880,1
102089,1
91856,1
90540,1
100341,1
93386,1
91517,1
94527,1
26298,1
104396,1
57869,1
94905,1
59816,1
67339,1
73533,1
78186,1
101521,1
81778,1
90651,1
83214,1
84037,1
83800,1
85857,1
85419,1
86336,1
88062,1
89048,1
88084,1
89345,1
90721,1
90532,1
91725,1
91998,1
88602,1
94227,1
96111,1
96324,1
96511,1
96361,1
100854,1
7499,1
97811,1
98429,1
98704,1
98794,1
98986,1
100539,1
101177,1
101608,1
96474,1
104754,1
63952,1
105114,1
104678,1
84573,1
96931,1
70685,1
103277,1
75618,1
99887,1
22270,1
53250,1
86720,1
86702,1
73120,1
100544,1
87350,1
90096,1
86649,1
88097,1
88628,1
92340,1
92293,1
84749,1
94163,1
95998,1
98084,1
98826,1
98807,1
99112,1
103382,1
100105,1
101122,1
101235,1
102362,1
102738,1
103332,1
102996,1
84386,1
86675,1
91822,1
86381,1
36607,1
97819,1
91580,1
96553,1
95614,1
81271,1
64252,1
84439,1
92453,1
105403,1
93619,1
74126,1
43139,1
53615,1
53557,1
61045,1
56813,1
62422,1
93517,1
62843,1
69396,1
76376,1
79694,1
99637,1
79542,1
79820,1
81935,1
81024,1
80990,1
81723,1
93249,1
89852,1
87755,1
87203,1
83201,1
88607,1
88783,1
89634,1
89523,1
94697,1
94155,1
93717,1
94968,1
94965,1
95822,1
95824,1
91864,1
95693,1
95454,1
97296,1
98118,1
101561,1
98434,1
58231,1
88271,1
58510,1
89061,1
89300,1
85545,1
76202,1
43694,1
65381,1
64081,1
86250,1
54750,1
78609,1
96634,1
74980,1
85668,1
93370,1
103805,1
102036,1
90884,1
103400,1
102399,1
90041,1
21238,1
40010,1
44342,1
52227,1
61397,1
65085,1
98379,1
65121,1
68918,1
71010,1
73438,1
96616,1
98715,1
83322,1
93638,1
84639,1
86615,1
87584,1
85524,1
88964,1
89747,1
90569,1
91709,1
91982,1
93449,1
92506,1
93877,1
94574,1
98928,1
94306,1
97703,1
98707,1
99372,1
101477,1
102649,1
102762,1
104047,1
103679,1
104835,1
105064,1
90837,1
104841,1
87353,1
82581,1
60265,1
82584,1
52461,1
101860,1
101810,1
95115,1
91097,1
98831,1
72782,1
22055,1
50553,1
36013,1
102510,1
41284,1
47020,1
102189,1
57464,1
71525,1
75885,1
76688,1
88817,1
85860,1
86542,1
89237,1
100434,1
89442,1
98694,1
101857,1
102005,1
104817,1
102325,1
101130,1
91696,1
98142,1
85818,1
101319,1
82413,1
53891,1
90157,1
80517,1
91052,1
84457,1
88331,1
84447,1
90737,1
80312,1
103419,1
25481,1
98081,1
77605,1
93761,1
79174,1
86061,1
34244,1
93609,1
76134,1
45028,1
47043,1
100189,1
48434,1
48615,1
97719,1
103681,1
42198,1
93530,1
96024,1
102560,1
103290,1
70220,1
95735,1
89429,1
90359,1
75655,1
86457,1
81135,1
90934,1
82329,1
83232,1
95099,1
84053,1
85897,1
65760,1
86909,1
87219,1
88541,1
90238,1
93310,1
93798,1
94233,1
93937,1
96335,1
104615,1
97380,1
97506,1
97593,1
97787,1
99169,1
98723,1
98999,1
100641,1
101705,1
101036,1
96424,1
102228,1
102367,1
102497,1
102568,1
104330,1
74452,1
86271,1
61234,1
86268,1
19049,1
72235,1
75736,1
91741,1
70009,1
61287,1
88799,1
57995,1
93120,1
98095,1
98615,1
99640,1
86331,1
100055,1
98281,1
85839,1
88533,1
99007,1
82589,1
37345,1
90343,1
43864,1
95091,1
104430,1
60239,1
60906,1
62092,1
68419,1
77395,1
79048,1
78373,1
64162,1
82628,1
79447,1
87206,1
100731,1
91312,1
93704,1
86980,1
93302,1
101193,1
94511,1
94124,1
94490,1
98029,1
96508,1
96821,1
97916,1
97769,1
97895,1
99264,1
99501,1
101548,1
103776,1
104599,1
103968,1
105080,1
105319,1
95354,1
73992,1
99837,1
90364,1
33971,1
67744,1
86496,1
43691,1
71055,1
71362,1
85374,1
77203,1
79932,1
80278,1
83348,1
85196,1
86975,1
88386,1
89109,1
88100,1
90711,1
91349,1
44497,1
100660,1
78675,1
96802,1
104481,1
105261,1
83340,1
103976,1
51384,1
62969,1
91147,1
105873,1
58617,1
84326,1
73811,1
64412,1
37430,1
35490,1
87999,1
61132,1
95417,1
88822,1
95373,1
99666,1
93759,1
91226,1
99984,1
97036,1
15056,1
29969,1
40924,1
83624,1
43113,1
45599,1
104123,1
50944,1
54419,1
100652,1
59127,1
64315,1
69794,1
70529,1
77513,1
78643,1
79318,1
79971,1
95609,1
80740,1
80683,1
82547,1
103298,1
86376,1
85540,1
87479,1
88231,1
103390,1
92435,1
89227,1
90435,1
89944,1
90574,1
90861,1
90997,1
94443,1
101973,1
95015,1
95128,1
94689,1
94926,1
96176,1
96244,1
96285,1
97104,1
97840,1
98678,1
98513,1
101687,1
101519,1
102315,1
104539,1
94427,1
104573,1
104628,1
81990,1
56994,1
75227,1
59371,1
85629,1
65920,1
84972,1
63934,1
90937,1
94450,1
93373,1
93882,1
90753,1
52700,1
101046,1
64010,1
93154,1
99451,1
98744,1
104649,1
95908,1
97228,1
95286,1
92958,1
44182,1
45578,1
57404,1
57556,1
57850,1
60042,1
61734,1
61763,1
70805,1
92180,1
91874,1
86599,1
76510,1
75552,1
75795,1
79195,1
79261,1
85038,1
85661,1
86121,1
100358,1
101553,1
87167,1
87534,1
98655,1
90196,1
90306,1
87949,1
98484,1
91115,1
94647,1
94380,1
94947,1
95919,1
95845,1
99272,1
97157,1
92742,1
98176,1
98481,1
99201,1
100526,1
14031,1
100288,1
101096,1
105101,1
98923,1
100092,1
95470,1
102165,1
104026,1
105537,1
102704,1
105185,1
104809,1
21075,1
21088,1
29583,1
31522,1
35737,1
38362,1
48211,1
53374,1
57496,1
57643,1
57937,1
57984,1
58252,1
58709,1
60523,1
60549,1
64627,1
66532,1
67841,1
68353,1
69878,1
72004,1
74557,1
74620,1
74654,1
74859,1
77082,1
11947,1
11752,1
61548,1
72403,1
73782,1
29512,1
31312,1
66535,1
69102,1
33979,1
76026,1
39918,1
65255,1
83125,1
47953,1
49912,1
53581,1
51295,1
52348,1
53789,1
54881,1
54931,1
55875,1
62966,1
59108,1
60473,1
60764,1
47192,1
62128,1
63279,1
63582,1
62769,1
64388,1
62924,1
58281,1
63997,1
63695,1
65174,1
65218,1
74489,1
63011,1
66233,1
66745,1
68955,1
69210,1
70114,1
70590,1
71543,1
72335,1
74029,1
76241,1
74423,1
74672,1
77266,1
76659,1
76612,1
66795,1
71823,1
80212,1
81940,1
82605,1
82691,1
79812,1
20925,1
31352,1
32955,1
35417,1
36008,1
37713,1
38733,1
42600,1
43499,1
56006,1
57885,1
60654,1
63981,1
64501,1
65179,1
65545,1
66364,1
66540,1
66774,1
66842,1
68259,1
70093,1
70290,1
72001,1
76034,1
76323,1
5218,1
9335,1
64399,1
68012,1
36662,1
29601,1
37298,1
76956,1
41150,1
56224,1
47113,1
48037,1
30868,1
77778,1
49552,1
56156,1
56794,1
56823,1
57162,1
58980,1
77095,1
59889,1
60058,1
60318,1
60607,1
60441,1
60688,1
60780,1
61077,1
65478,1
63700,1
64042,1
64520,1
64866,1
65092,1
65676,1
66012,1
27662,1
68435,1
82234,1
67320,1
67226,1
68503,1
68359,1
68398,1
68745,1
70997,1
69773,1
70062,1
73207,1
70658,1
70934,1
72343,1
73102,1
73041,1
73220,1
73693,1
75298,1
75592,1
73682,1
74770,1
74323,1
75911,1
70251,1
75892,1
76656,1
69941,1
81539,1
79605,1
82163,1
81550,1
80607,1
83206,1
83474,1
83335,1
83965,1
83067,1
77845,1
13802,1
82930,1
15857,1
44429,1
48542,1
55972,1
73622,1
67441,1
1817,1
35995,1
42524,1
43573,1
44902,1
50353,1
66976,1
70456,1
72634,1
79069,1
8176,1
64979,1
60052,1
71373,1
66545,1
29407,1
39979,1
62570,1
24979,1
59101,1
74862,1
47129,1
66997,1
30555,1
33191,1
34769,1
36859,1
41289,1
41951,1
51991,1
53118,1
56960,1
57653,1
58604,1
65944,1
65957,1
68600,1
68154,1
69239,1
74959,1
77190,1
78370,1
81205,1
9445,1
55846,1
42062,1
66766,1
59355,1
67608,1
68782,1
53520,1
60541,1
60924,1
70072,1
64803,1
65045,1
42952,1
74765,1
52048,1
73596,1
55241,1
69991,1
72138,1
11545,1
36168,1
40475,1
40979,1
41342,1
55280,1
43990,1
69692,1
53175,1
54952,1
55149,1
55617,1
40722,1
60507,1
62047,1
62076,1
62803,1
63697,1
64987,1
65339,1
67933,1
67192,1
67831,1
71299,1
72369,1
73270,1
74901,1
76633,1
64220,1
75030,1
75955,1
77356,1
77579,1
78491,1
77858,1
77976,1
77929,1
78331,1
82303,1
84552,1
65768,1
60005,1
42889,1
50845,1
8794,1
24462,1
29055,1
61860,1
34420,1
43673,1
61829,1
67517,1
65975,1
75237,1
52971,1
78079,1
63334,1
68871,1
38079,1
57065,1
64338,1
36920,1
68088,1
57577,1
70474,1
57078,1
81450,1
82867,1
66490,1
66485,1
30707,1
68075,1
39343,1
47126,1
74231,1
58699,1
65668,1
66879,1
77686,1
71762,1
72025,1
73317,1
78943,1
79746,1
83969,1
55023,1
68661,1
64693,1
52913,1
64714,1
56592,1
63603,1
51442,1
75529,1
58819,1
47252,1
72280,1
35958,1
59958,1
73031,1
35146,1
63645,1
68635,1
25712,1
31549,1
38165,1
38068,1
29851,1
41720,1
62591,1
45541,1
42642,1
44206,1
47452,1
49849,1
52130,1
58436,1
60510,1
62746,1
62654,1
63855,1
64023,1
66761,1
67488,1
69126,1
70513,1
70771,1
75539,1
75605,1
76662,1
79895,1
84287,1
83361,1
19724,1
21086,1
23022,1
26138,1
28555,1
29488,1
30602,1
32910,1
34457,1
34863,1
37587,1
39779,1
41922,1
42416,1
42739,1
43008,1
43478,1
44860,1
46366,1
49046,1
49760,1
50243,1
50808,1
52222,1
53476,1
53839,1
58620,1
63863,1
64118,1
12785,1
16547,1
63200,1
29315,1
14641,1
33393,1
33459,1
35530,1
35078,1
36349,1
39243,1
40890,1
39926,1
40604,1
41053,1
41901,1
41959,1
42513,1
42527,1
42332,1
42789,1
43670,1
45843,1
44970,1
45520,1
46169,1
47310,1
47373,1
39443,1
49442,1
12914,1
50737,1
52453,1
52466,1
53610,1
54272,1
55620,1
56902,1
58299,1
62241,1
9272,1
13847,1
23235,1
23616,1
23889,1
25953,1
29157,1
30718,1
35354,1
35357,1
36952,1
37716,1
38643,1
41597,1
43339,1
44481,1
46358,1
46374,1
49710,1
49839,1
50729,1
51736,1
53678,1
56400,1
56687,1
56734,1
57091,1
57501,1
57517,1
58394,1
60039,1
64811,1
17606,1
17813,1
8479,1
57391,1
29948,1
37009,1
37979,1
38115,1
39501,1
43746,1
46164,1
48589,1
49421,1
48153,1
48305,1
48371,1
49941,1
50784,1
51476,1
51450,1
51865,1
53065,1
53120,1
53773,1
56269,1
57593,1
57674,1
59653,1
62546,1
62956,1
63281,1
61737,1
39684,1
43428,1
8371,1
16395,1
22820,1
28371,1
29630,1
31378,1
33577,1
34852,1
38302,1
40359,1
42161,1
43985,1
45305,1
46311,1
46361,1
47328,1
47906,1
50212,1
50579,1
50900,1
52004,1
53802,1
54201,1
55394,1
57614,1
58439,1
58554,1
60599,1
62777,1
63421,1
63524,1
46032,1
10413,1
17112,1
18466,1
25657,1
29638,1
30644,1
33732,1
36320,1
36612,1
44650,1
38160,1
38294,1
38173,1
39036,1
40102,1
40325,1
41468,1
41607,1
45846,1
44437,1
47197,1
47326,1
47901,1
48389,1
48694,1
50301,1
50543,1
50595,1
51844,1
53534,1
41552,1
54030,1
56563,1
56316,1
57958,1
58859,1
59048,1
59145,1
59837,1
61984,1
62633,1
64372,1
65129,1
21104,1
20286,1
53181,1
15085,1
8206,1
19445,1
22299,1
22539,1
24837,1
25678,1
32602,1
34936,1
34981,1
36604,1
39569,1
41042,1
43531,1
43906,1
44392,1
44518,1
45607,1
47223,1
47486,1
50529,1
51507,1
53421,1
55334,1
56292,1
56731,1
57036,1
57044,1
57776,1
57903,1
58725,1
59950,1
60026,1
62139,1
48203,1
8158,1
13794,1
28382,1
30552,1
31289,1
35727,1
35842,1
36449,1
12880,1
37443,1
38986,1
39776,1
40252,1
40446,1
41302,1
41355,1
42487,1
42398,1
43683,1
44227,1
30748,1
46085,1
46860,1
48886,1
56308,1
50122,1
47173,1
51463,1
56797,1
53712,1
54046,1
55917,1
57548,1
58407,1
58785,1
60055,1
63595,1
63205,1
56474,1
27402,1
2202,1
236,1
1003,1
735,1
3575,1
3373,1
3378,1
1775,1
286,1
2215,1
4748,1
4225,1
2924,1
3273,1
291,1
89617,1
89625,1
90507,1
87990,1
82246,1
94125,1
94567,1
94423,1
99302,1
103843,1
96336,1
97489,1
97224,1
97794,1
95471,1
100345,1
100321,1
101249,1
102829,1
105144,1
8482,1
71180,1
86117,1
91997,1
93227,1
88608,1
67064,1
49066,1
90718,1
95623,1
58792,1
88745,1
94120,1
75141,1
52746,1
97476,1
68618,1
92318,1
97053,1
51077,1
100132,1
102430,1
78603,1
101066,1
93069,1
104729,1
94706,1
86590,1
75107,1
38062,1
90339,1
91800,1
59380,1
67332,1
69177,1
70691,1
75630,1
75959,1
77244,1
77601,1
79790,1
88724,1
81884,1
80613,1
83365,1
86735,1
85257,1
85549,1
86017,1
94546,1
49362,1
64190,1
93387,1
85528,1
57379,1
88285,1
89068,1
89370,1
90673,1
93697,1
91080,1
93419,1
101163,1
93329,1
96643,1
74663,1
97095,1
84798,1
99326,1
100211,1
99252,1
101231,1
102329,1
104179,1
79632,1
92686,1
101247,1
101307,1
81553,1
87691,1
91505,1
94336,1
95894,1
102269,1
103625,1
57589,1
57607,1
45458,1
71513,1
103788,1
65974,1
69051,1
82701,1
81417,1
83840,1
105759,1
101956,1
86795,1
20198,1
87084,1
86538,1
47353,1
13811,1
105362,1
92549,1
85097,1
91361,1
96344,1
97589,1
98462,1
99788,1
100824,1
102480,1
87811,1
103704,1
90875,1
92828,1
102569,1
103830,1
65438,1
82196,1
80579,1
88921,1
98787,1
93668,1
97941,1
59377,1
97639,1
75015,1
71639,1
27343,1
96701,1
95702,1
27059,1
28039,1
29965,1
50607,1
32498,1
35925,1
36692,1
44651,1
94263,1
47106,1
45703,1
46501,1
79993,1
51249,1
58122,1
65769,1
73786,1
74689,1
76710,1
78597,1
79288,1
81598,1
91074,1
82430,1
84356,1
87517,1
88254,1
89454,1
90373,1
90607,1
92607,1
93805,1
94017,1
94909,1
94977,1
97195,1
96517,1
96620,1
98261,1
100324,1
101415,1
101644,1
72898,1
88157,1
83063,1
83817,1
59925,1
74753,1
65375,1
96764,1
93726,1
98078,1
95613,1
95907,1
92023,1
93589,1
93897,1
88511,1
52273,1
90557,1
96730,1
93098,1
84645,1
95699,1
88997,1
92020,1
96310,1
92033,1
97234,1
102881,1
60671,1
90904,1
23328,1
36872,1
40763,1
44803,1
82047,1
57988,1
61055,1
64442,1
64345,1
68728,1
65646,1
80211,1
16420,1
78274,1
85599,1
80432,1
74080,1
75949,1
103901,1
82454,1
85163,1
84913,1
85961,1
100337,1
89638,1
89735,1
87738,1
89688,1
94180,1
91558,1
92352,1
88550,1
92841,1
93148,1
92486,1
93758,1
99557,1
95560,1
77175,1
99076,1
99775,1
100787,1
56654,1
101938,1
97487,1
69526,1
103383,1
89509,1
98979,1
96504,1
103741,1
96817,1
79144,1
102119,1
87404,1
64342,1
83263,1
88034,1
50449,1
35938,1
76138,1
94271,1
56843,1
63691,1
83549,1
64006,1
72213,1
1850,1
1587,1
80132,1
80999,1
80981,1
86049,1
87982,1
88177,1
88711,1
89628,1
89664,1
91700,1
92646,1
101205,1
101885,1
99042,1
99305,1
100311,1
102326,1
101263,1
103042,1
103814,1
102916,1
105475,1
98737,1
104716,1
90878,1
96201,1
89935,1
77499,1
82956,1
88374,1
45377,1
99554,1
77212,1
90991,1
101302,1
105029,1
93363,1
104066,1
78839,1
103890,1
102229,1
37762,1
39362,1
41162,1
46354,1
45658,1
71842,1
86033,1
69829,1
100493,1
97403,1
66250,1
64106,1
66812,1
71390,1
17972,1
79693,1
78406,1
82052,1
81923,1
56155,1
78172,1
85785,1
86490,1
87945,1
75525,1
93293,1
93655,1
97607,1
94339,1
94809,1
95095,1
98222,1
99405,1
101310,1
103646,1
102242,1
102538,1
104376,1
104779,1
102997,1
62458,1
89793,1
89407,1
78253,1
58768,1
59136,1
83872,1
88742,1
88648,1
85722,1
91319,1
89362,1
87113,1
91737,1
93605,1
97762,1
96985,1
86036,1
97282,1
101213,1
100740,1
93868,1
33287,1
53341,1
100919,1
21344,1
21239,1
37628,1
92041,1
55377,1
55527,1
58091,1
58563,1
103289,1
69387,1
73794,1
93623,1
75396,1
73744,1
74264,1
77362,1
78495,1
64161,1
64626,1
89559,1
81952,1
20937,1
82824,1
83586,1
98732,1
84955,1
85000,1
86078,1
87047,1
89023,1
97324,1
90707,1
91190,1
92410,1
92070,1
96914,1
52247,1
96507,1
97497,1
98167,1
105827,1
97353,1
90609,1
99368,1
99909,1
100030,1
100682,1
99683,1
101071,1
101838,1
101680,1
101701,1
103150,1
102582,1
103759,1
103236,1
104837,1
105793,1
79078,1
76934,1
73237,1
90846,1
100038,1
103066,1
48033,1
10642,1
94796,1
28880,1
97746,1
92702,1
77028,1
100517,1
81377,1
87349,1
86014,1
86965,1
82895,1
83994,1
87068,1
89055,1
88818,1
90657,1
85804,1
95203,1
98459,1
100399,1
99481,1
102622,1
103265,1
103801,1
104595,1
104582,1
105425,1
105819,1
73300,1
89914,1
100522,1
91508,1
73295,1
91957,1
97192,1
97962,1
99457,1
97505,1
96441,1
94088,1
97035,1
57833,1
36419,1
37856,1
95563,1
86582,1
85079,1
87370,1
50444,1
104892,1
97413,1
73332,1
65146,1
100987,1
75682,1
103037,1
76393,1
80676,1
81081,1
80978,1
83465,1
102266,1
85087,1
85830,1
89543,1
91947,1
95573,1
57179,1
95981,1
96486,1
97022,1
97647,1
98535,1
98803,1
100401,1
102129,1
100319,1
100559,1
103302,1
103722,1
104682,1
37092,1
84419,1
74871,1
58393,1
83510,1
48107,1
85772,1
67669,1
67022,1
92630,1
75270,1
41359,1
99484,1
91038,1
87554,1
102446,1
102425,1
96491,1
102409,1
105685,1
97886,1
81506,1
14752,1
34298,1
37494,1
59123,1
67061,1
85714,1
73536,1
93629,1
73752,1
73742,1
98911,1
77086,1
88403,1
80400,1
100782,1
81653,1
84385,1
56948,1
93636,1
85788,1
89197,1
87475,1
89785,1
90993,1
90111,1
90930,1
92864,1
93243,1
96454,1
94901,1
95022,1
99066,1
94289,1
96646,1
97712,1
97823,1
98843,1
98446,1
95652,1
99570,1
99265,1
101373,1
100784,1
99880,1
100963,1
100043,1
102805,1
102342,1
102464,1
103026,1
103478,1
103507,1
104545,1
103919,1
104488,1
104182,1
71716,1
83452,1
91424,1
104326,1
31403,1
73975,1
96756,1
64597,1
92226,1
105034,1
305,1
95074,1
16116,1
69539,1
644,1
22371,1
36414,1
36608,1
103239,1
52376,1
92691,1
65031,1
75084,1
76122,1
81456,1
81443,1
79065,1
80918,1
82782,1
82674,1
104897,1
86545,1
87220,1
88380,1
89107,1
92681,1
98664,1
93810,1
94237,1
78673,1
98293,1
100711,1
101260,1
101515,1
101129,1
101008,1
105738,1
50318,1
81209,1
47021,1
51177,1
77972,1
75283,1
96175,1
64321,1
82033,1
94138,1
72809,1
43968,1
78831,1
34768,1
105249,1
38085,1
38616,1
53882,1
94549,1
99541,1
56065,1
90549,1
105157,1
63104,1
67719,1
68841,1
71655,1
58839,1
84448,1
74409,1
74369,1
79619,1
83970,1
87176,1
103659,1
88243,1
88193,1
92420,1
94452,1
97442,1
97510,1
97526,1
89396,1
100635,1
101021,1
102135,1
103764,1
90807,1
104992,1
87499,1
71127,1
67416,1
83357,1
60450,1
87131,1
88164,1
89420,1
56767,1
44039,1
91994,1
56360,1
88537,1
64757,1
91382,1
61338,1
92573,1
81622,1
87971,1
99814,1
99016,1
99883,1
103349,1
99586,1
97915,1
103231,1
95282,1
11076,1
17602,1
35796,1
61031,1
96017,1
92347,1
60755,1
63940,1
71492,1
92625,1
74235,1
69090,1
64127,1
75857,1
78915,1
83557,1
83425,1
83951,1
84892,1
85890,1
104368,1
87378,1
87449,1
99032,1
91209,1
91172,1
91734,1
92174,1
92825,1
94943,1
97027,1
92694,1
100448,1
97702,1
101218,1
101972,1
96473,1
102153,1
102974,1
102040,1
102614,1
103139,1
104469,1
91235,1
105315,1
67982,1
91713,1
98643,1
103911,1
90854,1
64865,1
56178,1
87615,1
56819,1
92049,1
94221,1
67222,1
87901,1
16517,1
58968,1
89987,1
94465,1
96888,1
95931,1
87391,1
102784,1
43372,1
33158,1
37922,1
89596,1
60001,1
49522,1
58760,1
57888,1
104845,1
102106,1
75567,1
98906,1
76876,1
91621,1
81900,1
86527,1
87704,1
89031,1
94091,1
101441,1
102376,1
104509,1
105430,1
86094,1
93074,1
48950,1
102404,1
67519,1
82396,1
86054,1
50578,1
95287,1
94104,1
103628,1
93797,1
67751,1
104942,1
80626,1
29970,1
37707,1
31928,1
104014,1
44026,1
46388,1
33610,1
85084,1
50846,1
53251,1
56060,1
71345,1
71369,1
79138,1
74432,1
74739,1
77635,1
80303,1
80345,1
80650,1
80668,1
81162,1
81025,1
90941,1
76566,1
82598,1
84619,1
86577,1
101720,1
85901,1
86745,1
86606,1
87767,1
87911,1
88214,1
90762,1
91056,1
91613,1
91902,1
93022,1
92846,1
94701,1
95689,1
97205,1
98956,1
99045,1
100305,1
103633,1
101662,1
62915,1
103396,1
104695,1
104742,1
105152,1
105588,1
30180,1
56990,1
80477,1
86390,1
89848,1
85050,1
54105,1
88387,1
45429,1
93676,1
39166,1
92373,1
59534,1
88377,1
86506,1
95868,1
94725,1
91419,1
99315,1
102368,1
99236,1
98777,1
63830,1
105252,1
89417,1
103357,1
9189,1
90166,1
26299,1
90000,1
89336,1
58847,1
87578,1
86277,1
94201,1
78892,1
76048,1
87462,1
72373,1
75538,1
89475,1
75454,1
75522,1
76051,1
77912,1
82369,1
83045,1
85554,1
86695,1
86939,1
90310,1
91742,1
93771,1
95852,1
94517,1
96856,1
98130,1
99439,1
104855,1
99725,1
100093,1
101741,1
103034,1
103323,1
104263,1
104056,1
105197,1
104451,1
103772,1
105357,1
103213,1
100866,1
88737,1
98987,1
94851,1
105257,1
105443,1
33975,1
100216,1
104339,1
102321,1
32033,1
37037,1
45112,1
49470,1
51650,1
51722,1
52546,1
54533,1
58994,1
61154,1
63238,1
65748,1
69866,1
71114,1
71971,1
74314,1
63225,1
66111,1
61644,1
56943,1
29571,1
73812,1
29818,1
34511,1
29873,1
81314,1
67054,1
36916,1
36138,1
36860,1
37384,1
37502,1
38440,1
41451,1
36222,1
41498,1
43088,1
31944,1
45435,1
33996,1
59507,1
47306,1
47406,1
48015,1
50670,1
51824,1
52636,1
53753,1
55703,1
49425,1
66405,1
57660,1
56790,1
69709,1
73316,1
58025,1
60587,1
63052,1
62335,1
67542,1
64222,1
71892,1
66426,1
73135,1
67143,1
68725,1
13927,1
74154,1
74283,1
75593,1
75609,1
73450,1
68226,1
76679,1
77512,1
77593,1
50000,1
65585,1
83607,1
81656,1
82065,1
82322,1
83389,1
75241,1
8756,1
12288,1
32304,1
37103,1
39541,1
40600,1
41375,1
55900,1
60660,1
60944,1
63367,1
65811,1
65819,1
66263,1
68260,1
68901,1
69992,1
70281,1
71968,1
73555,1
73715,1
74104,1
74293,1
74608,1
73287,1
20332,1
32041,1
33767,1
33723,1
41952,1
44625,1
45327,1
33387,1
45640,1
55952,1
49291,1
49294,1
77386,1
50604,1
52791,1
50720,1
52276,1
57912,1
53556,1
54804,1
54872,1
55989,1
57234,1
67303,1
57733,1
59388,1
59915,1
40731,1
60206,1
60456,1
62240,1
65798,1
63751,1
63754,1
73731,1
68770,1
67361,1
67745,1
68583,1
69479,1
77383,1
73836,1
74958,1
72247,1
72226,1
48685,1
73077,1
76156,1
76322,1
74855,1
75160,1
78048,1
80395,1
80989,1
81120,1
81530,1
32049,1
73868,1
66100,1
76151,1
41201,1
64384,1
55132,1
50360,1
65851,1
61401,1
65701,1
74125,1
78235,1
38974,1
71061,1
75920,1
82771,1
53229,1
60332,1
61099,1
66838,1
48241,1
48861,1
45519,1
67450,1
46940,1
83103,1
60532,1
79766,1
32869,1
36450,1
36511,1
38274,1
38395,1
39394,1
41023,1
53614,1
44218,1
43243,1
46288,1
46417,1
48908,1
48672,1
56005,1
56315,1
71618,1
75315,1
60813,1
74944,1
80495,1
59410,1
72872,1
69505,1
72638,1
74734,1
79669,1
81348,1
78942,1
81005,1
81088,1
81850,1
81858,1
63120,1
58117,1
55198,1
33053,1
49430,1
58448,1
69995,1
60384,1
52045,1
73563,1
57205,1
75875,1
71832,1
24870,1
33250,1
36337,1
80860,1
79630,1
74188,1
59536,1
78043,1
49472,1
23236,1
77530,1
42034,1
53874,1
64613,1
44607,1
48086,1
12908,1
17087,1
51624,1
54654,1
58125,1
59364,1
59005,1
59217,1
41096,1
60258,1
61188,1
61280,1
62235,1
63094,1
67935,1
82236,1
67555,1
68068,1
38579,1
69426,1
76046,1
72775,1
73649,1
74650,1
75115,1
76214,1
58075,1
82632,1
69445,1
67984,1
59333,1
62303,1
41112,1
78813,1
48485,1
1674,1
77886,1
37339,1
47429,1
59118,1
62185,1
74787,1
76159,1
75433,1
78642,1
81102,1
32175,1
76563,1
81572,1
72796,1
76955,1
32120,1
68496,1
41251,1
43771,1
49407,1
48399,1
54478,1
54651,1
58786,1
30212,1
64973,1
74380,1
65601,1
69382,1
72520,1
82811,1
74148,1
75802,1
76493,1
76432,1
66791,1
78222,1
78025,1
80474,1
70394,1
56202,1
72378,1
59280,1
62807,1
63372,1
55800,1
57384,1
68778,1
72394,1
69235,1
73463,1
60537,1
71300,1
72812,1
54864,1
76353,1
61452,1
74296,1
65549,1
54483,1
62781,1
67259,1
65120,1
85754,1
4279,1
68018,1
36269,1
37008,1
38844,1
41490,1
41719,1
61581,1
52998,1
56914,1
56541,1
56483,1
58054,1
58603,1
58779,1
60553,1
63112,1
63804,1
63948,1
64046,1
64224,1
69955,1
69782,1
53153,1
71989,1
72680,1
73949,1
76703,1
75262,1
76038,1
76592,1
78285,1
78563,1
64537,1
80610,1
10216,1
10322,1
11541,1
13795,1
22661,1
28640,1
33518,1
34269,1
37510,1
38750,1
40613,1
41025,1
44848,1
45416,1
46162,1
46325,1
47442,1
48693,1
50633,1
51569,1
52373,1
53708,1
54155,1
54407,1
56706,1
56735,1
57366,1
58637,1
59552,1
61002,1
61680,1
61985,1
63801,1
64043,1
51433,1
5219,1
11851,1
15296,1
20588,1
24458,1
12834,1
51759,1
29282,1
33878,1
36403,1
35644,1
28168,1
42932,1
38437,1
38161,1
38416,1
39922,1
39299,1
39980,1
40844,1
41469,1
32309,1
43133,1
43640,1
28047,1
43931,1
47621,1
46070,1
58608,1
48974,1
48976,1
49299,1
50925,1
55511,1
55322,1
56701,1
57048,1
57158,1
57487,1
40592,1
62576,1
64119,1
15073,1
8751,1
10312,1
13415,1
16394,1
23452,1
23462,1
31500,1
36264,1
38046,1
39985,1
42255,1
44055,1
44830,1
47340,1
48588,1
50068,1
52326,1
52457,1
53687,1
53806,1
55024,1
55375,1
55561,1
55564,1
55627,1
56320,1
57342,1
59565,1
59570,1
63796,1
64718,1
9588,1
19704,1
23683,1
26152,1
28136,1
28464,1
28451,1
32830,1
34104,1
35163,1
36151,1
38813,1
42549,1
42378,1
42420,1
43553,1
43519,1
45319,1
13260,1
47461,1
50105,1
50187,1
50326,1
50612,1
50754,1
50888,1
51459,1
52596,1
55671,1
52229,1
53653,1
54415,1
56901,1
56977,1
58766,1
58813,1
61170,1
61670,1
10317,1
16567,1
22895,1
23704,1
24626,1
33174,1
35720,1
36195,1
37069,1
38647,1
40912,1
41527,1
42058,1
43986,1
44189,1
49333,1
49514,1
49835,1
50738,1
52223,1
52567,1
52623,1
53427,1
56473,1
57079,1
57710,1
58201,1
58390,1
59199,1
60592,1
61144,1
34227,1
44139,1
8501,1
35421,1
30519,1
31316,1
23764,1
32096,1
51004,1
35746,1
37460,1
38847,1
38929,1
39171,1
40418,1
40941,1
44357,1
44478,1
44722,1
45624,1
46441,1
46963,1
47821,1
31618,1
51472,1
52851,1
8325,1
56803,1
57686,1
56205,1
56596,1
56638,1
32799,1
58264,1
59215,1
60051,1
62962,1
63974,1
63649,1
62747,1
13304,1
8532,1
23546,1
23654,1
29907,1
33184,1
37328,1
37534,1
37644,1
37867,1
38726,1
38924,1
38937,1
39833,1
40001,1
44186,1
45826,1
46604,1
47411,1
48112,1
48819,1
50725,1
51803,1
52439,1
53184,1
54186,1
55045,1
55074,1
59746,1
59896,1
60222,1
60650,1
61301,1
9186,1
42541,1
18693,1
7986,1
62266,1
29256,1
29579,1
29934,1
30031,1
32193,1
35371,1
37877,1
54688,1
39846,1
41165,1
43070,1
28624,1
46231,1
46422,1
47172,1
47398,1
48117,1
40860,1
49714,1
50854,1
52000,1
53942,1
53916,1
57195,1
57350,1
59341,1
62048,1
60584,1
61217,1
62135,1
62138,1
62574,1
64820,1
65638,1
300,1
1020,1
694,1
2967,1
3568,1
2747,1
1335,1
3382,1
542,1
4245,1
1028,1
4439,1
4340,1
9886,1
5539,1
5540,1
7280,1
7507,1
10055,1
12114,1
15711,1
16635,1
9703,1
14307,1
14615,1
13167,1
15886,1
8311,1
8462,1
8973,1
9166,1
9274,1
11267,1
11467,1
12105,1
13350,1
10848,1
7381,1
8839,1
12940,1
5227,1
7506,1
12138,1
14122,1
17734,1
6189,1
11945,1
15888,1
4357,1
8043,1
9878,1
9894,1
10320,1
10657,1
11199,1
13721,1
14530,1
14731,1
17868,1
6238,1
2574,1
5105,1
4809,1
5639,1
6929,1
88,1
3404,1
4231,1
7104,1
3472,1
3204,1
4784,1
6214,1
365,1
1562,1
2600,1
467,1
691,1
4952,1
8445,1
8805,1
8806,1
11567,1
13852,1
17582,1
17625,1
17701,1
17895,1
18011,1
18670,1
18713,1
19107,1
19508,1
19986,1
20966,1
21073,1
21979,1
22990,1
20569,1
7028,1
7029,1
7337,1
7874,1
9092,1
9904,1
11878,1
12511,1
14362,1
14089,1
14581,1
16476,1
13628,1
16679,1
16702,1
17422,1
17349,1
17223,1
18180,1
18397,1
18705,1
18762,1
18526,1
17878,1
19466,1
20036,1
13158,1
4257,1
14274,1
18153,1
8161,1
10604,1
11920,1
11955,1
14123,1
14890,1
15895,1
21583,1
22196,1
22397,1
23534,1
24029,1
24237,1
25798,1
26233,1
10948,1
15587,1
1689,1
11500,1
18430,1
21785,1
23520,1
24799,1
27052,1
16089,1
17037,1
17274,1
18586,1
19039,1
19676,1
19937,1
19944,1
22112,1
23098,1
23444,1
23552,1
23676,1
24063,1
24381,1
25135,1
25169,1
25286,1
25371,1
25984,1
26486,1
27227,1
27925,1
28477,1
14564,1
5581,1
7689,1
8177,1
8370,1
11903,1
13023,1
17432,1
22163,1
22331,1
22889,1
23040,1
23131,1
23234,1
23251,1
23257,1
23895,1
24407,1
25573,1
26386,1
21039,1
21643,1
22515,1
24180,1
11771,1
12813,1
18512,1
20373,1
20823,1
21795,1
22373,1
22440,1
22672,1
22948,1
23962,1
24852,1
25134,1
25362,1
25397,1
28058,1
28443,1
10780,1
11729,1
11921,1
12063,1
17851,1
20137,1
26123,1
29321,1
29431,1
29631,1
29874,1
31850,1
32136,1
34481,1
38640,1
38782,1
39224,1
39401,1
39467,1
40071,1
42116,1
42217,1
42702,1
42981,1
46436,1
14072,1
29194,1
22629,1
23123,1
23995,1
24062,1
24080,1
24247,1
25480,1
25822,1
28579,1
27447,1
29557,1
28902,1
28903,1
30444,1
30546,1
30953,1
31003,1
31196,1
32235,1
32377,1
32563,1
32530,1
33020,1
33030,1
33087,1
33549,1
33582,1
33642,1
33860,1
17802,1
34412,1
34674,1
35173,1
23468,1
38479,1
38947,1
38963,1
40020,1
39879,1
39929,1
40113,1
40707,1
44762,1
45021,1
9919,1
12062,1
16207,1
16855,1
17174,1
22982,1
26494,1
27287,1
27337,1
29320,1
29607,1
30343,1
30511,1
32335,1
32954,1
34070,1
34186,1
35432,1
35977,1
39441,1
40942,1
40952,1
556,1
2557,1
10529,1
18154,1
22095,1
23216,1
23233,1
23592,1
24280,1
24943,1
25287,1
26192,1
26683,1
21978,1
28217,1
29112,1
28809,1
29387,1
33423,1
30334,1
31330,1
31086,1
31364,1
31457,1
32043,1
31623,1
31632,1
32075,1
32445,1
33054,1
33089,1
33466,1
33752,1
34120,1
34321,1
35038,1
29600,1
35877,1
35658,1
8410,1
37893,1
38555,1
39619,1
41202,1
40179,1
40380,1
41438,1
44477,1
45060,1
11493,1
14114,1
16930,1
22813,1
23073,1
24078,1
26149,1
26157,1
26251,1
27353,1
29119,1
29346,1
31741,1
32161,1
32837,1
33675,1
34086,1
35130,1
35961,1
36691,1
37743,1
38939,1
39391,1
39710,1
40657,1
40774,1
44460,1
4769,1
26545,1
33667,1
23006,1
23476,1
23887,1
23937,1
25882,1
30750,1
17985,1
26068,1
27731,1
28860,1
29078,1
29740,1
30353,1
30613,1
30777,1
30859,1
31029,1
31063,1
31072,1
11184,1
31932,1
32453,1
32723,1
33081,1
33685,1
33934,1
34093,1
34136,1
34479,1
35089,1
35718,1
36448,1
35970,1
37635,1
37408,1
44452,1
38438,1
38439,1
38456,1
39458,1
38825,1
39342,1
39483,1
40256,1
41662,1
45463,1
28978,1
91137,1
32052,1
89512,1
98236,1
85335,1
85568,1
56442,1
92910,1
92810,1
91933,1
98772,1
93967,1
103099,1
96652,1
93498,1
32009,1
91096,1
6118,1
87736,1
99249,1
62179,1
62538,1
86714,1
100545,1
58146,1
66793,1
81898,1
91331,1
93439,1
102587,1
89554,1
100840,1
102307,1
104407,1
75435,1
101709,1
102998,1
87452,1
91985,1
103131,1
86672,1
89687,1
104824,1
91161,1
102620,1
91598,1
81628,1
74136,1
89378,1
38964,1
99141,1
47404,1
83785,1
85090,1
88229,1
84227,1
10640,1
49997,1
26752,1
27295,1
32770,1
33876,1
34480,1
36724,1
37952,1
97601,1
38272,1
85198,1
81722,1
93364,1
47022,1
48427,1
48863,1
56545,1
103175,1
103174,1
66357,1
97674,1
74145,1
75417,1
76002,1
78674,1
79696,1
47958,1
80104,1
79511,1
100280,1
80479,1
82000,1
81739,1
81881,1
78322,1
82202,1
83417,1
81387,1
84672,1
86068,1
86831,1
86656,1
90769,1
94936,1
95558,1
96699,1
95853,1
95308,1
97168,1
96815,1
96657,1
99320,1
101028,1
101596,1
102977,1
103255,1
102919,1
89983,1
63547,1
56137,1
59096,1
83364,1
81684,1
59940,1
90175,1
79003,1
59595,1
72396,1
57689,1
32584,1
87162,1
88059,1
90580,1
91796,1
68629,1
95612,1
97830,1
87187,1
93737,1
88633,1
100734,1
103095,1
94883,1
102067,1
104318,1
103162,1
24864,1
103488,1
87933,1
9188,1
79490,1
12860,1
52043,1
53169,1
56146,1
90571,1
59864,1
94199,1
67657,1
75271,1
76366,1
76508,1
98381,1
79196,1
79818,1
79947,1
85237,1
98709,1
82382,1
83320,1
84860,1
83305,1
85154,1
85262,1
102523,1
96479,1
87314,1
87859,1
90303,1
91375,1
100067,1
96488,1
99078,1
99154,1
88660,1
99881,1
99964,1
101203,1
101698,1
103430,1
102387,1
102041,1
102759,1
103068,1
103806,1
104084,1
104734,1
57000,1
27676,1
96189,1
86860,1
73972,1
92657,1
16110,1
65749,1
32677,1
40107,1
43241,1
75053,1
81181,1
102600,1
88115,1
83649,1
84316,1
84239,1
84468,1
103529,1
86541,1
101665,1
96463,1
98726,1
92992,1
99453,1
87331,1
77087,1
37429,1
88802,1
62879,1
93233,1
81391,1
11437,1
75923,1
100558,1
81482,1
105161,1
47034,1
26914,1
36787,1
39177,1
83588,1
87548,1
44203,1
45214,1
45450,1
48423,1
48431,1
55306,1
96223,1
64728,1
85153,1
65450,1
99622,1
91779,1
71637,1
72211,1
72252,1
74442,1
77063,1
88559,1
80091,1
78157,1
104285,1
88224,1
88945,1
90471,1
93702,1
91829,1
92429,1
93215,1
93946,1
93796,1
94337,1
95185,1
94966,1
95670,1
97352,1
103514,1
97411,1
98925,1
98372,1
98407,1
98792,1
101035,1
102877,1
102918,1
104386,1
104500,1
46029,1
73217,1
95460,1
51717,1
58954,1
87448,1
35170,1
89842,1
48909,1
92790,1
83988,1
88610,1
92689,1
91216,1
97495,1
87053,1
100725,1
74819,1
97127,1
101111,1
94038,1
103573,1
99362,1
97419,1
104218,1
82961,1
94708,1
100925,1
100977,1
24470,1
98961,1
22935,1
98207,1
95186,1
53099,1
65614,1
73729,1
68731,1
71937,1
104327,1
85632,1
73361,1
74911,1
64124,1
77440,1
80953,1
83178,1
83716,1
85388,1
86333,1
87875,1
90185,1
95688,1
99068,1
57186,1
98666,1
99663,1
99613,1
98617,1
99739,1
101153,1
94207,1
102406,1
102441,1
103153,1
70957,1
40669,1
86929,1
93326,1
99118,1
89103,1
91042,1
88282,1
93234,1
92982,1
94816,1
100234,1
28254,1
30549,1
37295,1
92038,1
92522,1
11303,1
59764,1
77306,1
70448,1
84986,1
88475,1
85372,1
86811,1
87757,1
96039,1
82936,1
90268,1
93736,1
95025,1
95152,1
96081,1
96917,1
100407,1
102124,1
104100,1
59339,1
91149,1
100792,1
102952,1
80679,1
85061,1
69800,1
73889,1
55176,1
77810,1
96615,1
96362,1
77129,1
27811,1
78006,1
72588,1
92455,1
103891,1
33972,1
37153,1
101915,1
41685,1
79915,1
103589,1
81315,1
41090,1
74233,1
104450,1
60720,1
90966,1
49926,1
66128,1
95378,1
70422,1
69817,1
74685,1
86459,1
76927,1
78409,1
88727,1
81408,1
91076,1
90939,1
82676,1
82726,1
82951,1
83648,1
15087,1
84978,1
102191,1
88577,1
88518,1
89422,1
89288,1
89188,1
89791,1
91410,1
92064,1
95578,1
95997,1
96976,1
98182,1
96005,1
96505,1
97025,1
98173,1
77624,1
98875,1
99044,1
99898,1
99897,1
100600,1
102024,1
102752,1
88299,1
104210,1
105616,1
84063,1
87161,1
63865,1
85983,1
90319,1
92063,1
55185,1
86224,1
56179,1
93376,1
97520,1
97209,1
92148,1
93169,1
76826,1
100943,1
103446,1
103212,1
92379,1
91292,1
91275,1
105027,1
92950,1
43920,1
49465,1
52228,1
56649,1
57511,1
58292,1
58728,1
65357,1
67833,1
95377,1
70070,1
85630,1
74249,1
94139,1
81289,1
81861,1
72287,1
84089,1
85832,1
85756,1
85622,1
86937,1
94296,1
88342,1
89440,1
94269,1
89776,1
91108,1
95192,1
96624,1
97270,1
96773,1
103876,1
97478,1
97528,1
84776,1
98356,1
99061,1
100541,1
102310,1
102802,1
103077,1
105012,1
103622,1
103572,1
95705,1
90856,1
103909,1
27675,1
64318,1
88528,1
98767,1
98810,1
92048,1
31903,1
95820,1
102776,1
101798,1
25434,1
53183,1
83949,1
16708,1
99177,1
26171,1
52849,1
57578,1
16523,1
80184,1
78585,1
84727,1
15070,1
99563,1
87792,1
89917,1
91041,1
98658,1
95076,1
99732,1
100406,1
102593,1
103264,1
88308,1
104007,1
71504,1
101128,1
93394,1
52463,1
56966,1
97010,1
80227,1
96183,1
103279,1
94514,1
3652,1
36855,1
88258,1
90437,1
40987,1
33470,1
103682,1
42824,1
43291,1
45231,1
45710,1
60359,1
90872,1
74022,1
75523,1
76551,1
93963,1
79397,1
80301,1
83311,1
78167,1
85790,1
88332,1
87756,1
88216,1
90068,1
91962,1
94439,1
94990,1
94488,1
94857,1
95402,1
92156,1
98099,1
98106,1
97628,1
98139,1
97905,1
87424,1
101262,1
101386,1
104194,1
104227,1
75864,1
64602,1
65951,1
34517,1
28863,1
83380,1
62729,1
89137,1
87540,1
91518,1
96046,1
96765,1
45736,1
95034,1
87556,1
98900,1
91175,1
97343,1
18682,1
103749,1
101782,1
102911,1
103613,1
93026,1
93258,1
1938,1
32951,1
72412,1
56784,1
58970,1
59213,1
59596,1
62032,1
63147,1
63190,1
72045,1
73017,1
72974,1
73821,1
97721,1
91484,1
84399,1
82786,1
83321,1
83487,1
85573,1
90446,1
88435,1
89766,1
42465,1
89630,1
89187,1
90729,1
90304,1
91006,1
92589,1
94189,1
96816,1
94890,1
87304,1
95680,1
100363,1
96132,1
97385,1
99369,1
100336,1
100701,1
92236,1
100868,1
102869,1
101648,1
105079,1
82935,1
86928,1
88476,1
83941,1
60225,1
94521,1
93092,1
33981,1
89656,1
27400,1
52724,1
55827,1
66915,1
70321,1
86709,1
73746,1
76962,1
74759,1
85085,1
90361,1
91309,1
93753,1
94455,1
78669,1
100768,1
102218,1
102610,1
103581,1
104294,1
104437,1
104994,1
89916,1
87858,1
92160,1
89960,1
97922,1
36056,1
34275,1
49842,1
48441,1
62360,1
80594,1
92705,1
104217,1
99212,1
84475,1
103783,1
61545,1
54379,1
42817,1
51247,1
81382,1
53810,1
85281,1
104985,1
49927,1
64015,1
72497,1
72649,1
77540,1
77708,1
17973,1
81014,1
84155,1
87196,1
84607,1
84936,1
102701,1
30872,1
96498,1
95956,1
96198,1
97160,1
97153,1
99110,1
99480,1
34711,1
101489,1
102100,1
102473,1
13866,1
67418,1
81777,1
58300,1
83448,1
89733,1
76509,1
37370,1
76745,1
5921,1
79247,1
87740,1
66773,1
95621,1
96032,1
71692,1
100684,1
13740,1
96991,1
94564,1
92311,1
103228,1
103103,1
86575,1
92022,1
94270,1
104668,1
83154,1
96958,1
99890,1
32574,1
36628,1
37629,1
42338,1
41785,1
71834,1
12912,1
53423,1
58561,1
59798,1
64644,1
102499,1
69620,1
16362,1
74191,1
77774,1
79616,1
84401,1
82248,1
80611,1
83296,1
85480,1
88043,1
89104,1
89606,1
90496,1
91082,1
91570,1
91846,1
98498,1
88617,1
96598,1
93537,1
94471,1
94789,1
94395,1
95796,1
96749,1
92687,1
99630,1
99571,1
101371,1
99807,1
101101,1
101623,1
101715,1
102160,1
102785,1
72514,1
103027,1
105205,1
105045,1
104894,1
43878,1
102692,1
68471,1
88895,1
62543,1
99253,1
52539,1
105380,1
22327,1
73813,1
91862,1
93853,1
58492,1
58854,1
76082,1
77481,1
66849,1
78869,1
81400,1
94345,1
84325,1
104896,1
84593,1
85471,1
88099,1
88089,1
88190,1
89355,1
91342,1
97654,1
93150,1
93947,1
97334,1
98306,1
99018,1
99119,1
102351,1
102607,1
103663,1
103261,1
104008,1
89155,1
99094,1
42163,1
24981,1
34400,1
80552,1
85045,1
80543,1
96173,1
87155,1
94305,1
61383,1
89700,1
97655,1
25742,1
35487,1
38845,1
85438,1
103590,1
42842,1
102474,1
48138,1
66388,1
57730,1
78301,1
60719,1
69767,1
75430,1
76718,1
83261,1
83899,1
86257,1
87690,1
88551,1
89499,1
89515,1
89558,1
90605,1
91979,1
94940,1
94421,1
97504,1
95468,1
87438,1
101068,1
102318,1
103563,1
105322,1
105221,1
105682,1
105062,1
36050,1
78226,1
57337,1
87589,1
90588,1
90554,1
81273,1
91870,1
91535,1
95906,1
90001,1
99580,1
102524,1
91451,1
95361,1
79449,1
101833,1
104600,1
75206,1
104650,1
88492,1
4277,1
90168,1
27214,1
100859,1
44263,1
52708,1
63723,1
92571,1
64686,1
68481,1
8642,1
76611,1
73544,1
72153,1
75457,1
75607,1
79063,1
80578,1
98717,1
83471,1
84995,1
85596,1
100456,1
95241,1
87967,1
89071,1
88734,1
89030,1
90002,1
105263,1
92463,1
94429,1
91886,1
97235,1
94891,1
94495,1
93308,1
97310,1
97100,1
97996,1
100217,1
100540,1
100693,1
101649,1
102084,1
102101,1
102134,1
102700,1
103623,1
51492,1
101194,1
104226,1
100901,1
101127,1
97731,1
57890,1
99597,1
103916,1
105112,1
78937,1
82576,1
105950,1
6598,1
36007,1
36694,1
43080,1
44340,1
52505,1
56112,1
57502,1
58794,1
60402,1
60425,1
61071,1
61190,1
62568,1
62745,1
63916,1
64519,1
66252,1
66371,1
66531,1
67528,1
68335,1
71134,1
71427,1
75213,1
75448,1
76133,1
79012,1
80317,1
81240,1
82332,1
82391,1
83496,1
86065,1
63230,1
12786,1
60377,1
32132,1
63004,1
36116,1
29628,1
35855,1
36959,1
38166,1
41912,1
53125,1
42673,1
27836,1
57359,1
12286,1
39714,1
50153,1
50688,1
50924,1
51006,1
51900,1
52137,1
64981,1
68890,1
55151,1
55601,1
56775,1
57328,1
67301,1
57588,1
57681,1
58594,1
59316,1
59395,1
60451,1
61579,1
62502,1
62050,1
62627,1
62804,1
64721,1
63323,1
77331,1
64210,1
63959,1
64568,1
64947,1
76033,1
66620,1
67950,1
66470,1
66823,1
67633,1
70598,1
69967,1
70094,1
69385,1
71578,1
71952,1
36150,1
75230,1
75297,1
73679,1
74541,1
73620,1
74945,1
74349,1
70270,1
77405,1
80140,1
80267,1
81524,1
83413,1
81937,1
82264,1
82130,1
78216,1
83388,1
83958,1
84482,1
8558,1
40595,1
43693,1
47164,1
47846,1
49195,1
55270,1
56070,1
56818,1
57293,1
60014,1
61155,1
61839,1
65766,1
66672,1
68949,1
69884,1
70228,1
73076,1
75997,1
80426,1
10710,1
40644,1
17044,1
69561,1
51760,1
31778,1
32021,1
29610,1
29869,1
36754,1
39320,1
41207,1
41954,1
27845,1
44297,1
45073,1
48029,1
47728,1
50681,1
51185,1
52196,1
52497,1
56800,1
56506,1
56974,1
50420,1
57824,1
59030,1
63425,1
30181,1
62403,1
63798,1
63756,1
64057,1
64526,1
69934,1
67674,1
67801,1
69041,1
69451,1
70285,1
79981,1
72295,1
70548,1
71083,1
69901,1
71664,1
73519,1
71562,1
73418,1
73820,1
74241,1
74106,1
75163,1
76298,1
76585,1
76701,1
59197,1
83127,1
78418,1
80528,1
81172,1
81955,1
85952,1
84005,1
68244,1
70404,1
52053,1
31384,1
72967,1
80107,1
83806,1
60986,1
70640,1
49700,1
55861,1
67843,1
70185,1
73872,1
76091,1
79741,1
85397,1
46289,1
67591,1
30848,1
21128,1
80669,1
72806,1
62618,1
37296,1
69108,1
34858,1
35814,1
38476,1
39463,1
41474,1
40260,1
42917,1
43164,1
41038,1
47108,1
45709,1
60804,1
57453,1
65866,1
65493,1
65666,1
66514,1
70395,1
70286,1
59849,1
74468,1
41107,1
84743,1
65073,1
76073,1
37067,1
67158,1
69075,1
49171,1
64268,1
64998,1
69241,1
72137,1
55735,1
56825,1
30246,1
65581,1
59315,1
71326,1
58459,1
65216,1
23145,1
33896,1
34316,1
35571,1
37018,1
43778,1
54797,1
55286,1
56539,1
56482,1
56841,1
58167,1
59891,1
63248,1
63689,1
76736,1
64470,1
64788,1
75372,1
67242,1
67673,1
69410,1
69810,1
72462,1
73167,1
63698,1
74298,1
73956,1
74651,1
75742,1
75564,1
75683,1
76686,1
77097,1
77071,1
78805,1
81734,1
64478,1
83254,1
85246,1
85355,1
85975,1
84222,1
56422,1
68370,1
15623,1
24183,1
64982,1
52915,1
55117,1
68235,1
21084,1
77046,1
79458,1
82432,1
65247,1
66780,1
63950,1
82574,1
70865,1
69109,1
35613,1
36610,1
40795,1
42909,1
45552,1
47115,1
58375,1
58903,1
58937,1
58727,1
61349,1
49953,1
63983,1
65056,1
65640,1
65800,1
68597,1
70060,1
74308,1
83101,1
50982,1
69325,1
69612,1
69284,1
69976,1
70923,1
40243,1
73428,1
73955,1
43869,1
57253,1
77255,1
74987,1
35060,1
77775,1
69868,1
68571,1
62117,1
65190,1
33772,1
52715,1
78442,1
12290,1
32356,1
76435,1
55382,1
56430,1
57194,1
57972,1
58584,1
58435,1
60476,1
61424,1
61824,1
63156,1
68588,1
70815,1
72171,1
74860,1
74083,1
74928,1
76635,1
80166,1
82349,1
69460,1
8533,1
11354,1
22192,1
23002,1
23875,1
25553,1
28650,1
29712,1
34968,1
37715,1
38091,1
42960,1
43995,1
44449,1
51626,1
54498,1
55348,1
56957,1
58887,1
59256,1
60041,1
61156,1
23622,1
26154,1
51951,1
17033,1
29025,1
30593,1
30789,1
36083,1
28730,1
40209,1
40922,1
40838,1
41911,1
50830,1
42571,1
57369,1
44942,1
44548,1
47569,1
47979,1
51205,1
51193,1
51406,1
51566,1
51708,1
45207,1
34993,1
55762,1
56640,1
57990,1
58391,1
59087,1
60753,1
63975,1
62904,1
37897,1
22284,1
23337,1
24805,1
25935,1
35731,1
36091,1
39161,1
40544,1
40771,1
42027,1
43021,1
43954,1
45148,1
47744,1
50069,1
50070,1
50696,1
51558,1
52037,1
53192,1
53398,1
54037,1
55802,1
56715,1
57554,1
58249,1
58803,1
60283,1
62778,1
62845,1
1376,1
5240,1
11740,1
22478,1
23606,1
7887,1
28255,1
32155,1
37051,1
36909,1
38551,1
40612,1
40721,1
40804,1
42490,1
42422,1
23127,1
44220,1
46381,1
47651,1
46281,1
42657,1
52699,1
57411,1
53255,1
53566,1
18426,1
56380,1
58366,1
58542,1
58919,1
58745,1
59806,1
59973,1
64559,1
13112,1
22910,1
23020,1
23782,1
24025,1
27620,1
35462,1
38888,1
43743,1
45652,1
46120,1
49625,1
50094,1
50746,1
50790,1
52103,1
52253,1
52295,1
53676,1
54565,1
55000,1
55076,1
56657,1
58150,1
58879,1
58996,1
60040,1
61123,1
61679,1
63214,1
33989,1
42356,1
58467,1
21085,1
22419,1
23454,1
53734,1
31417,1
33269,1
35519,1
34408,1
34777,1
35260,1
36611,1
36917,1
43071,1
38828,1
39898,1
40787,1
40562,1
41181,1
41475,1
50831,1
44103,1
42784,1
45017,1
45198,1
47570,1
46576,1
47374,1
47778,1
47819,1
48766,1
49052,1
49833,1
50320,1
50957,1
51791,1
53066,1
53784,1
54230,1
53920,1
56623,1
56556,1
58191,1
58737,1
59323,1
59214,1
60057,1
60452,1
61147,1
61072,1
61273,1
61739,1
62140,1
15784,1
56153,1
8701,1
22210,1
22776,1
32549,1
33587,1
36845,1
38469,1
39245,1
44390,1
45937,1
46373,1
49339,1
49634,1
50674,1
52572,1
54405,1
54665,1
54841,1
55050,1
56296,1
56498,1
56824,1
57645,1
58065,1
58200,1
59121,1
59697,1
59956,1
63373,1
1367,1
5216,1
16531,1
20234,1
56446,1
32683,1
37160,1
35136,1
46968,1
36668,1
37354,1
37982,1
55719,1
40049,1
40091,1
41198,1
41532,1
42639,1
43467,1
43752,1
43811,1
45584,1
45862,1
46590,1
48424,1
56170,1
53960,1
50589,1
50832,1
52262,1
53349,1
53399,1
56808,1
56573,1
57628,1
57352,1
58979,1
40008,1
59020,1
59571,1
59858,1
63538,1
61956,1
62134,1
57680,1
62578,1
293,1
972,1
1323,1
3376,1
2058,1
1223,1
3552,1
3518,1
4045,1
284,1
310,1
97223,1
98103,1
98161,1
97867,1
98629,1
100847,1
101627,1
101217,1
101351,1
101735,1
104706,1
81033,1
52298,1
62784,1
91591,1
58110,1
94309,1
94112,1
96036,1
78171,1
90090,1
66483,1
83955,1
98837,1
96585,1
99301,1
102088,1
102445,1
47413,1
98427,1
93774,1
102579,1
101509,1
11543,1
99569,1
57423,1
62297,1
90700,1
94202,1
96258,1
67906,1
68809,1
94819,1
77049,1
78010,1
78882,1
81529,1
83517,1
83642,1
86244,1
87048,1
87166,1
87224,1
87394,1
89017,1
90307,1
90214,1
90946,1
90953,1
92110,1
91573,1
96921,1
92484,1
93716,1
94578,1
95548,1
97584,1
98814,1
102822,1
100832,1
100154,1
99426,1
103098,1
103384,1
104400,1
91112,1
91397,1
90558,1
83123,1
93833,1
87922,1
103971,1
71524,1
74674,1
76798,1
86059,1
83770,1
81772,1
82429,1
86481,1
92903,1
89418,1
98444,1
100519,1
100997,1
100879,1
102663,1
102603,1
82286,1
99131,1
88039,1
74522,1
92634,1
99986,1
105476,1
99802,1
93322,1
86497,1
33601,1
85452,1
97197,1
47119,1
53521,1
55739,1
56460,1
101753,1
92676,1
59845,1
60867,1
49906,1
65720,1
68358,1
68970,1
72652,1
74487,1
79277,1
81537,1
79713,1
78940,1
81822,1
86638,1
86830,1
89099,1
89033,1
89452,1
89460,1
98998,1
90978,1
90559,1
92026,1
91773,1
92752,1
93046,1
93089,1
95473,1
56201,1
97525,1
96762,1
97097,1
100939,1
97969,1
99015,1
99024,1
101901,1
82536,1
103267,1
105343,1
105534,1
99064,1
98813,1
75193,1
33356,1
34638,1
23409,1
56963,1
66517,1
91749,1
75586,1
89301,1
78371,1
52735,1
94195,1
98076,1
93926,1
88152,1
100353,1
62564,1
75152,1
101208,1
90535,1
97507,1
97910,1
99686,1
85980,1
88806,1
87603,1
102037,1
102138,1
91187,1
101710,1
103995,1
36732,1
51579,1
52056,1
52123,1
81379,1
57668,1
59076,1
61033,1
63378,1
88747,1
83820,1
85728,1
83131,1
82856,1
79445,1
84646,1
100290,1
88548,1
95858,1
88354,1
90316,1
89175,1
91481,1
91976,1
91968,1
98646,1
94366,1
93625,1
93841,1
93617,1
96399,1
96382,1
97054,1
96769,1
97508,1
92776,1
98789,1
99267,1
88640,1
100053,1
100078,1
97792,1
104470,1
102511,1
103567,1
102340,1
103913,1
104655,1
104097,1
104546,1
104571,1
73239,1
104164,1
60454,1
54836,1
69703,1
80800,1
98922,1
99692,1
100587,1
105795,1
101158,1
19742,1
73783,1
33492,1
92034,1
93850,1
101006,1
102914,1
72827,1
68114,1
95514,1
93212,1
75116,1
74949,1
65506,1
86974,1
83870,1
84321,1
86546,1
88179,1
89478,1
90264,1
95305,1
95773,1
97875,1
98461,1
102629,1
8872,1
101325,1
85619,1
92274,1
83375,1
90114,1
82177,1
99458,1
81847,1
101184,1
100376,1
84345,1
44140,1
95355,1
103309,1
72894,1
29976,1
88236,1
39844,1
78019,1
99937,1
81747,1
92669,1
87997,1
102563,1
65051,1
88579,1
84796,1
72184,1
78605,1
76395,1
76514,1
79671,1
74790,1
79695,1
79554,1
78060,1
85031,1
84673,1
101971,1
88396,1
89125,1
91999,1
91716,1
94904,1
95130,1
96229,1
100772,1
98333,1
98679,1
99366,1
99549,1
99585,1
99592,1
101423,1
101041,1
103268,1
102899,1
103233,1
103394,1
103903,1
104214,1
105065,1
54987,1
85334,1
85576,1
68409,1
55437,1
90869,1
92008,1
77352,1
93633,1
87553,1
96551,1
96761,1
95701,1
87081,1
96904,1
99425,1
82703,1
97708,1
102813,1
58974,1
83991,1
94118,1
102520,1
96979,1
103433,1
98303,1
89334,1
40523,1
57265,1
57233,1
60263,1
96602,1
63905,1
96275,1
92744,1
73030,1
100477,1
81621,1
82586,1
84806,1
63446,1
83426,1
86354,1
101225,1
88564,1
88463,1
93698,1
101174,1
101241,1
93448,1
94836,1
101399,1
95734,1
99978,1
102696,1
103074,1
104511,1
105025,1
105317,1
68733,1
103049,1
87947,1
100971,1
34270,1
102781,1
101200,1
101803,1
43672,1
55479,1
101300,1
69095,1
93013,1
70676,1
74076,1
85477,1
86454,1
76832,1
90785,1
82512,1
84990,1
88006,1
88169,1
89477,1
89703,1
90424,1
96019,1
99114,1
100411,1
61567,1
100020,1
100603,1
101483,1
101484,1
101668,1
97784,1
91875,1
70508,1
79109,1
97516,1
81721,1
92593,1
54878,1
91952,1
78657,1
21584,1
40146,1
98897,1
79645,1
97056,1
103711,1
103065,1
104637,1
26826,1
69670,1
90257,1
90382,1
47950,1
47892,1
51180,1
63566,1
64061,1
67161,1
31799,1
76455,1
81538,1
79871,1
80481,1
81169,1
81824,1
85946,1
85904,1
89963,1
89528,1
90853,1
91632,1
92173,1
93045,1
94239,1
96119,1
96903,1
97943,1
98930,1
87435,1
98972,1
99365,1
99542,1
99894,1
100306,1
100646,1
102537,1
105553,1
103292,1
104390,1
105351,1
105225,1
88654,1
63828,1
30604,1
89821,1
78782,1
50150,1
92018,1
93381,1
67847,1
64590,1
56184,1
95113,1
95398,1
102087,1
104614,1
103836,1
104538,1
9191,1
36871,1
95106,1
52133,1
86194,1
59617,1
62162,1
62414,1
95766,1
70182,1
70173,1
85702,1
74303,1
98913,1
79451,1
81882,1
90315,1
88587,1
83483,1
84035,1
95423,1
95238,1
87745,1
87778,1
90903,1
90491,1
91211,1
91984,1
92660,1
93304,1
92893,1
93397,1
94069,1
94093,1
96860,1
98519,1
89108,1
99266,1
99257,1
99584,1
97079,1
100905,1
102323,1
104054,1
104513,1
105039,1
83601,1
87643,1
52652,1
66716,1
79571,1
88014,1
82496,1
86159,1
96653,1
73089,1
8788,1
82026,1
45364,1
57860,1
67627,1
85478,1
86982,1
88515,1
88269,1
94927,1
99357,1
86262,1
91966,1
101433,1
103401,1
98578,1
85149,1
31297,1
80581,1
92418,1
91582,1
53129,1
96612,1
32001,1
32894,1
104973,1
34853,1
43999,1
45588,1
52458,1
54802,1
102883,1
62850,1
94145,1
66080,1
87385,1
27580,1
84899,1
77502,1
80027,1
80388,1
80347,1
80086,1
80741,1
81092,1
81596,1
81975,1
84269,1
84814,1
81235,1
102281,1
89780,1
89856,1
104673,1
91029,1
92601,1
91908,1
93237,1
93658,1
95692,1
96076,1
97959,1
98435,1
98512,1
99382,1
26733,1
102823,1
104105,1
104823,1
69054,1
87125,1
56860,1
73465,1
74974,1
91295,1
44703,1
83360,1
51720,1
65210,1
61465,1
92945,1
72653,1
95020,1
91690,1
94162,1
98119,1
58973,1
69770,1
97583,1
93371,1
91548,1
95263,1
87552,1
76129,1
77401,1
91195,1
69524,1
102137,1
103569,1
89836,1
71499,1
37778,1
40622,1
53286,1
64732,1
66768,1
69564,1
68568,1
92769,1
73601,1
101191,1
75967,1
77219,1
92401,1
95667,1
84923,1
84084,1
73122,1
91882,1
86118,1
86614,1
88388,1
88023,1
88580,1
88773,1
87375,1
92042,1
103643,1
93129,1
93398,1
94837,1
97123,1
104646,1
100205,1
100112,1
14030,1
100670,1
100437,1
102521,1
87887,1
102873,1
104181,1
102948,1
104580,1
104932,1
54662,1
88856,1
101073,1
22264,1
60991,1
79503,1
95590,1
31707,1
27840,1
93908,1
103393,1
74127,1
80421,1
79142,1
86973,1
94502,1
103006,1
99685,1
52383,1
90265,1
93608,1
10680,1
98170,1
99350,1
99316,1
99552,1
100805,1
101057,1
102314,1
105544,1
32145,1
53327,1
65093,1
69754,1
88538,1
45523,1
70090,1
89335,1
80801,1
84830,1
81864,1
84455,1
95482,1
43061,1
102402,1
80749,1
105115,1
100179,1
85391,1
81310,1
30776,1
59424,1
27698,1
29061,1
86498,1
35936,1
93146,1
39812,1
104423,1
41101,1
42678,1
45304,1
96896,1
100579,1
86421,1
65277,1
59525,1
60455,1
91608,1
71889,1
90660,1
80665,1
99676,1
62372,1
85148,1
84772,1
85201,1
85819,1
86345,1
87275,1
88076,1
89133,1
93036,1
103962,1
94619,1
94325,1
95072,1
95372,1
100773,1
97021,1
97775,1
97701,1
97758,1
98334,1
98688,1
99576,1
101878,1
103368,1
104147,1
100452,1
87779,1
86236,1
66996,1
67931,1
82321,1
94417,1
91381,1
91072,1
84687,1
57818,1
87962,1
93372,1
96720,1
98878,1
86076,1
96668,1
88605,1
100630,1
89594,1
99829,1
91178,1
103746,1
63100,1
19048,1
104849,1
96542,1
55273,1
60506,1
63752,1
67914,1
70701,1
92265,1
85610,1
77235,1
77093,1
96060,1
80605,1
83055,1
83593,1
83946,1
93640,1
96476,1
11753,1
91789,1
88379,1
90926,1
91246,1
91706,1
91983,1
92417,1
92887,1
93733,1
95616,1
94995,1
95089,1
94400,1
96359,1
99575,1
97684,1
97709,1
98352,1
98989,1
99039,1
99583,1
100846,1
100872,1
101609,1
101602,1
102487,1
102713,1
101510,1
103377,1
99021,1
105428,1
103559,1
31958,1
104494,1
103702,1
105032,1
102365,1
87191,1
104964,1
89712,1
24968,1
25295,1
35702,1
37987,1
42494,1
42704,1
44351,1
45942,1
48210,1
50584,1
64977,1
65489,1
68441,1
68625,1
69747,1
69880,1
69989,1
70903,1
74204,1
75730,1
77528,1
77834,1
80497,1
83602,1
84839,1
66492,1
7019,1
33591,1
26928,1
21484,1
7984,1
78622,1
75469,1
60900,1
29975,1
36297,1
37812,1
39669,1
80003,1
65896,1
42804,1
30945,1
47540,1
76774,1
51730,1
53097,1
53232,1
53529,1
56000,1
58230,1
60280,1
59353,1
59828,1
61235,1
62357,1
63585,1
65430,1
67145,1
67787,1
67922,1
68508,1
68701,1
69889,1
71746,1
74915,1
72526,1
72299,1
72878,1
73221,1
72366,1
75537,1
74268,1
74388,1
75083,1
76874,1
77016,1
78054,1
77927,1
78664,1
78690,1
78691,1
80900,1
83140,1
82444,1
81839,1
83184,1
83374,1
56157,1
61459,1
85536,1
84613,1
33288,1
34878,1
35073,1
36288,1
41502,1
42568,1
47128,1
48921,1
49064,1
53412,1
53855,1
57080,1
57900,1
58698,1
59032,1
60774,1
64298,1
65094,1
65763,1
66559,1
67037,1
70023,1
70569,1
70753,1
72946,1
73566,1
73918,1
73994,1
80373,1
81346,1
81485,1
39334,1
9586,1
21217,1
23324,1
69591,1
30530,1
77994,1
29924,1
29949,1
37114,1
37415,1
38003,1
39558,1
42216,1
42301,1
42904,1
45648,1
53310,1
54458,1
54452,1
66819,1
57054,1
57282,1
53781,1
42737,1
60414,1
60918,1
61169,1
62497,1
61634,1
62247,1
76741,1
63686,1
64103,1
64708,1
66106,1
61192,1
67946,1
67171,1
68048,1
68148,1
68734,1
68844,1
61183,1
69980,1
72628,1
21106,1
73969,1
73683,1
31815,1
54016,1
76110,1
76295,1
77043,1
77678,1
76530,1
77334,1
78036,1
84933,1
79276,1
79468,1
80907,1
81009,1
81890,1
82142,1
84496,1
15243,1
84529,1
82546,1
69464,1
78388,1
59309,1
63236,1
84471,1
22330,1
55613,1
54953,1
57483,1
59386,1
60120,1
66769,1
70198,1
74789,1
74003,1
66852,1
77960,1
81654,1
56158,1
45638,1
38339,1
72134,1
41228,1
67397,1
84822,1
41386,1
46965,1
63203,1
69541,1
70718,1
76302,1
36404,1
40087,1
41479,1
33231,1
45547,1
47766,1
71617,1
64389,1
47832,1
64179,1
68576,1
66358,1
68147,1
70391,1
69930,1
70374,1
72727,1
73674,1
75520,1
77083,1
80381,1
81083,1
81043,1
82252,1
84571,1
86211,1
58622,1
54962,1
66643,1
60673,1
64699,1
51089,1
65561,1
63938,1
61862,1
73968,1
68258,1
65567,1
37492,1
75985,1
73548,1
38010,1
77850,1
66576,1
35584,1
74061,1
84889,1
61794,1
57372,1
15620,1
16669,1
12295,1
40765,1
54157,1
44260,1
58851,1
48167,1
54090,1
58784,1
60555,1
61585,1
63463,1
62631,1
62842,1
63819,1
64666,1
66717,1
70552,1
16435,1
69847,1
70877,1
70937,1
72434,1
69680,1
72970,1
75225,1
76346,1
80446,1
82328,1
82068,1
85268,1
78094,1
61387,1
67430,1
59668,1
66398,1
29430,1
14622,1
42895,1
85743,1
55755,1
58513,1
61402,1
61500,1
7288,1
61929,1
66365,1
66783,1
70181,1
68819,1
75185,1
76480,1
85368,1
57398,1
13803,1
59810,1
58817,1
64164,1
58438,1
79754,1
82277,1
26885,1
29548,1
35926,1
36614,1
42133,1
44520,1
59582,1
53579,1
50969,1
60798,1
62531,1
74445,1
68190,1
75275,1
78044,1
81160,1
81185,1
82460,1
49511,1
56612,1
58505,1
31430,1
67803,1
44327,1
68659,1
68920,1
55789,1
71171,1
71881,1
60648,1
68853,1
70249,1
65990,1
71304,1
38623,1
76093,1
67727,1
80331,1
61819,1
62061,1
83065,1
65186,1
45431,1
56367,1
65310,1
38405,1
37575,1
63042,1
41278,1
42351,1
44300,1
48034,1
51080,1
48955,1
52702,1
54986,1
54930,1
55639,1
56183,1
58665,1
57819,1
59432,1
60445,1
82211,1
82227,1
65320,1
65553,1
65712,1
69280,1
53679,1
53705,1
71106,1
71298,1
70316,1
73037,1
73943,1
73950,1
75518,1
75309,1
76504,1
78842,1
79167,1
81077,1
81857,1
82773,1
83886,1
85174,1
69447,1
8597,1
22255,1
22339,1
23015,1
23904,1
31842,1
35408,1
36280,1
39301,1
40615,1
41721,1
41890,1
44292,1
45031,1
45892,1
46370,1
53419,1
53612,1
54686,1
55512,1
55638,1
55764,1
56911,1
57599,1
58129,1
60446,1
60691,1
61276,1
63794,1
22322,1
24633,1
28836,1
31414,1
33785,1
34110,1
35894,1
35859,1
36664,1
37702,1
39316,1
39677,1
44512,1
44872,1
43245,1
47941,1
49469,1
49561,1
49829,1
56887,1
51546,1
51963,1
52852,1
53172,1
53403,1
54184,1
55732,1
31892,1
54996,1
57140,1
57574,1
57475,1
9996,1
21081,1
22071,1
24046,1
27096,1
27606,1
35532,1
36648,1
37382,1
38296,1
38331,1
39828,1
41100,1
41161,1
41562,1
41998,1
42166,1
42812,1
43472,1
43790,1
47048,1
48168,1
49185,1
49973,1
52275,1
57708,1
60715,1
28961,1
14765,1
30035,1
19114,1
28709,1
50610,1
35004,1
35860,1
37459,1
8882,1
38203,1
48369,1
53664,1
40539,1
21064,1
45572,1
42435,1
45722,1
48126,1
48821,1
50541,1
49754,1
50140,1
52485,1
53562,1
55320,1
57927,1
60548,1
63118,1
65637,1
8780,1
21074,1
24699,1
29506,1
32151,1
33909,1
38791,1
39442,1
41714,1
46166,1
46377,1
47064,1
47909,1
48361,1
49780,1
49955,1
52266,1
52291,1
56903,1
58128,1
59902,1
60966,1
62548,1
62825,1
63369,1
43948,1
9761,1
18763,1
7992,1
25244,1
31237,1
27556,1
31381,1
31380,1
32008,1
34026,1
37935,1
34996,1
35005,1
34862,1
35935,1
37200,1
38111,1
39425,1
39492,1
39552,1
40187,1
40281,1
40666,1
41220,1
41511,1
43595,1
44033,1
44066,1
45414,1
45055,1
46099,1
46897,1
39878,1
27111,1
55139,1
52231,1
52391,1
55847,1
56953,1
60196,1
60940,1
61429,1
62146,1
62732,1
63567,1
64759,1
6308,1
14898,1
23275,1
26351,1
27514,1
28630,1
32334,1
38725,1
39652,1
39888,1
41588,1
43004,1
44310,1
46317,1
47311,1
47347,1
49628,1
51796,1
51896,1
52860,1
54468,1
54860,1
55062,1
55073,1
56392,1
56711,1
58296,1
59209,1
61000,1
61685,1
16796,1
20136,1
23308,1
26309,1
27942,1
28117,1
32656,1
34698,1
34421,1
35795,1
35626,1
44661,1
36153,1
36119,1
39476,1
40112,1
40381,1
40556,1
40581,1
42517,1
44353,1
39753,1
45924,1
46233,1
46234,1
46478,1
48702,1
49730,1
52392,1
52274,1
55931,1
56318,1
55530,1
56543,1
63534,1
62381,1
62990,1
60815,1
1043,1
750,1
1059,1
1514,1
2692,1
3304,1
843,1
3371,1
280,1
3277,1
3756,1
4928,1
1630,1
4533,1
3380,1
13942,2
370,2
4387,2
5049,2
6898,2
8046,2
9564,2
10558,2
10819,2
11105,2
11297,2
11388,2
15163,2
6378,2
11682,2
13757,2
4605,2
6304,2
8968,2
12415,2
13457,2
9614,2
9814,2
6438,2
6454,2
6640,2
7241,2
8222,2
8759,2
9756,2
9958,2
11380,2
14415,2
16361,2
17060,2
17269,2
17353,2
7578,2
7009,2
7091,2
7528,2
9179,2
6571,2
11749,2
6236,2
10440,2
11087,2
3231,2
13447,2
3777,2
11171,2
12769,2
13591,2
13716,2
14644,2
16069,2
16499,2
1200,2
5041,2
2772,2
4471,2
1089,2
2679,2
3426,2
3778,2
5008,2
4160,2
2227,2
3250,2
1031,2
1693,2
729,2
9002,2
10574,2
11915,2
11916,2
12718,2
14001,2
14348,2
15791,2
16162,2
17068,2
17461,2
17587,2
17588,2
17622,2
17857,2
18157,2
18351,2
18583,2
19781,2
19808,2
19839,2
20150,2
4354,2
9563,2
8733,2
12944,2
10643,2
11656,2
11975,2
13793,2
14211,2
14341,2
14694,2
14685,2
15179,2
15315,2
17152,2
18007,2
15899,2
19925,2
20283,2
23177,2
15062,2
13641,2
8115,2
11882,2
11899,2
19655,2
21579,2
22411,2
23842,2
23891,2
24611,2
24855,2
25058,2
26087,2
26330,2
27761,2
8600,2
19347,2
19782,2
20267,2
20749,2
24678,2
24695,2
25509,2
27476,2
11102,2
24108,2
6344,2
9948,2
11035,2
19932,2
19942,2
22326,2
22520,2
24026,2
24043,2
24571,2
24938,2
24939,2
25358,2
26356,2
27216,2
22766,2
15793,2
16145,2
16152,2
21018,2
23405,2
23806,2
24001,2
26237,2
28098,2
17930,2
18759,2
21816,2
22453,2
25768,2
27742,2
28229,2
22768,2
6588,2
8181,2
9456,2
13666,2
19698,2
23211,2
23967,2
26045,2
27217,2
28523,2
12391,2
22226,2
22623,2
24881,2
26221,2
27702,2
29686,2
30407,2
30592,2
30746,2
31301,2
31786,2
33880,2
34787,2
35748,2
36727,2
36794,2
38977,2
39017,2
39639,2
45241,2
46364,2
9942,2
12594,2
8574,2
22860,2
23430,2
23849,2
25114,2
25709,2
39186,2
26203,2
26204,2
37278,2
27692,2
30013,2
30440,2
30550,2
31041,2
31779,2
32364,2
32617,2
32642,2
32684,2
32727,2
32908,2
32958,2
24210,2
33765,2
33680,2
33854,2
34031,2
34057,2
34619,2
34984,2
29450,2
35798,2
36301,2
8458,2
38376,2
38209,2
37806,2
38157,2
38377,2
38568,2
39204,2
39908,2
39932,2
40227,2
40386,2
42658,2
42322,2
42959,2
31720,2
6597,2
34233,2
3477,2
17227,2
22377,2
23473,2
23681,2
23799,2
25233,2
26020,2
27433,2
27878,2
28080,2
28214,2
29284,2
29678,2
30065,2
31275,2
31410,2
31537,2
32390,2
34518,2
34850,2
35327,2
35359,2
35672,2
35689,2
37824,2
38879,2
40335,2
42984,2
44506,2
21346,2
746,2
14365,2
5234,2
11673,2
9773,2
11473,2
16345,2
19747,2
21806,2
22876,2
23690,2
24469,2
26830,2
28147,2
28390,2
29710,2
29945,2
29769,2
30583,2
31142,2
31152,2
31434,2
31678,2
32450,2
32668,2
33813,2
35511,2
34014,2
34292,2
34795,2
34719,2
34833,2
35343,2
35856,2
38425,2
38210,2
38502,2
38686,2
38805,2
39405,2
43675,2
45759,2
32373,2
18843,2
18959,2
22827,2
22903,2
35050,2
38917,2
42119,2
44104,2
44287,2
8749,2
22309,2
22317,2
23305,2
23354,2
27752,2
25675,2
30449,2
31166,2
35521,2
34720,2
35612,2
37303,2
38712,2
41106,2
33067,2
33185,2
105111,2
87170,2
82751,2
90126,2
40158,2
100959,2
93427,2
50847,2
18310,2
100381,2
43249,2
48792,2
51192,2
59097,2
61496,2
61400,2
65525,2
67324,2
87313,2
86718,2
76728,2
78711,2
97386,2
85473,2
86526,2
65409,2
88098,2
89162,2
13810,2
95451,2
94181,2
95662,2
94923,2
98984,2
98191,2
99261,2
100935,2
80409,2
102693,2
7149,2
60167,2
62921,2
101119,2
91955,2
94047,2
95251,2
98944,2
98642,2
103859,2
66354,2
81207,2
79777,2
31604,2
32557,2
84943,2
91217,2
59053,2
99479,2
82457,2
93688,2
17679,2
95326,2
77863,2
98591,2
101773,2
105613,2
93125,2
76970,2
97326,2
82599,2
92514,2
91224,2
36207,2
90806,2
41307,2
47971,2
48221,2
101756,2
58821,2
87899,2
70999,2
73093,2
89867,2
80226,2
80778,2
80804,2
91812,2
83404,2
82626,2
83579,2
85539,2
83195,2
85555,2
88350,2
88576,2
89566,2
90178,2
90983,2
91023,2
91527,2
5764,2
9345,2
1707,2
6111,2
6191,2
7549,2
7951,2
8224,2
13668,2
14904,2
7223,2
7247,2
12133,2
4293,2
4606,2
6193,2
8108,2
12659,2
1723,2
7136,2
7927,2
8917,2
9826,2
9871,2
11169,2
13161,2
13582,2
14423,2
14769,2
15035,2
9314,2
845,2
4861,2
8014,2
13127,2
13558,2
14896,2
4464,2
7031,2
12959,2
13140,2
14036,2
6330,2
14854,2
9090,2
9986,2
12167,2
13093,2
811,2
2170,2
4375,2
1597,2
3754,2
4897,2
5827,2
575,2
225,2
346,2
283,2
49,2
609,2
4858,2
6162,2
10505,2
11285,2
11747,2
13101,2
13894,2
15390,2
15931,2
15934,2
16130,2
17041,2
17141,2
17490,2
18058,2
19553,2
19992,2
20139,2
21395,2
22817,2
3475,2
8242,2
19188,2
11881,2
12473,2
13521,2
21821,2
13744,2
21624,2
21627,2
14862,2
16175,2
17729,2
18008,2
20131,2
24181,2
13224,2
13300,2
13815,2
15584,2
20862,2
21684,2
22194,2
22225,2
22778,2
23206,2
23645,2
25791,2
27980,2
9579,2
21028,2
21046,2
26508,2
28803,2
13568,2
14859,2
23519,2
27649,2
28003,2
28714,2
14851,2
15492,2
7987,2
11508,2
13187,2
15894,2
17879,2
20026,2
22875,2
23049,2
23327,2
23695,2
25029,2
25121,2
25129,2
25399,2
25959,2
27927,2
27930,2
11608,2
17343,2
22610,2
24556,2
711,2
20770,2
26274,2
26581,2
8179,2
10791,2
14596,2
16356,2
17501,2
18631,2
19180,2
22799,2
22888,2
18925,2
22228,2
22762,2
23392,2
23758,2
23784,2
23813,2
24464,2
28861,2
28987,2
29974,2
31115,2
32839,2
33036,2
33396,2
33477,2
40780,2
40911,2
41016,2
41318,2
41441,2
42282,2
43050,2
18160,2
24296,2
19816,2
11860,2
8531,2
12665,2
29575,2
17251,2
19561,2
19624,2
20605,2
22325,2
37435,2
26497,2
24940,2
29567,2
29643,2
30363,2
30531,2
30699,2
30850,2
31097,2
31118,2
34785,2
31512,2
31562,2
32153,2
31995,2
32040,2
32134,2
32150,2
32384,2
24212,2
33018,2
33088,2
33222,2
35527,2
34617,2
35133,2
35713,2
36730,2
38780,2
39408,2
40128,2
40375,2
43699,2
44006,2
45856,2
46303,2
13261,2
26643,2
8366,2
30702,2
7370,2
22578,2
23319,2
23881,2
25977,2
26125,2
27123,2
29331,2
31982,2
35472,2
35766,2
35858,2
36751,2
37020,2
38764,2
39366,2
41006,2
42705,2
13621,2
20294,2
23133,2
25268,2
26208,2
35700,2
35703,2
29993,2
31060,2
31073,2
31094,2
32226,2
32345,2
32704,2
33209,2
33333,2
33480,2
34699,2
38433,2
39395,2
38809,2
40333,2
40656,2
34712,2
41200,2
29047,2
24480,2
31021,2
31370,2
35262,2
37810,2
38832,2
41988,2
42327,2
11435,2
22412,2
22749,2
27126,2
29302,2
29651,2
34144,2
33590,2
34326,2
37172,2
38244,2
38970,2
39697,2
40753,2
40972,2
42653,2
91396,2
90703,2
99023,2
101650,2
72918,2
85768,2
49747,2
72380,2
93207,2
91588,2
102126,2
23868,2
21054,2
41636,2
87513,2
54590,2
59095,2
61677,2
62554,2
75563,2
74108,2
75429,2
96181,2
79064,2
84841,2
82495,2
79720,2
88457,2
89739,2
90603,2
94855,2
100244,2
102372,2
102912,2
104815,2
92290,2
96892,2
85025,2
61632,2
81647,2
85127,2
86536,2
98597,2
81360,2
82137,2
89936,2
91643,2
36939,2
47701,2
95995,2
101947,2
92821,2
85747,2
32707,2
37666,2
97362,2
85356,2
43793,2
45292,2
83290,2
47638,2
97393,2
54219,2
86334,2
97470,2
78830,2
35280,2
79710,2
80397,2
80601,2
80630,2
81250,2
81510,2
82644,2
82707,2
82555,2
102139,2
84460,2
24186,2
85319,2
91956,2
88402,2
93073,2
89127,2
88854,2
89287,2
89390,2
89374,2
90078,2
90787,2
1860,2
2576,2
4502,2
6985,2
7718,2
9042,2
10750,2
11930,2
14061,2
14895,2
7684,2
9549,2
10705,2
11113,2
11953,2
2744,2
13296,2
4020,2
7408,2
7508,2
7711,2
8388,2
8459,2
9194,2
10040,2
10695,2
12553,2
13197,2
14113,2
14197,2
14666,2
5742,2
9843,2
10127,2
4499,2
7526,2
7713,2
8375,2
9783,2
14153,2
16087,2
11801,2
4602,2
1188,2
4794,2
6413,2
7818,2
7918,2
7991,2
9757,2
10270,2
14692,2
5645,2
4917,2
5235,2
1892,2
2681,2
2710,2
3206,2
3377,2
3779,2
4481,2
1204,2
2684,2
6237,2
224,2
402,2
1172,2
2127,2
681,2
2515,2
584,2
4292,2
7579,2
8811,2
8997,2
15898,2
16200,2
16698,2
17163,2
17378,2
17991,2
18366,2
18514,2
18585,2
19168,2
19360,2
19783,2
19812,2
21620,2
2563,2
8073,2
8611,2
20821,2
9502,2
11094,2
12208,2
16774,2
20177,2
13344,2
18290,2
14053,2
18475,2
14771,2
15317,2
17218,2
15937,2
20308,2
16659,2
9478,2
18617,2
20285,2
13854,2
17048,2
19956,2
20025,2
11318,2
18235,2
18444,2
5159,2
11693,2
18937,2
19444,2
21103,2
22003,2
22279,2
23084,2
23475,2
23830,2
23917,2
23935,2
25248,2
25503,2
25952,2
26462,2
12842,2
4757,2
10519,2
11502,2
16323,2
17011,2
17938,2
25306,2
25774,2
26244,2
15890,2
18457,2
10737,2
13917,2
16027,2
17129,2
22619,2
23097,2
23139,2
23142,2
23628,2
23688,2
23759,2
24668,2
24993,2
25212,2
25884,2
25981,2
7153,2
9604,2
19441,2
22387,2
24337,2
25842,2
12705,2
18798,2
21032,2
27288,2
28002,2
28186,2
10800,2
17328,2
18811,2
19707,2
22521,2
22866,2
23010,2
23281,2
24032,2
24849,2
22724,2
23018,2
23071,2
23817,2
24836,2
24857,2
25727,2
25737,2
25900,2
26268,2
27185,2
31017,2
31208,2
31639,2
32985,2
33316,2
34592,2
34848,2
36324,2
36992,2
38290,2
38308,2
38831,2
39457,2
40954,2
42643,2
43248,2
45952,2
46178,2
9034,2
23662,2
15428,2
23714,2
24479,2
24694,2
25813,2
26425,2
26694,2
26920,2
24644,2
29763,2
28543,2
27989,2
29114,2
29327,2
29356,2
29884,2
29392,2
30464,2
30914,2
30922,2
31169,2
27876,2
28173,2
31369,2
31855,2
32117,2
32288,2
32482,2
32661,2
32745,2
33116,2
33321,2
33208,2
35518,2
34637,2
36161,2
36529,2
36332,2
36424,2
36398,2
37344,2
38195,2
38282,2
38406,2
38432,2
40477,2
40524,2
40553,2
30925,2
39000,2
6310,2
11843,2
17856,2
23486,2
25729,2
26278,2
27411,2
30183,2
33103,2
34098,2
34359,2
35975,2
37928,2
38857,2
39242,2
40474,2
7382,2
35594,2
13732,2
18395,2
22329,2
22614,2
23202,2
23399,2
23964,2
26118,2
1939,2
28157,2
30404,2
31077,2
31555,2
31479,2
11186,2
32393,2
32935,2
35513,2
34351,2
35003,2
35368,2
35741,2
36453,2
37336,2
39105,2
39502,2
40101,2
40122,2
40371,2
41083,2
42210,2
43884,2
44281,2
44580,2
41506,2
27760,2
15071,2
23386,2
26980,2
32679,2
32893,2
33802,2
34390,2
41984,2
42029,2
43527,2
12229,2
37166,2
15824,2
17817,2
18701,2
22368,2
23586,2
26047,2
30951,2
31248,2
29505,2
32819,2
33633,2
34776,2
36048,2
37434,2
37909,2
38235,2
38342,2
39108,2
39050,2
39134,2
39139,2
39675,2
40135,2
40434,2
40650,2
41963,2
40490,2
44974,2
45792,2
73434,2
97363,2
91167,2
90436,2
103160,2
77404,2
81480,2
88755,2
79514,2
43348,2
89202,2
97573,2
102030,2
66200,2
14234,2
27837,2
77178,2
56683,2
92878,2
68980,2
69629,2
74895,2
78810,2
82790,2
83581,2
95256,2
84543,2
85483,2
86648,2
90389,2
13806,2
91453,2
96041,2
91718,2
95873,2
97142,2
105176,2
83299,2
93332,2
92636,2
5920,2
96146,2
100685,2
38298,2
81837,2
82459,2
62534,2
24465,2
51987,2
94447,2
91915,2
99859,2
49320,2
101730,2
103520,2
102401,2
93552,2
21969,2
77846,2
28120,2
29621,2
78947,2
102963,2
76813,2
36650,2
39507,2
79930,2
78125,2
48611,2
54431,2
92775,2
63777,2
86330,2
90352,2
102274,2
74372,2
79125,2
74456,2
79509,2
81438,2
79933,2
81039,2
89722,2
82724,2
83688,2
84606,2
86372,2
86742,2
87488,2
101817,2
90472,2
92027,2
87839,2
94416,2
93840,2
93935,2
93977,2
95294,2
94863,2
95005,2
95619,2
95028,2
95885,2
97635,2
100492,2
79505,2
104872,2
103642,2
103043,2
84738,2
105135,2
52621,2
75211,2
56521,2
63818,2
64225,2
56826,2
60444,2
47294,2
86147,2
48860,2
86483,2
53523,2
94037,2
84492,2
84725,2
75686,2
81022,2
99012,2
76822,2
93919,2
43720,2
95643,2
63616,2
53194,2
97005,2
94616,2
92863,2
93767,2
58483,2
100815,2
58144,2
103222,2
100228,2
101083,2
79085,2
97987,2
103033,2
91877,2
84589,2
19138,2
98962,2
53047,2
89340,2
89332,2
43749,2
94892,2
50225,2
104948,2
57858,2
61729,2
61813,2
69668,2
71985,2
80753,2
72745,2
64223,2
75602,2
76499,2
76350,2
76667,2
77245,2
78867,2
44584,2
84040,2
81631,2
81665,2
82718,2
83366,2
83185,2
83640,2
84528,2
86318,2
89040,2
90606,2
91549,2
92663,2
88071,2
93289,2
92487,2
95685,2
95690,2
96398,2
94264,2
97254,2
96521,2
98355,2
99979,2
100286,2
98757,2
101222,2
102421,2
104262,2
95895,2
92032,2
98260,2
75679,2
85067,2
99921,2
59451,2
92330,2
84000,2
30321,2
40092,2
59587,2
92613,2
57992,2
103789,2
99062,2
77757,2
49999,2
99674,2
85306,2
86904,2
84694,2
92784,2
93987,2
95506,2
97375,2
67152,2
96158,2
79539,2
83603,2
90816,2
77586,2
100678,2
77971,2
30050,2
82723,2
35330,2
91021,2
98870,2
56419,2
81639,2
51081,2
94553,2
100029,2
96377,2
78832,2
82825,2
36447,2
41699,2
44534,2
98008,2
47023,2
89214,2
97454,2
55859,2
92666,2
93475,2
65794,2
62541,2
67344,2
97653,2
70059,2
74095,2
54818,2
74336,2
102741,2
80410,2
80814,2
81689,2
82647,2
103038,2
83259,2
85180,2
85177,2
89101,2
88447,2
88255,2
89789,2
90109,2
91357,2
60000,2
92876,2
91102,2
92503,2
93651,2
95780,2
96298,2
100296,2
90600,2
100744,2
100657,2
101272,2
102864,2
103697,2
104010,2
105117,2
78444,2
47683,2
89011,2
51789,2
52734,2
77311,2
48765,2
88297,2
35577,2
89784,2
93260,2
18671,2
47344,2
87587,2
87928,2
51586,2
101747,2
83138,2
66771,2
40181,2
93091,2
51245,2
54868,2
53770,2
54603,2
57706,2
56579,2
65318,2
74168,2
77171,2
77995,2
65629,2
77668,2
77820,2
82087,2
82631,2
83020,2
83453,2
86864,2
93630,2
87595,2
88885,2
91289,2
91189,2
91835,2
89650,2
93643,2
94629,2
94931,2
97055,2
58068,2
100178,2
100694,2
101979,2
101921,2
102039,2
102359,2
72553,2
103206,2
86925,2
64790,2
86431,2
80118,2
83734,2
91150,2
54876,2
104452,2
70427,2
92900,2
42511,2
43239,2
92703,2
102699,2
74134,2
76780,2
85445,2
83645,2
92251,2
96160,2
96534,2
102991,2
103768,2
53607,2
83771,2
79460,2
49888,2
82673,2
21873,2
32762,2
39897,2
40764,2
94293,2
65938,2
47049,2
50148,2
96221,2
64409,2
65962,2
70414,2
79723,2
76851,2
90661,2
99858,2
87592,2
101721,2
86552,2
88975,2
90456,2
90608,2
91683,2
92592,2
92427,2
86754,2
94955,2
96210,2
100704,2
97246,2
97294,2
104594,2
101774,2
102023,2
102481,2
102618,2
102880,2
57317,2
72277,2
56547,2
57987,2
81993,2
84757,2
36126,2
92061,2
90051,2
76964,2
92576,2
95488,2
52758,2
89143,2
84213,2
95002,2
76205,2
85324,2
69549,2
90091,2
77715,2
92805,2
25591,2
42245,2
33782,2
38835,2
79484,2
52653,2
55318,2
104432,2
57212,2
68064,2
65441,2
73199,2
87466,2
73822,2
64228,2
75500,2
76604,2
82560,2
83758,2
84914,2
85758,2
86124,2
100299,2
86386,2
89907,2
87944,2
91073,2
91362,2
91937,2
93512,2
95798,2
97052,2
98074,2
96852,2
97391,2
95743,2
99424,2
100691,2
101206,2
101464,2
101584,2
97790,2
55308,2
103915,2
104049,2
105059,2
76914,2
70201,2
94456,2
69097,2
101080,2
85482,2
8623,2
10641,2
22315,2
42172,2
59942,2
67223,2
86749,2
77208,2
65389,2
89920,2
98602,2
101784,2
86024,2
56516,2
74502,2
79597,2
103159,2
103847,2
104641,2
104930,2
88801,2
90529,2
81870,2
99083,2
97212,2
85243,2
94571,2
3712,2
94871,2
32024,2
85185,2
43116,2
43179,2
44642,2
47974,2
75673,2
64601,2
75214,2
74938,2
78717,2
85537,2
91055,2
93646,2
95170,2
98055,2
97162,2
97215,2
97877,2
88812,2
99684,2
76131,2
36986,2
35183,2
89327,2
9106,2
61779,2
84731,2
60370,2
38816,2
42697,2
63258,2
98268,2
58389,2
82402,2
92519,2
73874,2
39485,2
88176,2
102731,2
104346,2
100241,2
99616,2
95914,2
31328,2
98302,2
56361,2
44219,2
94879,2
56750,2
59250,2
62499,2
80951,2
74368,2
50062,2
76772,2
99314,2
80252,2
81899,2
83810,2
85571,2
84056,2
91423,2
91638,2
86095,2
87781,2
87316,2
89613,2
90204,2
90280,2
91840,2
92824,2
93404,2
92871,2
101169,2
93777,2
94663,2
95483,2
96311,2
89886,2
97023,2
97354,2
100338,2
100644,2
101582,2
102917,2
83608,2
79045,2
78068,2
70450,2
61800,2
42495,2
14327,2
88221,2
94813,2
95078,2
95496,2
97241,2
100804,2
105206,2
76885,2
84221,2
87936,2
84095,2
96926,2
92748,2
87618,2
97808,2
36832,2
91599,2
65600,2
82190,2
100275,2
65455,2
99277,2
83598,2
93202,2
24627,2
64937,2
103760,2
29617,2
39345,2
83080,2
29793,2
50209,2
60344,2
64178,2
69273,2
89392,2
79331,2
80034,2
82116,2
95666,2
102702,2
88785,2
89122,2
30842,2
89568,2
89981,2
80840,2
91173,2
38625,2
101180,2
105584,2
103303,2
46024,2
77773,2
87492,2
19046,2
62507,2
76318,2
78055,2
81344,2
77437,2
73903,2
29144,2
40790,2
42849,2
47302,2
65681,2
67142,2
74071,2
76630,2
76683,2
64136,2
80887,2
84762,2
89371,2
90918,2
103482,2
104967,2
102408,2
74778,2
95149,2
77950,2
51996,2
94369,2
60982,2
67105,2
48710,2
54978,2
11306,2
66427,2
80922,2
93843,2
64748,2
68779,2
57157,2
79900,2
52587,2
10442,2
32889,2
37490,2
39645,2
44634,2
45867,2
49944,2
58843,2
64538,2
69176,2
94011,2
80751,2
81142,2
81762,2
84791,2
87624,2
97480,2
56802,2
44750,2
42944,2
56566,2
38275,2
53431,2
59216,2
87306,2
89988,2
81161,2
102801,2
88762,2
64029,2
73908,2
46581,2
57039,2
60121,2
61284,2
63813,2
68054,2
69630,2
69681,2
65024,2
73882,2
74549,2
76562,2
33154,2
87831,2
90944,2
94716,2
79006,2
102878,2
21083,2
30542,2
40714,2
45412,2
47007,2
47609,2
48266,2
48907,2
51831,2
53536,2
54955,2
55028,2
55052,2
55201,2
58045,2
58315,2
58636,2
59682,2
59966,2
61989,2
62806,2
63121,2
63918,2
65991,2
67087,2
67092,2
67202,2
67613,2
69459,2
71430,2
72009,2
72968,2
74964,2
75466,2
76118,2
78706,2
83692,2
7688,2
82024,2
18450,2
23603,2
27867,2
30111,2
29961,2
36058,2
36722,2
39831,2
41691,2
42920,2
7901,2
47389,2
51539,2
67679,2
54185,2
55175,2
66406,2
57049,2
58376,2
56584,2
68863,2
60147,2
62065,2
61561,2
62593,2
63611,2
62717,2
65518,2
63910,2
66682,2
66708,2
69425,2
70818,2
70674,2
72603,2
21109,2
73948,2
75140,2
77403,2
78142,2
79095,2
82326,2
82720,2
83030,2
75450,2
47139,2
55518,2
12807,2
25475,2
31402,2
43481,2
44088,2
44487,2
44912,2
49715,2
49752,2
53510,2
56560,2
59853,2
60102,2
60546,2
60790,2
62874,2
63758,2
67684,2
68732,2
68771,2
69865,2
72093,2
72716,2
74218,2
76636,2
78743,2
59750,2
34473,2
35763,2
38593,2
40265,2
42899,2
30712,2
49059,2
49739,2
51303,2
51360,2
51376,2
51988,2
52172,2
53136,2
54532,2
55623,2
55031,2
55707,2
56905,2
57682,2
61792,2
60013,2
60241,2
53279,2
61574,2
63439,2
61035,2
30727,2
65857,2
65949,2
80480,2
28495,2
69593,2
71002,2
77623,2
72324,2
79859,2
72613,2
70146,2
75361,2
76494,2
77121,2
78312,2
81339,2
82492,2
64475,2
85535,2
85101,2
10946,2
59393,2
22480,2
54842,2
56001,2
67239,2
78948,2
81715,2
79476,2
67071,2
70267,2
29465,2
29475,2
23398,2
26884,2
42093,2
43019,2
43074,2
19734,2
33238,2
43242,2
81079,2
54650,2
54710,2
66403,2
49907,2
80021,2
51237,2
68658,2
49340,2
55820,2
45134,2
70582,2
60420,2
69875,2
50130,2
34394,2
68015,2
37837,2
49379,2
21023,2
68238,2
33819,2
39041,2
48789,2
59511,2
62630,2
63755,2
65528,2
76289,2
79374,2
82263,2
75177,2
45906,2
72637,2
55686,2
49187,2
47083,2
17847,2
42384,2
51410,2
53762,2
57298,2
60620,2
77568,2
60401,2
58444,2
63119,2
63957,2
65297,2
62562,2
62199,2
55350,2
70926,2
74817,2
37574,2
80428,2
41029,2
65715,2
21159,2
49274,2
44566,2
51781,2
52737,2
70157,2
70558,2
72353,2
12193,2
12562,2
17012,2
22807,2
40215,2
40620,2
41783,2
42269,2
42540,2
44442,2
45116,2
47746,2
47898,2
48192,2
49831,2
49865,2
49938,2
50296,2
50868,2
51623,2
52198,2
52955,2
53531,2
54537,2
54826,2
56382,2
56684,2
56973,2
57367,2
57543,2
60948,2
61221,2
39474,2
22781,2
32095,2
36255,2
37162,2
37343,2
38262,2
39143,2
39282,2
39750,2
40283,2
41969,2
43226,2
50550,2
50629,2
50587,2
50175,2
8376,2
52259,2
53999,2
55510,2
55962,2
56232,2
56500,2
56203,2
58796,2
59153,2
51010,2
53154,2
22555,2
22775,2
29502,2
34860,2
40609,2
42802,2
45041,2
47943,2
49978,2
51573,2
52211,2
52264,2
52440,2
52679,2
53091,2
54852,2
54997,2
58118,2
60081,2
60596,2
62391,2
62848,2
63158,2
31247,2
43565,2
43883,2
44508,2
46148,2
47093,2
48920,2
44119,2
51726,2
52301,2
54048,2
54062,2
55804,2
62927,2
18794,2
46161,2
47733,2
50524,2
52277,2
58247,2
59955,2
60733,2
40286,2
38281,2
39826,2
42437,2
43276,2
36630,2
50834,2
53904,2
52626,2
60320,2
62236,2
43475,2
48820,2
56629,2
21049,2
48560,2
53573,2
554,2
2769,2
4627,2
4446,2
91692,2
90799,2
89838,2
90229,2
90712,2
90891,2
99854,2
92313,2
92247,2
93928,2
96696,2
98141,2
99447,2
101912,2
102606,2
102627,2
62912,2
103449,2
104944,2
78592,2
89984,2
96753,2
71227,2
55590,2
58059,2
71313,2
43737,2
75157,2
80487,2
54835,2
87160,2
56667,2
84879,2
85076,2
86942,2
92389,2
97644,2
95261,2
97594,2
52268,2
77107,2
98164,2
100119,2
32956,2
82829,2
90935,2
102148,2
100945,2
34856,2
100721,2
91671,2
93642,2
94930,2
102203,2
88101,2
99523,2
13761,2
37289,2
78035,2
101996,2
103436,2
68546,2
95108,2
43606,2
100911,2
54822,2
59120,2
63901,2
85518,2
41172,2
81028,2
74850,2
77068,2
77659,2
78211,2
83997,2
83197,2
84958,2
85247,2
86133,2
95237,2
64169,2
88705,2
88795,2
90300,2
92604,2
92662,2
96919,2
99421,2
91884,2
87307,2
93011,2
94376,2
95844,2
96188,2
15982,2
97287,2
62143,2
97116,2
97274,2
94294,2
98227,2
99087,2
97077,2
100735,2
100874,2
101100,2
98399,2
103152,2
102685,2
104216,2
104834,2
103352,2
82383,2
53669,2
62101,2
76908,2
98990,2
42499,2
84753,2
90263,2
67840,2
67617,2
48798,2
49286,2
26428,2
67638,2
75575,2
76274,2
87302,2
84309,2
84246,2
81490,2
87735,2
92546,2
91674,2
92176,2
93513,2
95487,2
97098,2
86264,2
89672,2
98214,2
98425,2
101861,2
103076,2
104392,2
104645,2
86842,2
68436,2
100932,2
83520,2
99289,2
86674,2
100109,2
84141,2
84136,2
72494,2
86353,2
39764,2
82364,2
92964,2
100282,2
17978,2
88217,2
38760,2
81322,2
43201,2
99455,2
97392,2
56546,2
58180,2
104426,2
59762,2
58726,2
96394,2
72381,2
80710,2
75467,2
99888,2
77585,2
80342,2
80164,2
80085,2
80366,2
79556,2
81569,2
83370,2
83310,2
39667,2
85987,2
48031,2
89583,2
87664,2
88792,2
89982,2
91043,2
84259,2
94310,2
96460,2
96796,2
84453,2
88406,2
98122,2
102937,2
104279,2
55119,2
93860,2
86611,2
70741,2
56751,2
77073,2
87123,2
63157,2
55295,2
69769,2
62655,2
58277,2
86619,2
57843,2
94284,2
83523,2
96033,2
82858,2
77251,2
85352,2
102358,2
98177,2
101946,2
86296,2
100651,2
97337,2
36877,2
39751,2
44278,2
51782,2
64395,2
75370,2
68917,2
77207,2
84390,2
93095,2
96044,2
62009,2
76603,2
77433,2
72843,2
79729,2
82367,2
99273,2
91406,2
52323,2
64547,2
64481,2
88293,2
89039,2
98638,2
96541,2
87940,2
91014,2
96945,2
98491,2
92200,2
86871,2
102287,2
94835,2
94444,2
88960,2
96360,2
97736,2
96859,2
90888,2
98927,2
100606,2
100538,2
99226,2
100690,2
92229,2
101016,2
101615,2
102661,2
102708,2
104266,2
104276,2
102945,2
105265,2
78298,2
64319,2
87761,2
102116,2
104203,2
73781,2
29048,2
35988,2
99494,2
71795,2
96843,2
72331,2
78863,2
83651,2
83654,2
83898,2
104303,2
104519,2
105110,2
92237,2
59489,2
92268,2
59144,2
80253,2
41992,2
87667,2
87100,2
80955,2
84682,2
89701,2
86201,2
76637,2
84703,2
83730,2
32456,2
60482,2
6649,2
86340,2
37591,2
88669,2
95434,2
66402,2
62734,2
59052,2
69024,2
71027,2
77538,2
73137,2
82698,2
82803,2
83273,2
91679,2
93127,2
93865,2
94196,2
57513,2
95904,2
78508,2
97550,2
96812,2
97484,2
97894,2
97925,2
98572,2
100019,2
103951,2
103286,2
103735,2
104635,2
81065,2
69056,2
69563,2
72386,2
73208,2
71586,2
63817,2
60477,2
76747,2
91177,2
54470,2
51982,2
58905,2
58734,2
94625,2
88881,2
83415,2
46365,2
84306,2
94596,2
101499,2
91797,2
58532,2
88170,2
84469,2
57754,2
90985,2
99925,2
100882,2
100388,2
39439,2
40723,2
43871,2
41088,2
49304,2
58802,2
61667,2
16433,2
80663,2
94607,2
83565,2
83092,2
83641,2
83804,2
85436,2
86130,2
88965,2
96415,2
92439,2
94659,2
94473,2
100046,2
100877,2
99163,2
92112,2
89858,2
94885,2
99764,2
45067,2
66681,2
85066,2
76206,2
3566,2
44404,2
22145,2
45353,2
49572,2
73119,2
28399,2
71945,2
76808,2
88053,2
83657,2
85462,2
77091,2
96433,2
95505,2
97376,2
98175,2
67101,2
40429,2
78219,2
96880,2
75902,2
81133,2
96617,2
101751,2
85037,2
65325,2
92457,2
36637,2
33337,2
55677,2
96227,2
65788,2
68699,2
79938,2
81141,2
81603,2
85504,2
87533,2
89170,2
96562,2
94420,2
94988,2
94593,2
95132,2
98004,2
99520,2
103588,2
102913,2
103512,2
74942,2
72659,2
77833,2
87588,2
54672,2
51919,2
94151,2
87110,2
88083,2
98375,2
88364,2
99192,2
91106,2
98180,2
102519,2
27674,2
97844,2
33460,2
38012,2
52528,2
53435,2
95965,2
65559,2
78897,2
68875,2
71332,2
76513,2
75825,2
80965,2
55979,2
81950,2
84233,2
58860,2
89635,2
85454,2
85362,2
88682,2
89136,2
95137,2
90190,2
91818,2
91658,2
95539,2
71045,2
103047,2
103249,2
29711,2
91327,2
45162,2
92336,2
23522,2
54494,2
74046,2
74761,2
82039,2
83741,2
85588,2
102313,2
105533,2
81241,2
38982,2
100350,2
97479,2
49000,2
32154,2
42441,2
65814,2
80198,2
68799,2
71366,2
73652,2
75748,2
79829,2
81409,2
78151,2
58285,2
98774,2
94193,2
95019,2
97366,2
101925,2
102282,2
102435,2
62119,2
74800,2
55354,2
90003,2
57297,2
92394,2
67845,2
79191,2
98096,2
77785,2
86272,2
93027,2
64363,2
21184,2
24807,2
43740,2
50715,2
58017,2
62736,2
71706,2
72749,2
101202,2
78773,2
80923,2
90652,2
82243,2
82217,2
98504,2
85449,2
86196,2
92326,2
102818,2
88351,2
89357,2
90520,2
92507,2
93400,2
97119,2
98724,2
71497,2
103914,2
78844,2
63977,2
83578,2
74138,2
97899,2
85531,2
84811,2
40500,2
15055,2
29947,2
34295,2
40269,2
48903,2
18143,2
55061,2
75131,2
81926,2
85197,2
97040,2
67948,2
89002,2
91597,2
85594,2
60739,2
93755,2
104692,2
9402,2
21163,2
12287,2
53769,2
100893,2
63191,2
75034,2
67374,2
79803,2
84506,2
85415,2
93539,2
65932,2
103967,2
31663,2
36348,2
41598,2
41942,2
42990,2
44924,2
45716,2
50596,2
50964,2
53782,2
53932,2
54767,2
56567,2
56709,2
59975,2
60443,2
60566,2
65827,2
67558,2
69143,2
70580,2
72273,2
72357,2
73728,2
75596,2
76098,2
77149,2
77922,2
78432,2
11698,2
22308,2
50452,2
28673,2
78621,2
31327,2
34516,2
35959,2
37883,2
36051,2
36689,2
44617,2
38511,2
52189,2
63215,2
40713,2
39975,2
48170,2
46105,2
47050,2
27114,2
54423,2
54562,2
55211,2
56115,2
56777,2
57281,2
58716,2
57996,2
66247,2
63422,2
65458,2
62429,2
62689,2
62579,2
62928,2
63354,2
64009,2
66166,2
67609,2
67777,2
67625,2
67675,2
68652,2
69285,2
71329,2
71690,2
59928,2
75475,2
72347,2
73954,2
74569,2
74243,2
76224,2
74317,2
74422,2
76511,2
61162,2
78427,2
82648,2
33022,2
43075,2
47563,2
51056,2
51467,2
54331,2
56008,2
57066,2
57849,2
61414,2
61444,2
63612,2
63680,2
64802,2
65756,2
67382,2
68352,2
68935,2
69319,2
69566,2
74721,2
80358,2
74015,2
7172,2
68775,2
72473,2
67601,2
43345,2
40529,2
46412,2
41779,2
62597,2
43721,2
45125,2
46346,2
51164,2
64980,2
67513,2
53616,2
53766,2
54394,2
55064,2
54633,2
55148,2
55645,2
55808,2
56252,2
57494,2
58406,2
58529,2
59015,2
59457,2
60663,2
61010,2
62208,2
65317,2
67156,2
67180,2
67532,2
67908,2
68449,2
70055,2
68457,2
71426,2
21129,2
74159,2
73865,2
76519,2
66639,2
72284,2
66644,2
45306,2
53598,2
51819,2
54743,2
59812,2
60038,2
62450,2
77191,2
62006,2
53464,2
41102,2
34832,2
76868,2
74180,2
69895,2
36906,2
55524,2
29474,2
34198,2
41133,2
71552,2
39066,2
83116,2
62592,2
65427,2
44236,2
60942,2
44299,2
65461,2
53493,2
48953,2
59544,2
81154,2
31411,2
21247,2
44943,2
73019,2
51845,2
58629,2
59983,2
64558,2
63851,2
62981,2
67924,2
64786,2
75299,2
76327,2
66985,2
39644,2
31051,2
34805,2
80072,2
61547,2
30801,2
70423,2
71806,2
85507,2
63872,2
56136,2
33121,2
55958,2
71098,2
51048,2
78994,2
25424,2
40899,2
41141,2
51543,2
54982,2
59717,2
75005,2
76834,2
22635,2
24145,2
27923,2
28514,2
42320,2
43003,2
43154,2
43879,2
45277,2
46375,2
47309,2
47366,2
47997,2
50339,2
50864,2
51761,2
52102,2
52284,2
53040,2
53422,2
56620,2
56869,2
56969,2
57902,2
59972,2
60398,2
62324,2
62408,2
39478,2
24970,2
25690,2
52234,2
37547,2
37557,2
36143,2
41209,2
40022,2
40550,2
44982,2
42654,2
44756,2
45408,2
45037,2
33237,2
46241,2
46577,2
49186,2
50260,2
38361,2
52486,2
51514,2
50801,2
52271,2
52675,2
54210,2
35949,2
55832,2
59060,2
59320,2
59854,2
60781,2
60947,2
61388,2
33844,2
37011,2
49777,2
50833,2
51567,2
53074,2
53905,2
53992,2
29390,2
29495,2
32086,2
35116,2
45246,2
36966,2
41314,2
44155,2
45180,2
48632,2
49698,2
50247,2
51443,2
52875,2
52951,2
53976,2
61696,2
32214,2
33773,2
35557,2
36022,2
38114,2
38710,2
42236,2
43700,2
44152,2
50930,2
51895,2
53174,2
56496,2
57639,2
59985,2
8220,2
35271,2
8409,2
39210,2
40379,2
41517,2
46982,2
52609,2
53417,2
54643,2
54901,2
58876,2
26530,2
20195,2
38650,2
40337,2
47066,2
54139,2
54862,2
44412,2
50203,2
57878,2
3372,2
2689,2
287,2
282,2
2103,2
9794,2
11284,2
8838,2
1706,2
3596,2
4256,2
7489,2
8354,2
10336,2
11217,2
11291,2
12580,2
6407,2
7824,2
9357,2
716,2
4953,2
6042,2
6827,2
13168,2
15887,2
4683,2
6525,2
8310,2
8673,2
8879,2
9759,2
9869,2
10012,2
10839,2
11476,2
11795,2
13065,2
13711,2
17140,2
17565,2
9451,2
3823,2
7103,2
11218,2
6986,2
2758,2
6750,2
7070,2
7072,2
8277,2
9551,2
9938,2
11300,2
15485,2
16324,2
16778,2
17408,2
17584,2
1084,2
1578,2
5431,2
5832,2
4783,2
4785,2
5665,2
826,2
1855,2
3563,2
5112,2
2708,2
6627,2
598,2
53,2
1161,2
2064,2
1722,2
3,2
9039,2
9340,2
9450,2
9777,2
11746,2
12344,2
12832,2
13333,2
13334,2
14899,2
16493,2
17424,2
18196,2
18229,2
19055,2
21080,2
22027,2
22562,2
2573,2
6134,2
11234,2
11032,2
12916,2
12831,2
12756,2
13694,2
15175,2
15670,2
16678,2
17961,2
18527,2
18954,2
18476,2
19652,2
18347,2
21031,2
16418,2
14554,2
22237,2
13780,2
12115,2
18739,2
5186,2
16848,2
17448,2
19442,2
22730,2
23224,2
23317,2
23536,2
23795,2
24154,2
24675,2
24725,2
24759,2
25564,2
9040,2
15872,2
18452,2
20848,2
23517,2
24196,2
25404,2
27136,2
27137,2
28470,2
28595,2
16088,2
749,2
14338,2
14800,2
15025,2
19828,2
23190,2
23418,2
23642,2
23902,2
24114,2
24170,2
25086,2
25127,2
25151,2
25336,2
25505,2
25506,2
25522,2
26191,2
14774,2
12724,2
15621,2
17214,2
23198,2
23829,2
24030,2
24491,2
27177,2
14598,2
20955,2
28877,2
17818,2
18305,2
19651,2
23016,2
25304,2
25982,2
28068,2
11142,2
18247,2
22806,2
23108,2
23191,2
25068,2
25472,2
25764,2
26018,2
26310,2
27765,2
29121,2
29932,2
29942,2
30885,2
31062,2
31565,2
31823,2
32035,2
34002,2
34203,2
35483,2
35884,2
36834,2
36988,2
37466,2
38037,2
38913,2
41134,2
41989,2
43396,2
43714,2
44913,2
21300,2
17439,2
35742,2
22755,2
22848,2
23208,2
23761,2
24558,2
25823,2
27085,2
29070,2
29396,2
29421,2
29556,2
30317,2
30344,2
30853,2
31908,2
33197,2
27714,2
33390,2
34622,2
35778,2
35659,2
28496,2
37181,2
30084,2
37055,2
34964,2
38330,2
38748,2
40674,2
40616,2
41646,2
42032,2
45022,2
43260,2
29295,2
38270,2
6307,2
33817,2
12899,2
23182,2
23450,2
28015,2
30638,2
31279,2
31683,2
32320,2
32930,2
34102,2
34656,2
36246,2
36396,2
42930,2
43347,2
43487,2
43982,2
44461,2
22779,2
23107,2
23593,2
24096,2
24566,2
26176,2
28109,2
28986,2
29088,2
29414,2
29606,2
30536,2
30545,2
31983,2
32404,2
33507,2
32378,2
32706,2
32877,2
34287,2
35190,2
34980,2
35247,2
35348,2
38732,2
38749,2
38824,2
39024,2
40104,2
40205,2
40237,2
40431,2
40464,2
40925,2
21057,2
40875,2
41210,2
44627,2
46001,2
30437,2
25907,2
13570,2
24909,2
25497,2
27781,2
35090,2
38681,2
39307,2
41563,2
39651,2
25931,2
26242,2
32244,2
33113,2
33525,2
33482,2
33651,2
37375,2
37701,2
38954,2
39685,2
41521,2
42099,2
43280,2
24271,2
99719,2
93749,2
62255,2
90902,2
58874,2
78313,2
100314,2
89317,2
86480,2
91531,2
41629,2
43489,2
30802,2
57399,2
73600,2
74957,2
75893,2
66792,2
81605,2
82645,2
77125,2
84118,2
88077,2
88405,2
88857,2
14791,2
92542,2
91806,2
93138,2
94970,2
96292,2
78379,2
97331,2
100871,2
99339,2
100520,2
102571,2
104462,2
56251,2
87669,2
100496,2
81570,2
85770,2
91228,2
100111,2
103055,2
89149,2
62296,2
96721,2
47557,2
91681,2
82487,2
99844,2
105218,2
78833,2
97063,2
83583,2
83215,2
83660,2
79920,2
46394,2
30217,2
48855,2
49763,2
99459,2
50910,2
51820,2
81748,2
59276,2
58287,2
74070,2
88038,2
49956,2
63778,2
36971,2
67388,2
77813,2
71939,2
75117,2
75443,2
74665,2
84344,2
80071,2
81478,2
94144,2
79848,2
99234,2
85726,2
86670,2
87702,2
87411,2
88253,2
89066,2
89293,2
90458,2
92861,2
91069,2
91314,2
84546,2
94560,2
93564,2
94350,2
93804,2
49045,2
94632,2
95143,2
96048,2
96224,2
98063,2
97469,2
100344,2
99891,2
100014,2
103398,2
102925,2
104394,2
104968,2
86231,2
85102,2
86029,2
54732,2
86607,2
87137,2
89665,2
89508,2
89826,2
48934,2
80443,2
75548,2
93518,2
60738,2
77070,2
99017,2
67108,2
96800,2
100057,2
102447,2
100226,2
102066,2
88452,2
103405,2
103489,2
96556,2
96555,2
84375,2
43433,2
90103,2
104642,2
56019,2
57512,2
94198,2
65273,2
64174,2
92219,2
70690,2
77004,2
92641,2
85715,2
76619,2
77657,2
83698,2
80167,2
80686,2
81130,2
82927,2
96471,2
98802,2
92328,2
86501,2
90495,2
89673,2
90194,2
90311,2
75990,2
90663,2
91393,2
91726,2
91534,2
92106,2
92446,2
92665,2
93225,2
90796,2
96791,2
97681,2
97453,2
99153,2
88359,2
98968,2
88953,2
100499,2
98759,2
101538,2
102168,2
102803,2
96908,2
104260,2
104802,2
53901,2
102769,2
86265,2
22125,2
66973,2
96648,2
92497,2
100909,2
94445,2
47141,2
104410,2
95083,2
8801,2
89424,2
58441,2
42850,2
102751,2
10659,2
56708,2
91913,2
68119,2
51299,2
93461,2
84592,2
74007,2
78426,2
80979,2
38385,2
85440,2
88009,2
93729,2
96149,2
97261,2
98439,2
99084,2
101766,2
93007,2
97579,2
46850,2
99756,2
84919,2
86155,2
83228,2
47400,2
95009,2
46500,2
32525,2
95863,2
36745,2
97503,2
88896,2
39194,2
100310,2
53725,2
40108,2
101825,2
33292,2
46237,2
95017,2
48289,2
59420,2
59688,2
94933,2
78234,2
73873,2
74491,2
75431,2
79332,2
83486,2
80577,2
80385,2
80535,2
82223,2
83177,2
83414,2
79810,2
81214,2
85782,2
87809,2
86417,2
86181,2
87079,2
87491,2
87415,2
88173,2
88418,2
89767,2
90672,2
90522,2
91350,2
91878,2
93285,2
94166,2
94006,2
94220,2
94806,2
94983,2
95862,2
97227,2
97377,2
88584,2
98985,2
101027,2
100902,2
103404,2
102033,2
101790,2
103295,2
89866,2
43468,2
74836,2
70113,2
75863,2
52622,2
29511,2
43962,2
90318,2
48858,2
72286,2
64259,2
83280,2
91334,2
90085,2
93375,2
94715,2
49458,2
93183,2
48447,2
96031,2
96106,2
91787,2
87656,2
99556,2
71292,2
17604,2
10793,2
38728,2
52564,2
98834,2
63146,2
63842,2
69708,2
72891,2
74174,2
74248,2
74861,2
75079,2
75775,2
76342,2
81852,2
81106,2
83279,2
83503,2
86391,2
93344,2
87439,2
69009,2
89614,2
102193,2
103631,2
92361,2
87613,2
93410,2
95837,2
94048,2
94438,2
97428,2
15983,2
97947,2
92932,2
97512,2
102075,2
102742,2
97704,2
99102,2
99419,2
104701,2
102583,2
103287,2
103322,2
103463,2
103506,2
73452,2
89884,2
85490,2
56439,2
69760,2
92261,2
96456,2
90680,2
65449,2
77608,2
88036,2
75491,2
67233,2
54446,2
56791,2
17681,2
18818,2
84450,2
87524,2
75624,2
75804,2
88592,2
83430,2
56162,2
86677,2
87607,2
86593,2
87406,2
88794,2
93075,2
11364,2
98465,2
99151,2
101135,2
101270,2
103205,2
84566,2
83229,2
86676,2
88368,2
58033,2
74794,2
68807,2
81961,2
80344,2
97185,2
102244,2
72816,2
24530,2
32241,2
49600,2
99454,2
83799,2
53389,2
55559,2
56641,2
59788,2
65793,2
63991,2
36771,2
65055,2
95285,2
68268,2
76299,2
79868,2
78963,2
94698,2
81601,2
82415,2
83440,2
83556,2
87405,2
85950,2
85849,2
89616,2
89816,2
91241,2
91511,2
92572,2
93291,2
94172,2
49062,2
98183,2
97637,2
97863,2
98473,2
98582,2
53834,2
84062,2
64393,2
88274,2
41599,2
58628,2
44314,2
73989,2
76602,2
67493,2
63096,2
93250,2
88064,2
90218,2
83572,2
58133,2
93025,2
94763,2
95704,2
100533,2
96589,2
99682,2
89263,2
45568,2
59840,2
101102,2
96313,2
82324,2
77439,2
100827,2
104411,2
101513,2
10810,2
96156,2
90337,2
44430,2
51733,2
52270,2
52732,2
73194,2
95879,2
59340,2
59579,2
61056,2
61848,2
85514,2
91033,2
75973,2
76911,2
82500,2
84048,2
84660,2
85363,2
86114,2
88776,2
100742,2
90480,2
91745,2
96040,2
92957,2
96030,2
96489,2
97083,2
99403,2
100667,2
87321,2
101975,2
102083,2
102717,2
103154,2
94873,2
31100,2
94319,2
52069,2
85069,2
93972,2
7903,2
49993,2
52900,2
85430,2
70252,2
83656,2
88904,2
84750,2
96346,2
66185,2
92624,2
41249,2
86566,2
79230,2
81599,2
51305,2
63562,2
69885,2
91610,2
53851,2
83681,2
95469,2
100049,2
44029,2
103297,2
10091,2
14635,2
80837,2
66219,2
90102,2
59272,2
60393,2
89111,2
74374,2
77564,2
81617,2
88131,2
81332,2
81894,2
82390,2
95100,2
84240,2
97009,2
86315,2
87597,2
89458,2
88685,2
91819,2
92387,2
93535,2
95528,2
100473,2
100609,2
104627,2
105246,2
86021,2
85104,2
84524,2
68412,2
73638,2
84022,2
55458,2
45886,2
61307,2
87909,2
73730,2
65307,2
96923,2
68304,2
89365,2
29569,2
49860,2
84030,2
93711,2
94039,2
89070,2
103733,2
74016,2
14235,2
17605,2
10809,2
94029,2
33562,2
93520,2
73713,2
76315,2
73578,2
76276,2
81274,2
99280,2
86736,2
88434,2
88132,2
90957,2
95695,2
92696,2
93341,2
98599,2
99463,2
99413,2
101330,2
69551,2
87456,2
62276,2
49449,2
46028,2
91200,2
49582,2
51525,2
42380,2
74425,2
84122,2
69050,2
89683,2
96199,2
92907,2
95461,2
70162,2
104050,2
83102,2
77273,2
66337,2
81080,2
89455,2
59989,2
93819,2
54831,2
36006,2
39236,2
39371,2
101346,2
47945,2
71342,2
70010,2
78366,2
70833,2
74182,2
76878,2
78812,2
84946,2
87507,2
89389,2
92866,2
94597,2
95821,2
96250,2
99864,2
103513,2
104176,2
94631,2
77348,2
77122,2
79096,2
48280,2
90882,2
38283,2
74952,2
97210,2
68126,2
92405,2
41652,2
4571,2
63247,2
83589,2
92622,2
76518,2
82366,2
83431,2
86299,2
85841,2
88535,2
89119,2
89080,2
91016,2
93694,2
100343,2
93577,2
102659,2
96606,2
5224,2
65969,2
90547,2
86750,2
101145,2
105052,2
48397,2
73445,2
82407,2
68679,2
85044,2
59232,2
99446,2
37178,2
36925,2
45376,2
49757,2
53236,2
73753,2
74107,2
76316,2
91083,2
90706,2
49044,2
72781,2
53483,2
48146,2
59939,2
84434,2
66847,2
32149,2
50488,2
30600,2
41784,2
48306,2
49422,2
50286,2
59519,2
105094,2
73930,2
73695,2
74728,2
72288,2
83187,2
86384,2
97688,2
57664,2
104261,2
36365,2
37010,2
39120,2
41425,2
43477,2
47484,2
51483,2
55060,2
57261,2
57505,2
57679,2
59012,2
61256,2
61373,2
62569,2
62795,2
63539,2
64804,2
66438,2
66579,2
66755,2
67325,2
68020,2
68781,2
69867,2
69993,2
70547,2
70973,2
72129,2
73621,2
75751,2
77079,2
78158,2
81869,2
6294,2
68405,2
74307,2
32499,2
36788,2
76023,2
37101,2
38293,2
40931,2
42440,2
54940,2
42841,2
45660,2
31721,2
31919,2
47101,2
47443,2
47642,2
50053,2
50036,2
50714,2
51288,2
53109,2
55584,2
81198,2
52906,2
60509,2
56724,2
59522,2
42740,2
60508,2
65859,2
61374,2
62551,2
62125,2
63664,2
63699,2
64703,2
64779,2
65106,2
65323,2
65316,2
67968,2
67725,2
67107,2
68003,2
69427,2
70244,2
69393,2
69851,2
71485,2
72706,2
72713,2
75531,2
75591,2
74074,2
75532,2
75837,2
77582,2
78894,2
80845,2
21580,2
22335,2
35101,2
38226,2
41993,2
43668,2
47677,2
48433,2
54900,2
55826,2
57386,2
59036,2
60542,2
61257,2
61487,2
61799,2
62210,2
63466,2
66235,2
66805,2
68027,2
71620,2
71791,2
83665,2
66488,2
53576,2
32264,2
35572,2
37665,2
33469,2
62594,2
42622,2
27853,2
44272,2
44407,2
33326,2
47077,2
57648,2
51049,2
49690,2
50966,2
52789,2
54229,2
66428,2
56523,2
58978,2
58945,2
64628,2
60946,2
61105,2
61339,2
62174,2
64243,2
65616,2
67215,2
66580,2
71691,2
65574,2
78895,2
70136,2
69791,2
72372,2
73754,2
63105,2
75716,2
76157,2
73276,2
79524,2
55851,2
51059,2
75062,2
58333,2
64250,2
55745,2
64871,2
65180,2
66863,2
57579,2
53783,2
29627,2
36950,2
40419,2
41021,2
42698,2
52504,2
53651,2
64226,2
64839,2
74366,2
21001,2
59899,2
68663,2
59189,2
58710,2
69994,2
41869,2
29687,2
70900,2
52162,2
31570,2
57721,2
43902,2
57329,2
57613,2
67776,2
62209,2
64879,2
65223,2
59273,2
67860,2
73762,2
51349,2
58661,2
22567,2
64813,2
42237,2
41316,2
29570,2
68145,2
43131,2
33613,2
49960,2
60410,2
64041,2
65459,2
65548,2
61997,2
40854,2
70288,2
55867,2
42002,2
56061,2
64711,2
55660,2
64034,2
78704,2
62560,2
75872,2
34100,2
56362,2
62586,2
44289,2
59662,2
60585,2
60695,2
64864,2
70488,2
15750,2
22209,2
25048,2
25692,2
26170,2
30339,2
33628,2
38006,2
39605,2
41097,2
47307,2
49592,2
49624,2
50464,2
50571,2
50747,2
53542,2
54716,2
55349,2
55884,2
57646,2
58149,2
58963,2
60275,2
61596,2
25014,2
46005,2
30483,2
35369,2
31837,2
35714,2
38652,2
41139,2
41903,2
52581,2
43022,2
45107,2
45275,2
46490,2
54346,2
48456,2
50631,2
50194,2
52303,2
52371,2
56214,2
57109,2
58359,2
60141,2
61479,2
61982,2
63976,2
54019,2
34023,2
36568,2
40685,2
45010,2
45551,2
49749,2
50889,2
51776,2
53092,2
53710,2
54404,2
55066,2
55491,2
57521,2
58383,2
58415,2
58551,2
13515,2
17452,2
21002,2
54639,2
28163,2
29946,2
37546,2
35445,2
50991,2
8885,2
38935,2
41274,2
42522,2
45367,2
49246,2
49968,2
50261,2
50354,2
50780,2
52857,2
53525,2
53969,2
56329,2
57312,2
44774,2
47694,2
49708,2
51625,2
53533,2
55373,2
56658,2
59206,2
60150,2
62779,2
10534,2
21160,2
54395,2
49248,2
39572,2
40695,2
44858,2
47535,2
49699,2
49584,2
50145,2
55127,2
30717,2
44196,2
45861,2
47761,2
57419,2
57772,2
45131,2
50136,2
55042,2
2914,2
2480,2
294,2
3284,2
2939,2
2965,2
3584,2
3384,2
3844,2
1761,2
96186,2
96211,2
102504,2
97164,2
97038,2
97365,2
98085,2
87326,2
79969,2
100138,2
102240,2
105124,2
105352,2
28151,2
100546,2
104487,2
86119,2
83879,2
55272,2
76723,2
73423,2
91656,2
56134,2
87033,2
79847,2
63745,2
87200,2
93096,2
95717,2
99659,2
52686,2
98269,2
98360,2
93549,2
74621,2
100814,2
92109,2
58875,2
97942,2
92827,2
90231,2
103224,2
72223,2
57675,2
100880,2
21024,2
95297,2
77911,2
34589,2
34707,2
36878,2
40608,2
83124,2
51292,2
53188,2
99165,2
60782,2
61093,2
65456,2
63193,2
64975,2
67262,2
82319,2
70986,2
71633,2
85703,2
72869,2
72426,2
78003,2
78999,2
97373,2
100478,2
82335,2
84075,2
83022,2
79452,2
100553,2
84527,2
91405,2
85360,2
85418,2
104198,2
86319,2
103183,2
87317,2
87813,2
87627,2
87696,2
88505,2
89610,2
95138,2
90709,2
91899,2
91179,2
98494,2
92468,2
93675,2
94869,2
95875,2
95624,2
91823,2
96002,2
96452,2
101258,2
103023,2
103905,2
82411,2
61386,2
3688,2
36631,2
92025,2
92258,2
55239,2
69729,2
70668,2
22482,2
33615,2
37879,2
102330,2
23065,2
55256,2
49292,2
92241,2
78096,2
59761,2
62020,2
63652,2
95598,2
82260,2
84059,2
87308,2
47297,2
89704,2
92348,2
93816,2
93054,2
95960,2
96435,2
98570,2
100839,2
88296,2
103978,2
62582,2
90759,2
87956,2
90876,2
100796,2
79169,2
69144,2
82362,2
81730,2
90046,2
80958,2
88789,2
88328,2
92205,2
56845,2
43135,2
90783,2
101653,2
45303,2
92668,2
104238,2
100898,2
18323,2
87879,2
83292,2
46964,2
63762,2
57811,2
93481,2
74370,2
78197,2
77877,2
78221,2
80522,2
80572,2
81369,2
90929,2
82042,2
99669,2
82712,2
98689,2
85384,2
88991,2
89369,2
90716,2
92750,2
94561,2
96026,2
96195,2
96560,2
97064,2
99132,2
88740,2
98730,2
100044,2
100287,2
103274,2
104857,2
84730,2
88613,2
63870,2
71228,2
93634,2
86504,2
89535,2
63768,2
87225,2
74866,2
95926,2
92594,2
85451,2
78784,2
98102,2
96627,2
100469,2
82336,2
86472,2
96326,2
94401,2
73599,2
105318,2
70492,2
10570,2
99812,2
95123,2
46586,2
47706,2
95968,2
71674,2
52030,2
57373,2
38900,2
61100,2
63996,2
64264,2
67637,2
70803,2
73021,2
64221,2
78372,2
80489,2
86437,2
86060,2
84840,2
85636,2
9108,2
87577,2
92060,2
95070,2
92374,2
93598,2
94509,2
94843,2
94852,2
94442,2
94946,2
71863,2
104647,2
100427,2
105643,2
99761,2
98729,2
67296,2
101752,2
97474,2
102973,2
104257,2
86990,2
72175,2
89913,2
92151,2
81781,2
102105,2
6142,2
16527,2
919,2
99651,2
103937,2
77885,2
39643,2
74480,2
62961,2
63034,2
91431,2
89468,2
85550,2
86553,2
88807,2
92128,2
95607,2
89578,2
99836,2
28802,2
79595,2
101123,2
86673,2
100679,2
80967,2
80582,2
95792,2
62264,2
47397,2
96895,2
64254,2
98309,2
101342,2
88866,2
29413,2
51587,2
37567,2
81320,2
58757,2
66382,2
66392,2
55453,2
59398,2
70593,2
70627,2
71338,2
89906,2
75210,2
78606,2
78556,2
80531,2
81419,2
82421,2
83922,2
86655,2
81226,2
94052,2
94594,2
94215,2
94769,2
95658,2
97289,2
100238,2
102638,2
104680,2
104496,2
86613,2
83367,2
82428,2
86235,2
87115,2
53205,2
68560,2
92820,2
69964,2
64608,2
32494,2
69608,2
94342,2
13024,2
88882,2
91949,2
82353,2
78506,2
4676,2
69121,2
88479,2
40430,2
50810,2
57004,2
78681,2
67654,2
84729,2
71880,2
72015,2
73750,2
74832,2
83091,2
83317,2
84882,2
86388,2
9107,2
87132,2
87619,2
87559,2
88288,2
90082,2
90710,2
92190,2
92467,2
91624,2
93757,2
94475,2
95439,2
87377,2
96929,2
98027,2
99499,2
100527,2
91799,2
100045,2
101198,2
102806,2
102697,2
102756,2
103886,2
104830,2
105267,2
100256,2
101846,2
102196,2
87418,2
47280,2
27706,2
10647,2
28487,2
96619,2
73180,2
57801,2
63060,2
87528,2
74555,2
90777,2
85376,2
89686,2
86797,2
62180,2
98469,2
101945,2
91330,2
102604,2
102172,2
90500,2
102689,2
89820,2
93003,2
85393,2
104004,2
33230,2
45983,2
91054,2
28851,2
93934,2
22703,2
88976,2
37374,2
95867,2
80238,2
104171,2
40675,2
40876,2
42913,2
43051,2
47949,2
47313,2
51172,2
65862,2
89636,2
71657,2
71763,2
90398,2
76495,2
89947,2
89846,2
93037,2
95750,2
95246,2
97388,2
98879,2
99374,2
70578,2
101132,2
103031,2
103450,2
104530,2
104596,2
105057,2
94770,2
86075,2
67188,2
85275,2
61778,2
65387,2
59744,2
24641,2
89059,2
58020,2
91523,2
52518,2
56193,2
92225,2
93706,2
89217,2
103862,2
36879,2
45899,2
53756,2
55021,2
56443,2
56996,2
53780,2
61744,2
63601,2
71675,2
68222,2
73524,2
72032,2
73598,2
75527,2
65027,2
75016,2
76053,2
84570,2
79059,2
84235,2
84319,2
93883,2
61075,2
89511,2
89939,2
89737,2
89753,2
76003,2
90943,2
88604,2
94493,2
95859,2
63744,2
96853,2
98145,2
91447,2
104274,2
103819,2
75791,2
49302,2
103108,2
86012,2
70442,2
55249,2
72752,2
93279,2
85551,2
86396,2
93557,2
96127,2
97096,2
102530,2
105142,2
49762,2
74571,2
75721,2
81713,2
85283,2
97615,2
64272,2
40088,2
41219,2
43303,2
85736,2
74598,2
74110,2
75292,2
69348,2
77571,2
80682,2
62010,2
85344,2
90836,2
95003,2
95691,2
98110,2
99970,2
103954,2
102231,2
105066,2
87501,2
64080,2
44025,2
54376,2
36690,2
64792,2
76924,2
77594,2
88572,2
85032,2
75636,2
92441,2
103259,2
83533,2
89159,2
31514,2
57003,2
58907,2
63710,2
77277,2
73860,2
75235,2
79243,2
97004,2
82371,2
64474,2
87393,2
88797,2
93684,2
97146,2
96953,2
97608,2
100689,2
92231,2
103527,2
85041,2
29388,2
16528,2
71364,2
75783,2
103626,2
94282,2
101978,2
103787,2
90611,2
92843,2
29832,2
85064,2
53555,2
57859,2
64003,2
94316,2
80289,2
80916,2
83400,2
83307,2
85200,2
87358,2
57432,2
102204,2
58229,2
75877,2
63329,2
85141,2
87284,2
91270,2
85199,2
60104,2
54408,2
77377,2
90415,2
26167,2
29513,2
45270,2
43563,2
45665,2
48335,2
75484,2
59499,2
70769,2
76471,2
85526,2
100722,2
90920,2
103720,2
102596,2
23989,2
40599,2
42644,2
43773,2
43984,2
47321,2
51470,2
51512,2
53303,2
54971,2
57777,2
58924,2
59218,2
59643,2
60413,2
60766,2
64271,2
65829,2
66114,2
67454,2
67582,2
74129,2
74203,2
74277,2
76212,2
77844,2
81227,2
83812,2
47279,2
18069,2
75427,2
29565,2
68241,2
34154,2
34929,2
35843,2
50776,2
37334,2
38422,2
39543,2
40885,2
61550,2
41260,2
43814,2
43849,2
45371,2
85745,2
48897,2
12798,2
50206,2
53503,2
53554,2
18423,2
55352,2
72192,2
57918,2
58791,2
59259,2
61219,2
61625,2
62430,2
63516,2
63386,2
69804,2
64658,2
65109,2
65551,2
65770,2
65888,2
63016,2
66205,2
66274,2
66625,2
64572,2
68123,2
70577,2
70568,2
70980,2
71650,2
71754,2
72066,2
65136,2
72325,2
21090,2
72458,2
74285,2
73684,2
74128,2
70239,2
54015,2
75842,2
13225,2
79377,2
48947,2
82646,2
80606,2
75242,2
24022,2
32546,2
39030,2
41313,2
42193,2
49711,2
52558,2
58682,2
59099,2
60505,2
60547,2
62397,2
63718,2
63972,2
64716,2
66308,2
66818,2
66877,2
67421,2
68349,2
68616,2
68952,2
69221,2
69540,2
69981,2
70501,2
71331,2
77934,2
79286,2
85274,2
59415,2
10335,2
17122,2
8480,2
26783,2
21241,2
75653,2
52232,2
63660,2
75544,2
12806,2
38127,2
73549,2
42686,2
43018,2
48017,2
50057,2
50611,2
52720,2
57626,2
56502,2
57549,2
57257,2
60581,2
60941,2
64230,2
65955,2
72367,2
67457,2
67820,2
68215,2
77418,2
70140,2
70963,2
71590,2
13921,2
73582,2
73985,2
74547,2
76077,2
78396,2
77867,2
79495,2
50843,2
23710,2
50710,2
81678,2
58412,2
74120,2
72787,2
34588,2
45370,2
73331,2
59642,2
73054,2
72854,2
80876,2
81150,2
83975,2
59475,2
59609,2
66802,2
55874,2
49412,2
71321,2
49326,2
64800,2
74294,2
39410,2
59819,2
75251,2
58589,2
7119,2
49275,2
37526,2
48193,2
49049,2
49402,2
17089,2
51062,2
58186,2
60589,2
63626,2
63619,2
65730,2
67797,2
70274,2
69787,2
79219,2
29464,2
8796,2
8771,2
58833,2
46971,2
62809,2
70475,2
38715,2
76413,2
63219,2
41429,2
41739,2
50979,2
80010,2
66366,2
43380,2
66751,2
49345,2
44293,2
56518,2
57768,2
72452,2
33458,2
41722,2
56015,2
59550,2
63420,2
61441,2
30713,2
55773,2
73658,2
7623,2
28377,2
28969,2
33475,2
35197,2
36212,2
36230,2
37465,2
38363,2
39728,2
40027,2
40096,2
40473,2
40967,2
41135,2
41371,2
41529,2
41958,2
43329,2
44200,2
45030,2
45244,2
45823,2
46376,2
46503,2
46854,2
48260,2
49115,2
50066,2
50308,2
50525,2
51019,2
53495,2
53998,2
55156,2
56812,2
57508,2
58313,2
59166,2
62733,2
62774,2
62775,2
8855,2
28562,2
49276,2
36323,2
37475,2
37525,2
38197,2
39745,2
40974,2
42955,2
41823,2
42486,2
44008,2
44403,2
41034,2
44954,2
45824,2
46035,2
31489,2
47271,2
47581,2
49753,2
50257,2
50133,2
50074,2
50115,2
50182,2
50852,2
50853,2
53004,2
53923,2
53913,2
57558,2
56805,2
58395,2
59336,2
29490,2
35054,2
36338,2
38297,2
39300,2
42972,2
43529,2
47984,2
47999,2
48327,2
50166,2
52115,2
54200,2
57926,2
57934,2
60775,2
7966,2
22247,2
24257,2
25648,2
26140,2
33232,2
38188,2
38095,2
38221,2
44350,2
44804,2
52575,2
45447,2
46083,2
46619,2
32529,2
50685,2
51504,2
55830,2
56619,2
10214,2
32268,2
35055,2
38373,2
39357,2
48360,2
49116,2
50617,2
52484,2
53931,2
61329,2
7766,2
30260,2
32059,2
38070,2
38162,2
38565,2
40835,2
44116,2
45597,2
48267,2
54694,2
53512,2
55310,2
57650,2
59202,2
60674,2
61693,2
56368,2
45857,2
52618,2
53079,2
3824,2
289,2
2078,2
3396,2
3697,2
3447,2
3933,2
4860,2
11330,3
92,3
1566,3
1585,3
8365,3
8508,3
8835,3
9253,3
4496,3
5712,3
13471,3
10936,3
12945,3
16279,3
10340,3
7493,3
9798,3
10869,3
11841,3
12508,3
12560,3
15547,3
15598,3
4260,3
4588,3
4905,3
7905,3
9286,3
11213,3
14008,3
14852,3
7117,3
10801,3
10885,3
13440,3
14643,3
17502,3
1392,3
1819,3
3274,3
5426,3
5929,3
1642,3
5945,3
1207,3
5459,3
5745,3
1224,3
3040,3
1190,3
543,3
1760,3
6846,3
7318,3
7886,3
8592,3
16539,3
17296,3
18316,3
19110,3
19513,3
19824,3
20141,3
21161,3
22510,3
898,3
1709,3
9270,3
9613,3
9858,3
10483,3
13933,3
18367,3
9480,3
17303,3
18440,3
20183,3
21629,3
19916,3
19388,3
8364,3
19178,3
22783,3
12661,3
12777,3
21865,3
22394,3
22616,3
23019,3
23455,3
25173,3
25232,3
25241,3
26229,3
26839,3
9237,3
12710,3
18809,3
26863,3
26949,3
16934,3
18666,3
22759,3
24191,3
12909,3
15012,3
22376,3
22752,3
23052,3
23101,3
23497,3
23655,3
23689,3
23950,3
24083,3
24318,3
24513,3
24829,3
25008,3
25341,3
25835,3
25868,3
28179,3
21388,3
21530,3
22393,3
23204,3
24059,3
24193,3
24780,3
25726,3
26046,3
10517,3
19731,3
21968,3
22750,3
26490,3
26746,3
27443,3
11808,3
11848,3
12194,3
12910,3
16641,3
22496,3
27156,3
27182,3
27987,3
13263,3
13264,3
20776,3
21965,3
23086,3
23531,3
23883,3
24209,3
27426,3
28516,3
29267,3
31209,3
31234,3
34875,3
36399,3
37396,3
37714,3
38032,3
38216,3
15776,3
25407,3
28339,3
22486,3
22936,3
26483,3
26516,3
27509,3
28389,3
29149,3
29066,3
29167,3
30381,3
30739,3
30916,3
31167,3
28482,3
31536,3
32065,3
32651,3
32925,3
34976,3
36383,3
29451,3
36158,3
36260,3
37379,3
38386,3
38326,3
38492,3
39579,3
40897,3
40015,3
40067,3
40210,3
41357,3
41726,3
42699,3
28573,3
43216,3
43300,3
43599,3
43719,3
44523,3
43761,3
43921,3
34866,3
37026,3
33612,3
18489,3
15086,3
12919,3
20368,3
22191,3
23623,3
25586,3
26270,3
27879,3
30189,3
30406,3
31510,3
34182,3
36132,3
38117,3
41366,3
15372,3
15741,3
22608,3
23304,3
24595,3
24722,3
21245,3
27290,3
27602,3
29231,3
30990,3
31619,3
34526,3
35194,3
35134,3
35663,3
35956,3
36669,3
37329,3
37304,3
38116,3
38578,3
39589,3
40075,3
40711,3
44564,3
44313,3
44482,3
27141,3
31059,3
35110,3
36584,3
38960,3
42186,3
41266,3
26105,3
29654,3
31687,3
35764,3
36891,3
38066,3
40166,3
40535,3
40796,3
41223,3
41299,3
41467,3
17688,3
58173,3
46254,3
93108,3
91668,3
96873,3
76332,3
82557,3
47543,3
23221,3
89295,3
58660,3
26346,3
75473,3
60031,3
100100,3
103355,3
94615,3
59222,3
46834,3
103791,3
55920,3
52890,3
53626,3
73402,3
67292,3
71393,3
73503,3
74893,3
76954,3
75046,3
75873,3
77482,3
79357,3
80000,3
86258,3
88225,3
88753,3
96429,3
59664,3
93980,3
95384,3
96438,3
99270,3
99706,3
69510,3
100334,3
100844,3
102467,3
66362,3
91972,3
89448,3
92680,3
103437,3
81249,3
80829,3
47727,3
57914,3
91637,3
84215,3
94731,3
97838,3
102767,3
84483,3
67690,3
78845,3
54823,3
54388,3
41641,3
45097,3
33385,3
46170,3
49331,3
48214,3
50388,3
53382,3
59655,3
72303,3
74843,3
94005,3
77760,3
78459,3
82205,3
82365,3
100985,3
84290,3
95661,3
96841,3
102260,3
86106,3
88408,3
88971,3
91863,3
92464,3
91996,3
83900,3
3793,3
5830,3
6069,3
6293,3
6590,3
7013,3
7055,3
7930,3
8305,3
9705,3
11366,3
11521,3
12107,3
15261,3
16610,3
3365,3
7323,3
7575,3
814,3
6871,3
7817,3
8675,3
9595,3
11098,3
11269,3
13665,3
15227,3
16408,3
2814,3
4498,3
6167,3
14565,3
16676,3
17096,3
2774,3
5528,3
6183,3
11800,3
6711,3
7176,3
10581,3
11894,3
12209,3
16367,3
409,3
2519,3
5189,3
47,3
648,3
895,3
1581,3
2532,3
7583,3
8975,3
9950,3
11193,3
11372,3
11810,3
15093,3
17624,3
17842,3
18378,3
20420,3
20702,3
5927,3
9390,3
11582,3
11873,3
12347,3
7683,3
13182,3
12946,3
17280,3
18941,3
20160,3
16731,3
19424,3
20304,3
13156,3
21419,3
21697,3
22980,3
11424,3
17929,3
12191,3
42,3
10878,3
11784,3
17968,3
18197,3
21963,3
22249,3
22639,3
22728,3
23382,3
23640,3
23947,3
25365,3
25951,3
26077,3
27176,3
16233,3
19803,3
26724,3
28248,3
12065,3
17222,3
17225,3
17259,3
17924,3
18131,3
18134,3
21661,3
22375,3
22602,3
23587,3
23590,3
23637,3
23834,3
24803,3
24950,3
25113,3
25449,3
25804,3
27013,3
27520,3
5236,3
5344,3
12220,3
14397,3
23787,3
6650,3
20152,3
26547,3
28471,3
12844,3
12878,3
23106,3
23264,3
24569,3
25368,3
26468,3
28442,3
13639,3
22286,3
22883,3
23088,3
23172,3
23595,3
24459,3
24501,3
24916,3
26093,3
28560,3
29110,3
30187,3
32003,3
32221,3
33430,3
33779,3
34591,3
35039,3
36494,3
38013,3
38194,3
38420,3
39729,3
40144,3
43053,3
44933,3
11742,3
18471,3
21805,3
22448,3
23545,3
24044,3
24236,3
25696,3
25933,3
26764,3
27641,3
28337,3
28578,3
28660,3
29178,3
29707,3
30113,3
30400,3
30515,3
30816,3
32358,3
32741,3
33065,3
35002,3
35007,3
35779,3
29436,3
31065,3
38218,3
37454,3
38189,3
38656,3
38375,3
38533,3
38767,3
38920,3
39411,3
40349,3
41381,3
41452,3
41767,3
42366,3
44222,3
40491,3
43415,3
44710,3
34436,3
13884,3
25736,3
31294,3
31538,3
32137,3
33086,3
33370,3
33808,3
34801,3
35740,3
38620,3
42532,3
42650,3
23684,3
7885,3
27373,3
30439,3
30657,3
32876,3
33401,3
33795,3
34965,3
35908,3
28169,3
37348,3
38683,3
39805,3
39871,3
40207,3
40646,3
42558,3
44479,3
45009,3
43368,3
34788,3
45247,3
1378,3
8555,3
24060,3
25047,3
26505,3
15429,3
29951,3
30544,3
31709,3
34876,3
37332,3
38126,3
37895,3
38546,3
40601,3
41917,3
43586,3
84765,3
80843,3
92737,3
97138,3
85390,3
54781,3
92040,3
97530,3
59056,3
96095,3
89311,3
11994,3
102026,3
32355,3
73593,3
92671,3
103395,3
67197,3
86226,3
75482,3
87526,3
83781,3
84163,3
85781,3
84718,3
101781,3
87566,3
90524,3
102136,3
97848,3
92193,3
92477,3
93953,3
95911,3
94787,3
99388,3
100173,3
101905,3
102275,3
77332,3
83456,3
85579,3
92908,3
70774,3
83277,3
74292,3
69915,3
84276,3
84539,3
95249,3
43129,3
101545,3
97622,3
88033,3
34583,3
52563,3
85072,3
47116,3
53228,3
91924,3
65507,3
72169,3
74037,3
76709,3
74486,3
77376,3
80525,3
80420,3
80853,3
81770,3
81953,3
98382,3
96213,3
83172,3
83974,3
70393,3
85272,3
86473,3
87413,3
88300,3
88410,3
89695,3
89589,3
9883,3
7248,3
8814,3
12663,3
13622,3
14931,3
10816,3
11441,3
4287,3
6712,3
6972,3
8472,3
11838,3
13094,3
14879,3
18769,3
18501,3
6533,3
8653,3
9488,3
9546,3
9877,3
10611,3
11943,3
12432,3
13063,3
16352,3
16638,3
1209,3
3603,3
6329,3
2571,3
3351,3
10132,3
11081,3
12145,3
13299,3
6570,3
823,3
10911,3
8215,3
10482,3
13412,3
15919,3
17032,3
1259,3
5290,3
5873,3
7214,3
3301,3
4232,3
6770,3
2237,3
3721,3
6583,3
2707,3
1577,3
2568,3
5122,3
2938,3
574,3
2132,3
363,3
2203,3
426,3
2452,3
6350,3
7014,3
7952,3
8359,3
11509,3
11528,3
13898,3
15249,3
17581,3
18035,3
18161,3
18627,3
18730,3
18751,3
19339,3
19439,3
19449,3
19660,3
19788,3
5582,3
2655,3
10509,3
10338,3
11050,3
12592,3
12837,3
13772,3
14087,3
14858,3
14645,3
14784,3
15672,3
12650,3
17384,3
17536,3
17909,3
18648,3
18125,3
20342,3
12116,3
16866,3
16491,3
21423,3
21901,3
22232,3
22771,3
23189,3
23751,3
24497,3
18025,3
27109,3
8498,3
8648,3
11662,3
12900,3
16399,3
19943,3
22395,3
22572,3
22627,3
22942,3
23063,3
23449,3
24300,3
24382,3
24949,3
25122,3
25398,3
25963,3
26231,3
5876,3
24190,3
7322,3
8412,3
22858,3
25829,3
9993,3
14606,3
16111,3
19741,3
24797,3
27695,3
28302,3
22761,3
23738,3
3913,3
12682,3
17368,3
17928,3
19520,3
20418,3
22871,3
23034,3
23160,3
23625,3
27146,3
27910,3
28325,3
8624,3
13073,3
17276,3
18400,3
22624,3
23150,3
23229,3
23801,3
24329,3
25524,3
25887,3
25968,3
27429,3
27658,3
27887,3
30883,3
31521,3
32188,3
32204,3
32577,3
33016,3
34882,3
36540,3
36671,3
37912,3
38295,3
38403,3
38534,3
38574,3
38927,3
40366,3
40760,3
42181,3
42814,3
42982,3
44249,3
10275,3
15874,3
21349,3
21378,3
23103,3
24056,3
25923,3
26517,3
21880,3
28611,3
16129,3
29127,3
29508,3
29366,3
29771,3
31763,3
31119,3
30645,3
31127,3
31552,3
32270,3
32286,3
32388,3
32346,3
32703,3
32611,3
33245,3
33594,3
37854,3
33647,3
33805,3
35673,3
34274,3
35008,3
35024,3
35476,3
35888,3
37717,3
38211,3
38101,3
39113,3
39683,3
39993,3
40148,3
40332,3
39949,3
41522,3
41766,3
42783,3
42785,3
43889,3
43963,3
43251,3
38899,3
42126,3
13267,3
15436,3
23349,3
24736,3
24841,3
25115,3
26255,3
26472,3
27703,3
29432,3
30488,3
30741,3
32990,3
34969,3
36847,3
37171,3
37397,3
37975,3
38907,3
40266,3
40408,3
40668,3
41603,3
41661,3
42231,3
42940,3
29248,3
19405,3
28875,3
22585,3
23315,3
24282,3
10803,3
28010,3
31004,3
31074,3
32031,3
32919,3
33085,3
36469,3
39838,3
40794,3
40750,3
41458,3
33353,3
42205,3
42438,3
44746,3
44509,3
44349,3
21305,3
31923,3
30703,3
5185,3
22727,3
22853,3
34532,3
35886,3
39565,3
41776,3
44031,3
44693,3
5584,3
37949,3
29411,3
29913,3
32422,3
34143,3
36219,3
40169,3
41222,3
42683,3
42885,3
76482,3
81763,3
91316,3
22248,3
70675,3
92578,3
99108,3
102771,3
86868,3
56128,3
84582,3
101565,3
95597,3
48701,3
26031,3
36948,3
40248,3
48793,3
53216,3
56081,3
73765,3
71319,3
78747,3
76227,3
74955,3
95027,3
81393,3
84971,3
90720,3
27850,3
92465,3
96154,3
99849,3
96567,3
100800,3
97001,3
92078,3
95400,3
95187,3
103136,3
85142,3
90510,3
91629,3
77039,3
96251,3
82708,3
98198,3
93256,3
82761,3
85336,3
43564,3
80069,3
91831,3
71219,3
34802,3
43690,3
43803,3
46291,3
50586,3
53296,3
59278,3
74671,3
68092,3
66628,3
68192,3
68977,3
73171,3
70862,3
75120,3
84340,3
94004,3
79711,3
80558,3
81246,3
81254,3
83383,3
82918,3
83554,3
84525,3
94808,3
96590,3
97049,3
96500,3
97336,3
98873,3
99587,3
100794,3
102796,3
102589,3
103306,3
99067,3
102641,3
63750,3
71659,3
86016,3
74812,3
66950,3
44311,3
42248,3
53060,3
88536,3
58599,3
93010,3
75495,3
91486,3
69060,3
71778,3
84074,3
95984,3
73743,3
94414,3
96003,3
93141,3
17272,3
87742,3
66913,3
91478,3
99627,3
71915,3
82749,3
103020,3
98158,3
13786,3
37658,3
48492,3
56786,3
57779,3
63058,3
65111,3
68579,3
69781,3
94356,3
94537,3
73099,3
74675,3
75853,3
64126,3
75808,3
83169,3
83477,3
83482,3
83939,3
9140,3
84342,3
89721,3
85831,3
85070,3
86134,3
86804,3
87392,3
88057,3
90582,3
90800,3
91738,3
91898,3
92440,3
94600,3
95141,3
96453,3
97698,3
97464,3
97779,3
97929,3
98521,3
98265,3
90448,3
99149,3
99256,3
100534,3
101156,3
101385,3
101700,3
103151,3
100508,3
103193,3
89447,3
86612,3
76817,3
91310,3
70301,3
89366,3
100910,3
100039,3
81447,3
100257,3
102144,3
104531,3
91911,3
16710,3
37141,3
27838,3
44492,3
10662,3
56324,3
70682,3
71718,3
71938,3
78039,3
80982,3
84279,3
83653,3
86738,3
86943,3
88334,3
87054,3
102236,3
93420,3
95924,3
78667,3
96613,3
99117,3
58228,3
56981,3
41796,3
96097,3
53447,3
99072,3
86066,3
59090,3
50251,3
80391,3
88778,3
91593,3
90101,3
94650,3
86812,3
45704,3
99009,3
97170,3
77035,3
73296,3
77874,3
37850,3
38291,3
70616,3
45168,3
54188,3
62126,3
64249,3
93632,3
79355,3
80149,3
82032,3
81773,3
81972,3
82594,3
83429,3
83860,3
87758,3
88670,3
89019,3
90587,3
94590,3
99658,3
99290,3
101253,3
102783,3
103059,3
64643,3
59472,3
36352,3
85978,3
77284,3
61876,3
76680,3
64446,3
75164,3
71047,3
86326,3
89316,3
44952,3
51972,3
58478,3
90958,3
86502,3
82355,3
88015,3
85650,3
59363,3
51644,3
63268,3
54258,3
63532,3
40239,3
93635,3
100833,3
90422,3
90225,3
79158,3
38467,3
36165,3
98558,3
53870,3
46773,3
94881,3
48581,3
72737,3
57165,3
63535,3
65108,3
69454,3
79103,3
75266,3
75597,3
78071,3
78252,3
79663,3
89077,3
84006,3
63447,3
84636,3
85844,3
88381,3
87747,3
96482,3
92356,3
98492,3
88623,3
93538,3
94403,3
95525,3
96021,3
55812,3
96795,3
87327,3
100426,3
100915,3
100986,3
102073,3
104162,3
103474,3
103818,3
89600,3
23285,3
76407,3
96942,3
85093,3
44684,3
27578,3
31780,3
37065,3
76018,3
61208,3
63587,3
66651,3
76777,3
77224,3
81492,3
88095,3
104412,3
90443,3
91031,3
97446,3
100983,3
63331,3
92913,3
78115,3
73751,3
81166,3
43352,3
63221,3
79770,3
94550,3
93830,3
37480,3
47030,3
50753,3
50963,3
71912,3
78862,3
79077,3
92414,3
81783,3
87547,3
84226,3
99942,3
88715,3
89752,3
91186,3
99742,3
104993,3
105067,3
74515,3
57590,3
46534,3
53473,3
57228,3
89476,3
89395,3
70012,3
86817,3
95622,3
77426,3
94197,3
97396,3
81397,3
83508,3
85724,3
97609,3
90556,3
101514,3
26172,3
21658,3
49277,3
44122,3
70240,3
72272,3
64123,3
7635,3
78580,3
86686,3
72960,3
83897,3
100355,3
57380,3
88510,3
90283,3
92095,3
92695,3
96280,3
68193,3
102749,3
69446,3
68622,3
47352,3
55680,3
72808,3
2564,3
77292,3
57892,3
96351,3
100463,3
71073,3
100941,3
75816,3
62142,3
55554,3
62205,3
10709,3
94768,3
95060,3
42445,3
29890,3
93788,3
79589,3
45352,3
48027,3
48287,3
79563,3
84179,3
85062,3
89970,3
93270,3
49056,3
101524,3
103196,3
75903,3
85167,3
85813,3
55363,3
84336,3
60312,3
47877,3
82552,3
103947,3
57919,3
94705,3
21248,3
35259,3
37183,3
89337,3
62767,3
53002,3
61184,3
61590,3
76751,3
10933,3
64128,3
77184,3
78546,3
81342,3
82505,3
82434,3
85230,3
85595,3
86357,3
85847,3
88389,3
89164,3
99734,3
97782,3
102754,3
105253,3
45229,3
71207,3
75668,3
80378,3
63897,3
68254,3
74896,3
100628,3
103524,3
48395,3
77379,3
60916,3
87650,3
82544,3
68971,3
71815,3
80241,3
41457,3
46923,3
56540,3
66635,3
76310,3
98308,3
85584,3
36688,3
54934,3
77770,3
89269,3
58583,3
92474,3
65613,3
93078,3
90309,3
91596,3
48140,3
36436,3
61816,3
71601,3
82113,3
83012,3
96008,3
63014,3
101616,3
44883,3
26030,3
22089,3
20262,3
33454,3
83025,3
79892,3
32865,3
37099,3
51670,3
65697,3
68543,3
81930,3
33028,3
24031,3
55481,3
56863,3
59198,3
67065,3
75966,3
24262,3
63994,3
67210,3
69949,3
73759,3
78092,3
16421,3
26303,3
27559,3
29286,3
31499,3
35919,3
37695,3
38991,3
41352,3
45796,3
48954,3
53426,3
54461,3
56148,3
56752,3
56839,3
56968,3
58158,3
58160,3
58304,3
59564,3
60131,3
60262,3
61695,3
64404,3
65423,3
66112,3
66556,3
67580,3
67802,3
68519,3
69985,3
71883,3
72784,3
73257,3
76491,3
82568,3
76042,3
35341,3
51350,3
32174,3
50976,3
37774,3
42813,3
42910,3
47263,3
17086,3
48000,3
48384,3
51883,3
52443,3
54301,3
66419,3
71493,3
57800,3
58457,3
58985,3
58822,3
61261,3
62341,3
63405,3
65652,3
70004,3
66561,3
67299,3
68550,3
68430,3
71677,3
70592,3
71825,3
74300,3
75040,3
54017,3
75337,3
78722,3
68416,3
44048,3
49755,3
50968,3
53507,3
54550,3
54587,3
55775,3
57086,3
57690,3
58097,3
60165,3
60796,3
60938,3
61006,3
63558,3
64105,3
64551,3
65486,3
68414,3
69933,3
72721,3
83684,3
85269,3
51434,3
37199,3
61540,3
61750,3
28874,3
22128,3
28911,3
29943,3
60670,3
72763,3
45546,3
73015,3
52716,3
69462,3
65079,3
53350,3
71619,3
63826,3
69404,3
63844,3
66346,3
71849,3
69231,3
21130,3
74297,3
73890,3
74087,3
75153,3
77932,3
54902,3
39298,3
14688,3
68566,3
69723,3
62362,3
79334,3
70716,3
81155,3
27546,3
36580,3
40052,3
58494,3
64391,3
82166,3
33049,3
57763,3
36701,3
47012,3
50385,3
56692,3
67459,3
59187,3
55631,3
58147,3
56172,3
51387,3
53437,3
55975,3
61519,3
47725,3
59409,3
35640,3
63564,3
85303,3
43940,3
60803,3
35493,3
36915,3
38714,3
40470,3
43704,3
47948,3
50167,3
50881,3
51015,3
51392,3
51563,3
51983,3
52138,3
52364,3
52372,3
53833,3
54038,3
55507,3
55654,3
56576,3
56613,3
56671,3
57112,3
57178,3
58291,3
42177,3
49258,3
33414,3
35771,3
42700,3
48045,3
30950,3
46418,3
48723,3
50270,3
47541,3
51962,3
60882,3
36567,3
43142,3
45827,3
46122,3
47054,3
47067,3
47273,3
47644,3
49841,3
53778,3
53836,3
53959,3
54563,3
54760,3
56986,3
59501,3
59551,3
59619,3
36268,3
22162,3
34722,3
31425,3
52267,3
48481,3
50191,3
52072,3
28374,3
54211,3
58021,3
62002,3
54156,3
61936,3
1428,3
89612,3
89572,3
90216,3
90778,3
91124,3
91579,3
92909,3
95011,3
94969,3
95306,3
94591,3
96177,3
15068,3
96925,3
97938,3
99922,3
103273,3
102332,3
101788,3
102292,3
103557,3
104858,3
67808,3
67919,3
85575,3
87168,3
43343,3
63544,3
81401,3
88175,3
83675,3
89404,3
82435,3
52460,3
93920,3
96709,3
93508,3
68021,3
100098,3
62833,3
93190,3
94893,3
97623,3
57949,3
102363,3
67895,3
100224,3
73460,3
104289,3
104818,3
39484,3
105244,3
93024,3
96680,3
58965,3
37019,3
39906,3
43025,3
44257,3
45850,3
75753,3
88829,3
54938,3
59359,3
55721,3
62616,3
62920,3
99746,3
91379,3
73999,3
74364,3
79380,3
79112,3
79472,3
83268,3
84535,3
91944,3
85822,3
96480,3
85667,3
93957,3
88330,3
87055,3
87486,3
85843,3
86855,3
89286,3
87717,3
85811,3
90074,3
91248,3
81359,3
91550,3
92179,3
92184,3
92541,3
94822,3
88427,3
76550,3
97652,3
98764,3
99050,3
98869,3
93831,3
100308,3
101042,3
101481,3
101922,3
102703,3
102043,3
102698,3
42304,3
27684,3
79254,3
58739,3
90292,3
24242,3
3944,3
49598,3
86057,3
57400,3
55779,3
59941,3
66741,3
71926,3
95516,3
66794,3
78663,3
79317,3
99696,3
84107,3
98690,3
88416,3
91445,3
50510,3
91626,3
94554,3
94460,3
94491,3
95810,3
95920,3
95994,3
98344,3
99833,3
8509,3
53892,3
38335,3
59644,3
67125,3
92738,3
75217,3
94049,3
102190,3
82275,3
44525,3
33631,3
49945,3
80910,3
48265,3
79912,3
54925,3
68386,3
87625,3
98727,3
89273,3
84207,3
72326,3
40694,3
41225,3
45096,3
51968,3
97400,3
51198,3
57161,3
62831,3
65057,3
66880,3
70914,3
71466,3
71363,3
76198,3
76367,3
80587,3
85386,3
87785,3
86748,3
86204,3
86669,3
80009,3
90536,3
91259,3
91784,3
92733,3
96373,3
102509,3
99176,3
99376,3
99452,3
100032,3
101000,3
102900,3
74947,3
81564,3
57594,3
85339,3
82942,3
78527,3
33852,3
85423,3
60379,3
70904,3
67992,3
67971,3
91340,3
87328,3
71861,3
45603,3
98748,3
93689,3
93931,3
74529,3
98598,3
58440,3
54530,3
67243,3
88616,3
74524,3
98966,3
100724,3
98312,3
94067,3
84585,3
23515,3
99473,3
34025,3
37891,3
40450,3
47369,3
48078,3
105958,3
62896,3
60952,3
63464,3
62739,3
64051,3
68000,3
69555,3
80750,3
92557,3
94352,3
73547,3
72914,3
75480,3
78802,3
83281,3
83604,3
84110,3
104947,3
89845,3
85835,3
99260,3
86900,3
87927,3
87953,3
88432,3
88771,3
90247,3
91839,3
92381,3
92426,3
96864,3
93324,3
94062,3
93721,3
94693,3
95841,3
100509,3
97416,3
92612,3
95510,3
42278,3
97518,3
97868,3
103073,3
101714,3
102132,3
104658,3
105210,3
84094,3
89927,3
64332,3
22674,3
67995,3
22468,3
91813,3
36943,3
46690,3
57061,3
68071,3
61497,3
72197,3
86559,3
88750,3
92623,3
97463,3
99917,3
100677,3
104287,3
74834,3
94812,3
70749,3
43469,3
39536,3
35531,3
65149,3
43792,3
80537,3
70775,3
61536,3
26917,3
32780,3
36516,3
42260,3
74842,3
45595,3
45711,3
52165,3
52339,3
62718,3
66334,3
70331,3
82606,3
72932,3
75039,3
76330,3
80030,3
81057,3
81170,3
81931,3
83121,3
84396,3
84435,3
84837,3
84934,3
87420,3
95329,3
98501,3
99179,3
100845,3
62540,3
105704,3
42636,3
56302,3
74981,3
69632,3
40621,3
91343,3
92951,3
36437,3
94041,3
78742,3
100359,3
88343,3
104208,3
30010,3
26467,3
34314,3
102451,3
38849,3
51719,3
53171,3
54499,3
56769,3
57780,3
60981,3
63280,3
65012,3
71224,3
68586,3
73526,3
76600,3
88716,3
82107,3
63448,3
84868,3
89851,3
87919,3
90754,3
88968,3
93747,3
95274,3
99444,3
71995,3
88133,3
68037,3
62038,3
98415,3
24791,3
29054,3
56186,3
72741,3
74976,3
60125,3
62933,3
77262,3
78332,3
100632,3
78847,3
98211,3
78939,3
69682,3
86598,3
94620,3
53288,3
72670,3
55124,3
32007,3
29960,3
64400,3
45900,3
81325,3
59418,3
89462,3
61544,3
63015,3
49974,3
65351,3
103494,3
74356,3
66289,3
79975,3
84060,3
86246,3
90668,3
94520,3
95311,3
104653,3
41713,3
11625,3
70510,3
64571,3
88503,3
50363,3
43096,3
59238,3
72441,3
43091,3
95878,3
93734,3
36705,3
39604,3
46772,3
82808,3
57371,3
75357,3
67688,3
72859,3
72271,3
87638,3
75178,3
77396,3
78072,3
78261,3
79454,3
85998,3
97145,3
97686,3
99631,3
94210,3
103457,3
81737,3
38723,3
72835,3
95200,3
79433,3
79580,3
40395,3
97699,3
12606,3
27555,3
42428,3
43650,3
47117,3
60863,3
66329,3
71232,3
78768,3
80524,3
81112,3
81201,3
82735,3
62965,3
94078,3
55443,3
58301,3
55734,3
51822,3
70363,3
93999,3
81740,3
64671,3
93453,3
39515,3
41262,3
63927,3
80781,3
73925,3
75231,3
75862,3
80697,3
81853,3
74658,3
91576,3
98357,3
49643,3
28257,3
45884,3
29359,3
70707,3
69316,3
70260,3
100561,3
84761,3
59191,3
64022,3
82204,3
44620,3
57962,3
67248,3
51785,3
74230,3
68623,3
66941,3
95918,3
37352,3
39859,3
42882,3
43873,3
50289,3
59431,3
66914,3
65775,3
75496,3
50063,3
103084,3
67285,3
26002,3
31056,3
41535,3
48438,3
48937,3
53716,3
54134,3
54239,3
54746,3
55301,3
56149,3
56365,3
57392,3
57820,3
59170,3
59476,3
60321,3
61341,3
63625,3
64208,3
64650,3
65175,3
66221,3
67348,3
68084,3
68804,3
70289,3
71649,3
76406,3
76419,3
84824,3
52867,3
56244,3
6988,3
41188,3
41254,3
45897,3
49995,3
18604,3
50058,3
70076,3
52449,3
52809,3
67579,3
54320,3
54507,3
56959,3
57647,3
58159,3
58892,3
59497,3
59901,3
60122,3
60248,3
62195,3
62030,3
63081,3
63023,3
63586,3
63701,3
66050,3
66476,3
69745,3
70347,3
71579,3
73647,3
73686,3
75622,3
76516,3
77215,3
42573,3
78056,3
37830,3
42890,3
44288,3
52788,3
55632,3
55771,3
57933,3
62563,3
63877,3
63935,3
64064,3
64833,3
65262,3
66129,3
68024,3
68828,3
73505,3
80159,3
59304,3
66691,3
44399,3
66352,3
69206,3
26983,3
29592,3
32438,3
41020,3
42680,3
44696,3
62571,3
48990,3
54307,3
55758,3
55284,3
57531,3
60527,3
60348,3
60687,3
63604,3
67159,3
67858,3
68100,3
68639,3
70095,3
70948,3
71124,3
73074,3
73694,3
76385,3
78390,3
78398,3
80093,3
83336,3
75276,3
56026,3
55438,3
45411,3
50463,3
72139,3
59883,3
42026,3
44286,3
60823,3
59002,3
67419,3
57657,3
61288,3
76634,3
32070,3
35142,3
48091,3
48194,3
48391,3
49627,3
48509,3
51535,3
57245,3
59657,3
64279,3
75310,3
32322,3
51278,3
66113,3
77467,3
30117,3
48827,3
60545,3
60590,3
74892,3
61597,3
22261,3
22695,3
26357,3
32559,3
36953,3
36987,3
37757,3
40006,3
40770,3
43934,3
44388,3
45976,3
47382,3
47826,3
50389,3
51291,3
51777,3
51866,3
52680,3
55708,3
58430,3
58443,3
59817,3
53198,3
3495,3
56444,3
29077,3
38477,3
44110,3
52570,3
45032,3
45936,3
47097,3
46900,3
47076,3
45621,3
47661,3
48073,3
49026,3
17615,3
50486,3
57184,3
50880,3
50922,3
51506,3
51992,3
47550,3
54039,3
57570,3
60405,3
42331,3
32932,3
41889,3
46002,3
47568,3
47687,3
53024,3
53061,3
59225,3
60064,3
8774,3
62445,3
36046,3
45062,3
47240,3
48173,3
49021,3
50565,3
53564,3
53624,3
58398,3
19699,3
38590,3
40697,3
50904,3
40445,3
27629,3
50778,3
47910,3
2342,3
1427,3
237,3
3555,3
2652,3
5723,3
11008,3
15007,3
5530,3
6618,3
6818,3
7105,3
7748,3
8428,3
11109,3
12437,3
6953,3
7925,3
11886,3
4298,3
4910,3
4018,3
9812,3
5614,3
7036,3
9215,3
12165,3
12205,3
12388,3
12429,3
12445,3
13184,3
13417,3
16366,3
8613,3
1203,3
1379,3
3941,3
7530,3
8017,3
16545,3
6559,3
8671,3
9752,3
10587,3
11074,3
11636,3
12206,3
13895,3
14266,3
15921,3
17894,3
6769,3
2759,3
3698,3
3815,3
5663,3
3564,3
1202,3
416,3
1874,3
281,3
623,3
2457,3
7204,3
9341,3
11141,3
12797,3
13611,3
14856,3
15930,3
17692,3
17902,3
19317,3
19482,3
21476,3
18788,3
11091,3
11092,3
11727,3
12098,3
12395,3
15671,3
15871,3
17911,3
20288,3
20127,3
18772,3
5580,3
6852,3
7331,3
9016,3
11417,3
16291,3
16410,3
19097,3
22221,3
22306,3
22381,3
22882,3
23041,3
23494,3
24113,3
24163,3
24214,3
25052,3
25857,3
27480,3
11653,3
27882,3
7908,3
11535,3
21576,3
22654,3
27616,3
28042,3
28637,3
6282,3
10673,3
10789,3
11569,3
11888,3
16854,3
17123,3
17601,3
18230,3
18271,3
20914,3
21376,3
23074,3
23115,3
24264,3
24500,3
25219,3
25646,3
6584,3
9283,3
21895,3
21995,3
23836,3
24642,3
27983,3
24197,3
24456,3
24567,3
20855,3
23023,3
23477,3
23511,3
24466,3
24859,3
5187,3
23626,3
25815,3
26470,3
28519,3
29079,3
30234,3
30428,3
30654,3
32769,3
32971,3
32979,3
34641,3
35040,3
35224,3
35339,3
35583,3
36247,3
37165,3
38036,3
38096,3
38323,3
38572,3
39829,3
43153,3
43715,3
44250,3
8494,3
21861,3
23979,3
24801,3
26785,3
27681,3
27682,3
29731,3
30919,3
14624,3
27874,3
31515,3
32126,3
32177,3
43237,3
32428,3
33005,3
33315,3
34565,3
35331,3
35777,3
36179,3
37004,3
37182,3
37953,3
39709,3
39977,3
40095,3
41578,3
43294,3
44117,3
44971,3
35307,3
21055,3
12782,3
22832,3
22855,3
23913,3
24071,3
26017,3
30570,3
32102,3
34320,3
36674,3
36954,3
42317,3
43152,3
44000,3
44694,3
6009,3
22788,3
22839,3
26100,3
33239,3
27313,3
31574,3
29941,3
34597,3
36339,3
8881,3
39609,3
40021,3
40783,3
43865,3
40725,3
24021,3
24364,3
30251,3
33784,3
36938,3
40506,3
41337,3
34548,3
23064,3
26184,3
28612,3
30267,3
29507,3
35140,3
36196,3
37249,3
40171,3
42233,3
43010,3
99449,3
75143,3
91842,3
91715,3
25379,3
90148,3
71540,3
56175,3
56645,3
98921,3
84051,3
87763,3
89158,3
17599,3
31473,3
67439,3
32194,3
61559,3
45933,3
21761,3
49293,3
51648,3
86093,3
58758,3
63878,3
64808,3
64818,3
95599,3
74304,3
76070,3
78608,3
83652,3
84713,3
89661,3
85803,3
97976,3
44494,3
99928,3
100240,3
101047,3
100323,3
105384,3
70594,3
92759,3
97089,3
93071,3
74395,3
86915,3
91003,3
85385,3
66307,3
71973,3
90391,3
90474,3
81445,3
55056,3
101728,3
100613,3
81327,3
93405,3
91414,3
80993,3
77059,3
37845,3
46410,3
41605,3
31789,3
47975,3
53230,3
58170,3
57793,3
62019,3
89786,3
67380,3
88128,3
89091,3
60841,3
74991,3
87026,3
78589,3
81991,3
78323,3
82051,3
62011,3
84008,3
84202,3
84236,3
87199,3
85493,3
86739,3
87201,3
88047,3
87980,3
93565,3
88790,3
89361,3
91162,3
91824,3
91992,3
93650,3
94551,3
94082,3
85439,3
95242,3
96047,3
97620,3
98977,3
97134,3
97435,3
97763,3
97897,3
100033,3
100643,3
101990,3
102870,3
104177,3
65580,3
71184,3
87129,3
85547,3
76324,3
56020,3
89406,3
89382,3
76182,3
91268,3
45902,3
77072,3
89398,3
91595,3
75121,3
35671,3
92404,3
97754,3
98416,3
97578,3
53777,3
97126,3
93628,3
83673,3
74870,3
82608,3
90688,3
61469,3
93241,3
101632,3
73375,3
44121,3
46984,3
53791,3
56313,3
57302,3
57336,3
69342,3
63140,3
66570,3
66613,3
71242,3
72278,3
73855,3
64125,3
77438,3
87364,3
80260,3
82616,3
81954,3
86148,3
92329,3
86962,3
85824,3
85842,3
87037,3
42801,3
83034,3
88910,3
90689,3
91050,3
92168,3
92169,3
91569,3
92462,3
98398,3
93929,3
93117,3
93224,3
94311,3
94973,3
90797,3
95922,3
87305,3
96823,3
97177,3
78996,3
97888,3
98107,3
98225,3
100557,3
101420,3
100650,3
101707,3
101699,3
102133,3
69444,3
103137,3
103262,3
99311,3
102893,3
88156,3
83815,3
99001,3
101948,3
8799,3
62619,3
71827,3
28306,3
68554,3
70338,3
6152,3
93267,3
85295,3
86945,3
86919,3
86560,3
88105,3
90076,3
91182,3
92933,3
100576,3
101238,3
80618,3
84684,3
36476,3
77998,3
82617,3
72606,3
56967,3
91100,3
91828,3
81376,3
91685,3
94346,3
27357,3
32782,3
39295,3
43911,3
93358,3
100000,3
75524,3
79957,3
82232,3
55285,3
56396,3
88181,3
88677,3
53475,3
81230,3
90630,3
93578,3
93367,3
97511,3
97821,3
101907,3
103129,3
82541,3
104144,3
104769,3
103120,3
54957,3
64176,3
82859,3
65300,3
67342,3
85128,3
73026,3
51175,3
76501,3
56086,3
68538,3
67934,3
85732,3
77767,3
95418,3
93536,3
96063,3
96279,3
56305,3
60166,3
92823,3
90144,3
102507,3
103331,3
20752,3
36435,3
89331,3
41350,3
95897,3
47578,3
57781,3
58099,3
67124,3
59964,3
62309,3
92498,3
63941,3
64754,3
67274,3
67477,3
69006,3
91443,3
91308,3
71993,3
71742,3
73034,3
78945,3
76502,3
77062,3
77013,3
77784,3
79163,3
79540,3
84039,3
84264,3
83480,3
84843,3
84198,3
96857,3
86139,3
87036,3
88770,3
74602,3
91669,3
91837,3
91660,3
92990,3
93561,3
65038,3
94156,3
97678,3
98440,3
97342,3
98766,3
100532,3
102267,3
102343,3
69527,3
103348,3
92122,3
88508,3
77541,3
73203,3
87808,3
100676,3
101875,3
105364,3
52873,3
55742,3
92772,3
72724,3
88189,3
93284,3
49305,3
84165,3
98841,3
29191,3
100107,3
99429,3
27450,3
79037,3
60887,3
65790,3
57159,3
86316,3
89013,3
78838,3
37808,3
29133,3
37773,3
41582,3
53126,3
79906,3
47972,3
48609,3
55860,3
60259,3
79473,3
88324,3
82742,3
84105,3
96833,3
86574,3
102031,3
88811,3
94993,3
94498,3
95980,3
97169,3
97436,3
100034,3
101195,3
103453,3
103982,3
84274,3
67867,3
85321,3
83153,3
80946,3
55885,3
59824,3
76910,3
87572,3
89707,3
89490,3
89021,3
43996,3
86852,3
93887,3
63646,3
85958,3
72346,3
97646,3
91174,3
64695,3
99135,3
22944,3
101614,3
82447,3
82710,3
97812,3
105298,3
29200,3
36867,3
47051,3
98499,3
65096,3
85699,3
73468,3
82993,3
104334,3
89322,3
94190,3
96990,3
96798,3
78979,3
45071,3
92965,3
43107,3
93334,3
43541,3
87381,3
87531,3
76107,3
74225,3
91184,3
101858,3
83337,3
79422,3
78712,3
99170,3
56799,3
100759,3
33870,3
60721,3
78737,3
77864,3
81515,3
95368,3
79263,3
81608,3
83915,3
87171,3
85028,3
83462,3
97671,3
94090,3
96824,3
22927,3
62812,3
78744,3
58293,3
54631,3
68773,3
60987,3
58166,3
91872,3
67217,3
55159,3
82776,3
89749,3
64361,3
23422,3
42230,3
39638,3
59382,3
93527,3
15079,3
84021,3
91267,3
91811,3
93528,3
94472,3
97679,3
57739,3
21347,3
52848,3
53550,3
79423,3
13809,3
100423,3
85606,3
66730,3
43057,3
50128,3
66789,3
70714,3
70296,3
38041,3
65350,3
85171,3
93845,3
58886,3
72261,3
62678,3
91007,3
63857,3
63003,3
67199,3
59755,3
92565,3
43566,3
50723,3
54698,3
54748,3
59106,3
84332,3
73435,3
73521,3
84490,3
81508,3
88760,3
88700,3
97605,3
93208,3
97203,3
70664,3
49365,3
71411,3
42171,3
67561,3
42196,3
58927,3
52278,3
87120,3
69165,3
47669,3
55244,3
10720,3
12600,3
42043,3
56113,3
67376,3
73913,3
73829,3
78718,3
22540,3
35630,3
35980,3
42521,3
43031,3
44605,3
44934,3
45945,3
46357,3
47181,3
48097,3
49281,3
49740,3
51568,3
53951,3
54632,3
56094,3
56338,3
56622,3
57118,3
58368,3
60310,3
60525,3
61263,3
61546,3
63064,3
65291,3
65376,3
67553,3
69067,3
69198,3
71511,3
73545,3
74123,3
74760,3
76450,3
81139,3
2813,3
29334,3
33871,3
35948,3
73177,3
38260,3
46406,3
43685,3
44355,3
48491,3
47611,3
48056,3
49918,3
50143,3
71520,3
67518,3
54724,3
6773,3
55835,3
57220,3
71217,3
61555,3
57503,3
57980,3
58124,3
58893,3
60426,3
60962,3
61406,3
60811,3
63807,3
66068,3
64544,3
66990,3
68505,3
68621,3
70564,3
69675,3
53134,3
65139,3
71160,3
74274,3
74216,3
75717,3
13155,3
79038,3
80987,3
64678,3
32047,3
32457,3
36525,3
37313,3
37470,3
44087,3
44657,3
47114,3
51465,3
53150,3
55409,3
56371,3
57092,3
58544,3
59671,3
63529,3
68328,3
68950,3
71201,3
74066,3
74324,3
34223,3
5685,3
22836,3
54984,3
61070,3
33595,3
36343,3
39363,3
41902,3
61196,3
55133,3
43861,3
50898,3
50956,3
51058,3
52129,3
52464,3
52454,3
56665,3
56774,3
57160,3
58083,3
61408,3
65623,3
64846,3
55492,3
65900,3
67750,3
68906,3
68531,3
69335,3
71225,3
71133,3
76047,3
55009,3
82926,3
79448,3
56154,3
60050,3
57100,3
11674,3
33403,3
73134,3
46465,3
38259,3
9446,3
52113,3
68664,3
32048,3
57042,3
22370,3
42975,3
9657,3
23003,3
63681,3
34047,3
39723,3
45686,3
48575,3
59130,3
62988,3
64326,3
67944,3
66916,3
58082,3
51009,3
53465,3
55585,3
79557,3
41113,3
59403,3
64017,3
60594,3
42977,3
56389,3
41904,3
53668,3
47879,3
33026,3
36942,3
36951,3
40603,3
40805,3
44614,3
44859,3
46858,3
47769,3
49381,3
51977,3
52221,3
52328,3
54396,3
55332,3
58543,3
59013,3
59705,3
59731,3
60577,3
15774,3
56028,3
60971,3
38200,3
39111,3
40947,3
42448,3
43224,3
44724,3
43852,3
45418,3
43862,3
45575,3
48290,3
50614,3
50009,3
52480,3
62694,3
45878,3
36459,3
39915,3
40568,3
41332,3
42036,3
43895,3
47094,3
48928,3
51499,3
51584,3
51758,3
54270,3
56045,3
58442,3
59263,3
53193,3
18708,3
52763,3
50371,3
41877,3
52321,3
53026,3
36762,3
40779,3
45181,3
45888,3
49707,3
50580,3
52112,3
54302,3
50856,3
50514,3
2217,3
3080,3
3550,3
3845,3
99534,3
99635,3
88916,3
103846,3
102906,3
102915,3
103712,3
100255,3
84906,3
88774,3
49588,3
84428,3
85786,3
50742,3
89436,3
86579,3
88731,3
53604,3
84034,3
69617,3
30387,3
38170,3
73213,3
94102,3
79814,3
94232,3
91104,3
90550,3
98120,3
86034,3
96711,3
92584,3
59269,3
76136,3
82705,3
94577,3
91739,3
99643,3
96052,3
90089,3
98645,3
105418,3
101318,3
95047,3
100921,3
20163,3
99778,3
95917,3
49201,3
92485,3
54175,3
49521,3
54704,3
59818,3
66524,3
66675,3
99568,3
85653,3
85712,3
92182,3
71730,3
75510,3
73364,3
77007,3
37250,3
91515,3
76538,3
91722,3
93355,3
86245,3
88110,3
86620,3
86991,3
64187,3
87710,3
87719,3
91556,3
91012,3
91782,3
92425,3
93773,3
93765,3
94257,3
94484,3
94903,3
94492,3
94283,3
96236,3
79000,3
97582,3
81363,3
97842,3
100897,3
99885,3
99736,3
68509,3
101416,3
102478,3
103385,3
103677,3
105099,3
89026,3
90425,3
91707,3
66006,3
59509,3
77342,3
70996,3
84464,3
32419,3
91473,3
63033,3
63954,3
101845,3
92911,3
85108,3
55538,3
54100,3
61312,3
80589,3
82855,3
86772,3
87845,3
93699,3
93800,3
93993,3
94644,3
96854,3
99198,3
102461,3
68683,3
80674,3
77902,3
67515,3
80389,3
80146,3
76362,3
86338,3
90827,3
61549,3
31541,3
77302,3
44001,3
58288,3
93473,3
68542,3
98070,3
71155,3
88646,3
62465,3
79302,3
79588,3
81084,3
79294,3
81007,3
81984,3
82235,3
84388,3
89411,3
91372,3
92136,3
91958,3
92987,3
93438,3
95314,3
96737,3
98619,3
99174,3
104382,3
103182,3
83962,3
60153,3
87693,3
72945,3
86025,3
89267,3
90324,3
92143,3
92760,3
75827,3
92333,3
53003,3
85157,3
89660,3
92853,3
94178,3
92052,3
100895,3
90249,3
53362,3
92051,3
101099,3
96385,3
89461,3
103199,3
101391,3
82302,3
36774,3
40456,3
8327,3
45655,3
47663,3
48059,3
102004,3
53974,3
55263,3
57868,3
59285,3
58731,3
95986,3
64255,3
64213,3
43571,3
77285,3
67747,3
80716,3
74278,3
94241,3
64163,3
81203,3
75551,3
86941,3
99918,3
87594,3
88203,3
89880,3
89627,3
90626,3
93600,3
93624,3
94128,3
96350,3
98403,3
96510,3
96628,3
98829,3
98262,3
101333,3
102324,3
101829,3
103443,3
102496,3
60396,3
81731,3
95893,3
52752,3
56325,3
62817,3
62555,3
103619,3
95642,3
85081,3
87544,3
90031,3
90048,3
94425,3
94751,3
92920,3
100688,3
53907,3
96401,3
25220,3
92368,3
80657,3
58111,3
89444,3
72215,3
53370,3
51046,3
93491,3
58724,3
61352,3
49905,3
73749,3
81261,3
80573,3
81312,3
82201,3
82763,3
86136,3
84689,3
88664,3
95180,3
95993,3
97994,3
98721,3
104364,3
104381,3
74681,3
100254,3
58253,3
54467,3
53087,3
60624,3
87057,3
82268,3
63736,3
99660,3
98747,3
69514,3
86856,3
91809,3
83592,3
88178,3
85659,3
23811,3
67102,3
32495,3
57349,3
77544,3
59811,3
48687,3
74269,3
74077,3
78279,3
79688,3
82251,3
86253,3
82630,3
91858,3
94001,3
95364,3
100361,3
101055,3
94208,3
96282,3
63743,3
81194,3
64657,3
56644,3
17685,3
62824,3
76270,3
80974,3
85802,3
75176,3
608,3
90164,3
90885,3
80658,3
67838,3
62991,3
90467,3
34288,3
98696,3
40489,3
43137,3
43286,3
43765,3
41840,3
59752,3
31900,3
62432,3
71991,3
76966,3
84872,3
89451,3
94568,3
96744,3
100237,3
79329,3
52047,3
83888,3
86355,3
97181,3
82295,3
37406,3
38675,3
81269,3
51712,3
51998,3
54936,3
57146,3
65736,3
71123,3
72963,3
74253,3
75149,3
77612,3
76791,3
65628,3
100340,3
93465,3
94694,3
94266,3
97691,3
84966,3
94324,3
42744,3
55588,3
70644,3
69089,3
71940,3
84587,3
81118,3
83342,3
36955,3
93389,3
5598,3
45014,3
64639,3
65067,3
70518,3
89795,3
94802,3
54047,3
63437,3
56594,3
67471,3
76699,3
46334,3
83693,3
54610,3
59549,3
91975,3
76103,3
78783,3
102580,3
96492,3
98520,3
33097,3
61025,3
44529,3
57207,3
58237,3
65420,3
91388,3
71222,3
75545,3
83609,3
84680,3
94375,3
98143,3
84195,3
68224,3
17416,3
40960,3
55941,3
56174,3
21014,3
27672,3
84135,3
68090,3
84857,3
34370,3
79159,3
83466,3
84328,3
104940,3
67678,3
78412,3
78345,3
42871,3
64624,3
9995,3
49394,3
65610,3
67856,3
76220,3
76664,3
84261,3
26552,3
29891,3
32714,3
36314,3
41838,3
45160,3
49251,3
50401,3
51087,3
51479,3
51713,3
53478,3
54602,3
56979,3
58765,3
58932,3
60002,3
60019,3
60296,3
61066,3
61285,3
62238,3
62439,3
62834,3
63829,3
64339,3
64565,3
65703,3
65711,3
66374,3
66573,3
66979,3
72047,3
75763,3
77764,3
78263,3
5689,3
16729,3
44931,3
34112,3
53246,3
29915,3
36857,3
37802,3
39626,3
43210,3
46612,3
47798,3
50886,3
51171,3
53268,3
54787,3
55907,3
60246,3
60556,3
69474,3
62306,3
62389,3
62715,3
68485,3
67871,3
69582,3
52786,3
72525,3
76288,3
76665,3
76387,3
72980,3
75694,3
78655,3
78212,3
79855,3
80992,3
81495,3
72282,3
70434,3
69637,3
34455,3
40884,3
43311,3
45606,3
47748,3
47823,3
51629,3
54451,3
56293,3
56795,3
58388,3
60069,3
60247,3
60741,3
61017,3
63396,3
63945,3
64011,3
65193,3
71178,3
74026,3
80447,3
40590,3
30979,3
33265,3
11552,3
37107,3
40214,3
40648,3
41018,3
41303,3
42794,3
52585,3
42803,3
26961,3
45656,3
47547,3
48613,3
61050,3
50214,3
50661,3
52476,3
31926,3
55266,3
57625,3
55957,3
24273,3
57608,3
58289,3
61059,3
64466,3
65470,3
69421,3
69671,3
70292,3
74286,3
73650,3
75560,3
74379,3
77236,3
61160,3
80841,3
56140,3
46443,3
74262,3
21131,3
70677,3
68877,3
45228,3
77066,3
27405,3
40572,3
44377,3
44980,3
46628,3
61745,3
31792,3
54014,3
80070,3
51359,3
53429,3
56401,3
61769,3
23217,3
61676,3
39509,3
47773,3
52996,3
56779,3
57575,3
59100,3
55956,3
69422,3
74404,3
82847,3
76976,3
38921,3
57986,3
45154,3
66249,3
29650,3
44568,3
60993,3
63921,3
49687,3
65587,3
35373,3
36272,3
37934,3
39726,3
39835,3
39944,3
40221,3
41966,3
43253,3
43497,3
46788,3
46845,3
52342,3
52468,3
53063,3
53671,3
55462,3
56451,3
56653,3
56870,3
58799,3
59251,3
60531,3
5574,3
7456,3
60973,3
51840,3
43841,3
39165,3
41169,3
45118,3
46997,3
49369,3
48084,3
49571,3
49712,3
50736,3
51162,3
52896,3
52986,3
52006,3
31808,3
33372,3
35241,3
42963,3
45514,3
47314,3
49225,3
52893,3
53180,3
53522,3
56383,3
56702,3
57584,3
57993,3
58445,3
45688,3
22356,3
36588,3
42082,3
55196,3
43891,3
44225,3
46100,3
47098,3
16265,3
50375,3
48603,3
48762,3
50023,3
50803,3
51461,3
50802,3
56728,3
61726,3
63979,3
55369,3
26041,3
47574,3
50408,3
50861,3
51914,3
52007,3
53394,3
58707,3
61176,3
24048,3
52936,3
51130,3
61326,3
53164,3
50919,3
29296,3
1595,3
1077,3
4484,3
6822,4
5157,4
5158,4
5199,4
6989,4
10365,4
6455,4
7225,4
3996,4
5534,4
5610,4
10458,4
10568,4
3325,4
3570,4
7200,4
7803,4
9338,4
9925,4
11548,4
11798,4
11892,4
11942,4
14669,4
14803,4
4228,4
5971,4
11137,4
11138,4
6689,4
8156,4
13196,4
4021,4
4789,4
8256,4
10247,4
14928,4
14995,4
3852,4
4234,4
6131,4
1071,4
3618,4
2294,4
3861,4
6638,4
6639,4
5015,4
4680,4
5317,4
637,4
1250,4
2050,4
1383,4
1920,4
2537,4
7317,4
10802,4
11036,4
12576,4
13119,4
19001,4
19060,4
19991,4
20641,4
20642,4
21648,4
10717,4
12261,4
7116,4
21304,4
7394,4
19665,4
21555,4
11379,4
14567,4
12979,4
21647,4
14634,4
14837,4
17243,4
17403,4
19429,4
20157,4
21841,4
18732,4
1393,4
22725,4
23110,4
23647,4
24862,4
25903,4
5635,4
13959,4
13557,4
18024,4
18958,4
20767,4
26322,4
27022,4
27165,4
8994,4
12433,4
13849,4
19111,4
19823,4
23102,4
23137,4
23297,4
23463,4
23941,4
24738,4
25074,4
25215,4
27007,4
27929,4
18741,4
22760,4
8373,4
13188,4
23187,4
24914,4
27427,4
5693,4
7989,4
18293,4
21839,4
22477,4
23161,4
24546,4
27366,4
18023,4
23548,4
23682,4
23705,4
23757,4
24243,4
24603,4
24636,4
24847,4
24990,4
28679,4
28865,4
28939,4
32297,4
33117,4
34324,4
34651,4
35344,4
35428,4
35864,4
37044,4
37052,4
37655,4
38619,4
40367,4
40996,4
42162,4
43317,4
44197,4
45308,4
33990,4
12877,4
13565,4
30889,4
24719,4
23413,4
23639,4
25978,4
28507,4
29233,4
29316,4
29307,4
29853,4
30450,4
30856,4
32381,4
33537,4
35313,4
34217,4
25719,4
36368,4
36408,4
38217,4
37353,4
38016,4
38251,4
38628,4
39522,4
41233,4
32984,4
44639,4
28506,4
27762,4
38277,4
2882,4
13865,4
23646,4
24370,4
26889,4
28121,4
28549,4
31904,4
41659,4
42246,4
42967,4
43549,4
44515,4
9748,4
26566,4
23514,4
29669,4
30989,4
31711,4
33654,4
41426,4
43971,4
29677,4
25024,4
29182,4
33007,4
38192,4
11607,4
23540,4
26129,4
28747,4
35529,4
36242,4
39160,4
40729,4
41894,4
42120,4
43576,4
42329,4
78014,4
63530,4
83772,4
79222,4
101646,4
99296,4
96371,4
75096,4
42221,4
68813,4
90059,4
82089,4
81835,4
20935,4
84248,4
86802,4
86651,4
87380,4
90805,4
92848,4
93502,4
95870,4
95737,4
98466,4
99343,4
61463,4
102226,4
103036,4
81466,4
96215,4
99069,4
101655,4
79890,4
86953,4
53151,4
94723,4
96715,4
84459,4
104436,4
52847,4
86776,4
37111,4
40653,4
66143,4
50539,4
49943,4
56608,4
93478,4
62334,4
66335,4
66906,4
91510,4
82809,4
74668,4
79861,4
80469,4
81097,4
81659,4
84065,4
99941,4
86105,4
87648,4
87523,4
87154,4
87849,4
88777,4
89221,4
79760,4
89943,4
93342,4
92396,4
3704,4
5197,4
6056,4
6569,4
7512,4
9713,4
10350,4
10402,4
4674,4
7911,4
3478,4
8473,4
10812,4
11760,4
7964,4
10352,4
14609,4
18039,4
4913,4
7612,4
7914,4
8657,4
8880,4
10070,4
11671,4
12552,4
13295,4
17217,4
5980,4
2572,4
6595,4
11353,4
16117,4
13232,4
18244,4
4685,4
6803,4
9225,4
12815,4
12854,4
14539,4
15739,4
15762,4
17580,4
1754,4
2133,4
740,4
816,4
5704,4
3394,4
3720,4
4635,4
5906,4
1347,4
874,4
1694,4
9440,4
12339,4
12609,4
13106,4
13532,4
14680,4
16083,4
17039,4
17325,4
17464,4
18034,4
18492,4
19343,4
19530,4
20710,4
21674,4
20199,4
3541,4
9222,4
19593,4
11876,4
12862,4
21818,4
13492,4
13826,4
14788,4
14975,4
16390,4
16673,4
16655,4
17974,4
8153,4
15453,4
19934,4
9235,4
16847,4
1394,4
27436,4
17246,4
19703,4
23112,4
23724,4
23837,4
23939,4
25488,4
26003,4
26366,4
13760,4
18273,4
22186,4
24816,4
26761,4
27276,4
27478,4
28798,4
9689,4
11818,4
15542,4
17700,4
20042,4
23469,4
23981,4
24858,4
25000,4
25021,4
25034,4
25168,4
25360,4
25373,4
27260,4
3935,4
18973,4
24246,4
26161,4
26224,4
26429,4
27465,4
16928,4
22975,4
23653,4
28077,4
23831,4
26119,4
26353,4
29893,4
30253,4
30502,4
31302,4
31428,4
32542,4
32728,4
35172,4
40998,4
43092,4
29239,4
15458,4
22428,4
23884,4
24635,4
26984,4
29906,4
30319,4
30458,4
31530,4
31559,4
32321,4
32518,4
32623,4
32928,4
35506,4
36034,4
29625,4
38257,4
38428,4
38447,4
38936,4
39700,4
40428,4
40717,4
41757,4
42340,4
37369,4
31804,4
23805,4
31128,4
31554,4
31612,4
31648,4
33002,4
37309,4
38002,4
38034,4
38410,4
22581,4
25402,4
22988,4
25654,4
28834,4
29730,4
31044,4
29394,4
33052,4
32725,4
33496,4
33921,4
36218,4
36944,4
38286,4
38612,4
39713,4
41628,4
42792,4
42361,4
43557,4
30955,4
15064,4
26085,4
29486,4
32586,4
34286,4
34849,4
36131,4
19913,4
28997,4
18770,4
10799,4
29255,4
38328,4
41481,4
42666,4
43717,4
46371,4
31893,4
40425,4
81276,4
100123,4
13805,4
87190,4
78510,4
79836,4
93824,4
100102,4
92732,4
97861,4
58609,4
78105,4
89492,4
85918,4
24023,4
76139,4
45680,4
52850,4
93811,4
61721,4
74449,4
47080,4
74841,4
84014,4
84996,4
85771,4
90900,4
85805,4
84754,4
95467,4
97572,4
99900,4
100479,4
100110,4
104236,4
105014,4
83345,4
95785,4
104399,4
102691,4
90067,4
102333,4
8589,4
84389,4
104925,4
79200,4
87450,4
98544,4
101075,4
82445,4
45475,4
82655,4
53547,4
82363,4
81434,4
94805,4
53342,4
87721,4
98668,4
67755,4
76717,4
79221,4
80961,4
87878,4
77555,4
91780,4
80785,4
82602,4
89313,4
97706,4
103369,4
77613,4
46896,4
96981,4
38856,4
41673,4
45452,4
53371,4
58171,4
58914,4
86423,4
64591,4
65721,4
66333,4
69260,4
70424,4
69825,4
75932,4
77663,4
80633,4
81263,4
81384,4
84100,4
84166,4
90377,4
84967,4
86247,4
77521,4
55264,4
89471,4
88696,4
6389,4
169,4
1711,4
3821,4
5537,4
5844,4
6628,4
7027,4
9289,4
13625,4
9160,4
11748,4
11833,4
13943,4
15743,4
744,4
797,4
3508,4
2363,4
6392,4
14826,4
7978,4
8312,4
8871,4
8884,4
9181,4
13071,4
14556,4
10561,4
4486,4
6586,4
11525,4
12163,4
12574,4
6192,4
11399,4
11100,4
16680,4
684,4
9050,4
9118,4
9139,4
12221,4
12611,4
807,4
3306,4
4528,4
4681,4
5214,4
6641,4
3448,4
2044,4
736,4
1910,4
1792,4
5634,4
9628,4
10924,4
11136,4
12829,4
13000,4
13533,4
14616,4
14897,4
15790,4
16538,4
17463,4
18064,4
18332,4
18382,4
19006,4
20324,4
21037,4
21573,4
9355,4
6815,4
11638,4
12905,4
12758,4
21644,4
15822,4
18706,4
18748,4
21696,4
15951,4
16959,4
23796,4
23940,4
24098,4
26514,4
17770,4
23370,4
19736,4
24610,4
27435,4
27700,4
27957,4
28388,4
12372,4
12931,4
15118,4
15759,4
17255,4
18159,4
23299,4
23420,4
23701,4
23717,4
21977,4
22379,4
24219,4
24962,4
15769,4
5568,4
12356,4
24886,4
28225,4
9688,4
22984,4
25020,4
28522,4
28580,4
7356,4
12440,4
16347,4
16827,4
16853,4
23134,4
24936,4
25711,4
25942,4
27188,4
28488,4
28575,4
30349,4
31613,4
31679,4
31742,4
31831,4
31873,4
31931,4
32133,4
32238,4
34028,4
35410,4
35878,4
36274,4
36836,4
39082,4
40521,4
42218,4
42354,4
44092,4
44514,4
481,4
34222,4
24489,4
27784,4
23318,4
24770,4
26341,4
28333,4
29658,4
30867,4
31027,4
32627,4
32729,4
33652,4
33799,4
34064,4
33970,4
34642,4
39100,4
36198,4
37720,4
37859,4
37925,4
38495,4
42362,4
40807,4
45259,4
23877,4
26205,4
33082,4
33865,4
34563,4
36248,4
38382,4
42178,4
42412,4
15625,4
36844,4
19746,4
20913,4
24631,4
29148,4
31227,4
31450,4
32265,4
32859,4
34101,4
34626,4
35615,4
36319,4
37413,4
38384,4
42793,4
43117,4
42974,4
44885,4
15244,4
24082,4
27408,4
28854,4
32545,4
34972,4
35069,4
35463,4
41238,4
43485,4
1369,4
22502,4
12808,4
12861,4
29689,4
31382,4
35804,4
42596,4
40747,4
41551,4
84572,4
73350,4
85396,4
85767,4
80897,4
85152,4
92977,4
91991,4
89456,4
72969,4
104124,4
22677,4
42302,4
8632,4
67505,4
81787,4
102721,4
66980,4
66449,4
88487,4
73568,4
75740,4
79031,4
88070,4
84251,4
97011,4
87089,4
88367,4
88000,4
88635,4
89522,4
92649,4
77556,4
93369,4
98682,4
101050,4
102014,4
101591,4
32146,4
47087,4
40421,4
61309,4
83210,4
90127,4
99019,4
99355,4
101381,4
93878,4
89233,4
45542,4
81756,4
92809,4
82501,4
103378,4
93794,4
87423,4
105026,4
103499,4
94218,4
35641,4
98611,4
38613,4
39402,4
45372,4
45566,4
46092,4
49157,4
50757,4
55174,4
57959,4
60469,4
62424,4
63075,4
63138,4
64311,4
36969,4
69790,4
82464,4
91387,4
72701,4
76490,4
87759,4
88645,4
79291,4
79296,4
78755,4
86892,4
79399,4
80329,4
79850,4
80534,4
81367,4
81947,4
91526,4
96257,4
84091,4
84745,4
85176,4
60009,4
86905,4
88251,4
92858,4
95068,4
94839,4
96905,4
99380,4
101054,4
101424,4
103109,4
103540,4
104372,4
90183,4
5021,4
89855,4
87503,4
85574,4
59800,4
86444,4
53015,4
86628,4
88998,4
85981,4
77119,4
91120,4
56928,4
87046,4
58943,4
93669,4
91935,4
75542,4
59517,4
88504,4
77984,4
87558,4
90868,4
91302,4
91192,4
98034,4
69163,4
83424,4
98860,4
97533,4
9994,4
62315,4
70490,4
88478,4
34024,4
91785,4
41712,4
68001,4
41003,4
78885,4
68293,4
94889,4
56776,4
73845,4
57974,4
61032,4
62995,4
63810,4
78898,4
68627,4
71333,4
75987,4
78977,4
77655,4
77736,4
59774,4
80333,4
75203,4
84804,4
84197,4
84200,4
84247,4
85970,4
52340,4
86523,4
86486,4
87897,4
88326,4
89203,4
64092,4
100728,4
89839,4
90057,4
90561,4
91901,4
88969,4
93396,4
93775,4
94243,4
95706,4
94750,4
96029,4
95073,4
94256,4
96121,4
97420,4
98665,4
99755,4
100405,4
100515,4
102539,4
102578,4
72545,4
104568,4
85755,4
67186,4
93822,4
54387,4
83343,4
74662,4
66779,4
42017,4
48673,4
26027,4
76144,4
58260,4
72051,4
81048,4
100408,4
91512,4
93057,4
95793,4
89658,4
98458,4
98684,4
98731,4
95194,4
86917,4
88237,4
48949,4
95882,4
83750,4
71888,4
56739,4
69486,4
90989,4
64286,4
76152,4
82016,4
103661,4
36483,4
36717,4
48734,4
37787,4
41255,4
43791,4
83293,4
53334,4
53560,4
103177,4
64916,4
65542,4
79879,4
66322,4
70022,4
75074,4
76286,4
94003,4
80320,4
80507,4
81804,4
82665,4
83327,4
85343,4
75343,4
88226,4
89978,4
91197,4
94158,4
94800,4
97367,4
88134,4
100631,4
100886,4
102505,4
104625,4
46671,4
56182,4
63939,4
60152,4
56655,4
84171,4
48681,4
33275,4
50280,4
89663,4
89676,4
82775,4
89363,4
88935,4
87582,4
92243,4
86300,4
97514,4
94660,4
98883,4
67263,4
50188,4
88862,4
89085,4
84176,4
101185,4
86420,4
20757,4
36620,4
36868,4
44689,4
49392,4
94254,4
58013,4
59040,4
99697,4
84352,4
80667,4
81484,4
84410,4
102854,4
86077,4
86838,4
85527,4
87629,4
89466,4
89224,4
90015,4
92003,4
91893,4
93467,4
94285,4
98970,4
98479,4
99049,4
93869,4
103844,4
101537,4
89193,4
73091,4
74011,4
35065,4
42125,4
71265,4
61498,4
82379,4
100857,4
102002,4
75208,4
56676,4
64309,4
79778,4
29622,4
36205,4
42088,4
65279,4
65765,4
68246,4
87387,4
86087,4
88494,4
89497,4
102605,4
104796,4
80562,4
79082,4
93031,4
72897,4
94834,4
45549,4
87395,4
90217,4
93914,4
100799,4
77895,4
45268,4
44261,4
55841,4
60134,4
82229,4
78683,4
85508,4
78134,4
82518,4
91065,4
92393,4
94784,4
76756,4
98497,4
81712,4
77636,4
92129,4
57062,4
87311,4
87687,4
84292,4
89815,4
81174,4
67836,4
26900,4
64325,4
42442,4
49652,4
71367,4
73861,4
75442,4
82426,4
101422,4
57409,4
78415,4
34278,4
57968,4
70430,4
67928,4
37243,4
73769,4
64346,4
104338,4
40178,4
47446,4
48896,4
60197,4
63195,4
48689,4
87784,4
89434,4
90430,4
99422,4
68921,4
64837,4
54981,4
83590,4
36063,4
31791,4
39506,4
43108,4
47533,4
65016,4
77195,4
93593,4
19162,4
82352,4
32058,4
74623,4
34686,4
37797,4
64448,4
50874,4
46321,4
72030,4
78255,4
93754,4
63742,4
42277,4
74018,4
34397,4
59074,4
46224,4
28745,4
42676,4
58423,4
68146,4
70314,4
75261,4
57879,4
35046,4
39863,4
41281,4
44151,4
45129,4
49169,4
49620,4
51313,4
53841,4
55807,4
55909,4
56427,4
58307,4
59797,4
61271,4
62753,4
67589,4
68824,4
69728,4
78816,4
78901,4
60975,4
74273,4
71260,4
37919,4
43029,4
45023,4
45491,4
46082,4
46011,4
66209,4
47964,4
64512,4
48891,4
52256,4
74680,4
76938,4
55431,4
57388,4
58769,4
58783,4
62932,4
66459,4
66004,4
63287,4
80496,4
65645,4
65734,4
81463,4
68926,4
69286,4
69362,4
70214,4
70587,4
70487,4
72222,4
65137,4
77649,4
65187,4
62118,4
15011,4
55696,4
55788,4
56035,4
60068,4
61413,4
61810,4
63006,4
64472,4
65499,4
68608,4
33984,4
76008,4
45890,4
46826,4
47654,4
52474,4
55104,4
57834,4
61085,4
68845,4
71765,4
72955,4
76223,4
71472,4
76363,4
60494,4
66506,4
65902,4
67407,4
58218,4
49374,4
50246,4
38667,4
61855,4
22673,4
7265,4
54805,4
66808,4
68209,4
73848,4
33593,4
38441,4
58496,4
59577,4
30219,4
28384,4
30127,4
44760,4
46177,4
46700,4
49949,4
50569,4
51762,4
51999,4
52219,4
57719,4
24488,4
26400,4
29599,4
45033,4
47657,4
50138,4
50800,4
50603,4
50908,4
51704,4
53157,4
57553,4
58964,4
60722,4
42324,4
43336,4
44545,4
45859,4
60168,4
23332,4
448,4
54965,4
50466,4
47880,4
49836,4
43297,4
546,4
3867,4
92699,4
97045,4
95839,4
91589,4
65112,4
97805,4
77672,4
99694,4
103391,4
43427,4
104863,4
79057,4
35268,4
79241,4
61044,4
89386,4
40820,4
84942,4
76829,4
47666,4
94630,4
55916,4
45498,4
82535,4
96580,4
69153,4
87675,4
72848,4
92015,4
98012,4
98861,4
98974,4
82690,4
104161,4
83570,4
64132,4
97208,4
102619,4
89822,4
90163,4
100441,4
38734,4
45944,4
47755,4
94880,4
52289,4
59351,4
60613,4
76884,4
65919,4
62387,4
65743,4
65735,4
96276,4
72165,4
79462,4
76290,4
78789,4
77052,4
87493,4
84569,4
84960,4
85441,4
86125,4
86146,4
69222,4
88340,4
89738,4
90213,4
90253,4
91476,4
91568,4
92617,4
93602,4
70909,4
97473,4
97032,4
97694,4
97831,4
99053,4
98782,4
99418,4
92234,4
102082,4
93965,4
14818,4
93744,4
25435,4
48840,4
84792,4
58913,4
92599,4
54381,4
74829,4
46869,4
44929,4
54709,4
71782,4
95513,4
70483,4
76466,4
89693,4
82462,4
83893,4
86653,4
87628,4
13808,4
89304,4
95058,4
96959,4
103840,4
104532,4
80143,4
89788,4
58684,4
67916,4
89995,4
94507,4
82136,4
67576,4
70591,4
41146,4
40329,4
50941,4
64153,4
71206,4
70268,4
73636,4
80156,4
80101,4
82627,4
87814,4
88495,4
76958,4
92004,4
93038,4
94612,4
94649,4
96172,4
97857,4
97421,4
97460,4
78540,4
78760,4
43905,4
77580,4
34406,4
76064,4
60984,4
68628,4
80484,4
52904,4
63809,4
99152,4
75612,4
92536,4
95915,4
49053,4
92091,4
51195,4
59988,4
63099,4
64574,4
69022,4
65508,4
30909,4
75078,4
86403,4
76590,4
83003,4
79170,4
84493,4
50163,4
83071,4
83911,4
56951,4
87599,4
92885,4
93395,4
94783,4
95098,4
97426,4
98441,4
98866,4
99381,4
100556,4
101570,4
66718,4
103481,4
90867,4
81716,4
53511,4
88091,4
58224,4
89257,4
92922,4
86721,4
71387,4
76269,4
84658,4
87840,4
85801,4
97211,4
99993,4
67979,4
73266,4
67395,4
90323,4
21788,4
87882,4
45088,4
37100,4
39914,4
48608,4
56885,4
93476,4
60818,4
66360,4
80203,4
86233,4
85791,4
89320,4
83468,4
73818,4
33770,4
57082,4
69610,4
53245,4
77241,4
74818,4
52741,4
58414,4
60172,4
92609,4
66946,4
100391,4
58340,4
34629,4
54630,4
66775,4
85688,4
74256,4
77841,4
83378,4
86469,4
86170,4
89152,4
89041,4
47711,4
88692,4
69345,4
69547,4
35184,4
78022,4
83917,4
27090,4
52536,4
86708,4
84708,4
98204,4
103651,4
94728,4
85428,4
45293,4
41272,4
28007,4
29871,4
62907,4
67038,4
68688,4
71198,4
59846,4
79837,4
15091,4
84905,4
92620,4
102987,4
71479,4
67866,4
54717,4
94709,4
48385,4
57192,4
92300,4
68465,4
68891,4
84191,4
87633,4
89299,4
94470,4
95781,4
96370,4
55514,4
73124,4
11496,4
58214,4
11998,4
68292,4
78364,4
75928,4
71845,4
75828,4
77459,4
29868,4
52738,4
71463,4
64621,4
61246,4
63251,4
42084,4
77698,4
33392,4
59833,4
64831,4
61617,4
62371,4
72683,4
86217,4
83518,4
45238,4
45492,4
68512,4
74926,4
81819,4
46609,4
70738,4
74771,4
62342,4
66807,4
67293,4
22366,4
76411,4
44312,4
80931,4
10288,4
13930,4
34553,4
36839,4
47747,4
48023,4
51614,4
54696,4
55200,4
57633,4
58700,4
59999,4
60085,4
62348,4
63662,4
63859,4
64056,4
65622,4
66744,4
68394,4
73069,4
74692,4
79052,4
80445,4
4060,4
20711,4
20395,4
10556,4
29177,4
35780,4
41424,4
41477,4
62600,4
46149,4
45172,4
48585,4
47700,4
50691,4
51132,4
60427,4
55485,4
56672,4
56693,4
56956,4
57137,4
58810,4
59078,4
59162,4
59730,4
60119,4
60576,4
60453,4
65858,4
70381,4
64387,4
63570,4
66021,4
68599,4
72625,4
70237,4
73875,4
74879,4
74550,4
42480,4
47042,4
53832,4
53929,4
54922,4
57544,4
59720,4
59770,4
61854,4
62316,4
65228,4
70005,4
72523,4
82280,4
62813,4
22829,4
40957,4
41976,4
43847,4
46924,4
53006,4
55250,4
61775,4
61922,4
64408,4
67869,4
70486,4
76211,4
77656,4
37247,4
76075,4
70460,4
55274,4
50875,4
49446,4
37129,4
41248,4
70386,4
37326,4
46530,4
35610,4
60679,4
69659,4
56449,4
49451,4
37896,4
53090,4
43390,4
65183,4
44717,4
55393,4
44567,4
30588,4
26551,4
53137,4
31910,4
34206,4
40143,4
42139,4
45008,4
45243,4
50807,4
50909,4
51556,4
52336,4
52625,4
52964,4
53085,4
54586,4
55430,4
56168,4
56504,4
56882,4
59018,4
59400,4
61057,4
26854,4
38198,4
54625,4
53989,4
54591,4
55456,4
55932,4
59954,4
60195,4
52617,4
47469,4
50407,4
50977,4
52313,4
58836,4
62035,4
51017,4
48359,4
62321,4
2741,4
1395,4
3574,4
4925,4
11527,4
449,4
925,4
4297,4
5690,4
6025,4
6281,4
7002,4
10045,4
13569,4
14155,4
4068,4
6995,4
8846,4
10138,4
10462,4
14064,4
14131,4
257,4
4793,4
6517,4
7037,4
7816,4
8335,4
8588,4
8972,4
9477,4
9735,4
9954,4
13502,4
13704,4
15015,4
16409,4
16897,4
6101,4
4374,4
5271,4
6491,4
6591,4
7548,4
9484,4
13226,4
339,4
5858,4
264,4
5194,4
5531,4
8755,4
9116,4
12121,4
15032,4
2683,4
3755,4
1648,4
5824,4
5983,4
3312,4
4725,4
6341,4
4051,4
2599,4
2205,4
1068,4
733,4
6593,4
7515,4
10588,4
12949,4
13301,4
17040,4
17207,4
17366,4
17592,4
18477,4
21208,4
14337,4
15033,4
17392,4
17885,4
19911,4
19938,4
19710,4
20264,4
20990,4
13351,4
17341,4
20430,4
20456,4
2198,4
16612,4
17810,4
22238,4
22789,4
23535,4
24095,4
24357,4
24726,4
25908,4
21375,4
22516,4
26725,4
26743,4
27194,4
28750,4
4962,4
8813,4
12906,4
15729,4
20832,4
22348,4
22923,4
24945,4
25388,4
15971,4
3002,4
18805,4
19701,4
22613,4
23712,4
24094,4
26084,4
10613,4
18036,4
24599,4
27151,4
7354,4
17257,4
17492,4
23359,4
24910,4
25958,4
27044,4
27899,4
9074,4
21071,4
23047,4
23090,4
23905,4
24802,4
26393,4
26659,4
27665,4
28017,4
29966,4
30653,4
33322,4
34765,4
34798,4
35216,4
35299,4
35599,4
36186,4
37894,4
37910,4
40498,4
41203,4
42023,4
44511,4
27823,4
8337,4
43974,4
17216,4
15903,4
16970,4
16436,4
23334,4
26918,4
26902,4
27347,4
26842,4
28160,4
28671,4
31180,4
32101,4
31506,4
32621,4
32670,4
32887,4
35515,4
35189,4
34554,4
34580,4
35876,4
36387,4
36120,4
36581,4
38313,4
39157,4
40682,4
41380,4
41528,4
41789,4
43076,4
43722,4
44108,4
44360,4
30927,4
39853,4
39123,4
18246,4
32436,4
35751,4
35960,4
38792,4
39081,4
44190,4
15713,4
22254,4
25463,4
26818,4
29992,4
31338,4
33850,4
34335,4
36405,4
38834,4
39450,4
39912,4
40054,4
32547,4
42459,4
28569,4
43723,4
45397,4
28909,4
38833,4
27490,4
25346,4
32085,4
32144,4
42283,4
42427,4
43136,4
43177,4
46360,4
15460,4
22113,4
23284,4
30893,4
30259,4
36221,4
39516,4
36237,4
40555,4
44443,4
45039,4
91144,4
84705,4
27673,4
93823,4
57565,4
77468,4
86983,4
100004,4
84001,4
18746,4
641,4
21921,4
33190,4
93849,4
104121,4
26553,4
48285,4
93254,4
57248,4
71122,4
91413,4
64500,4
81177,4
73222,4
75569,4
81452,4
79681,4
81395,4
81479,4
86395,4
88228,4
87182,4
89352,4
90987,4
93825,4
71997,4
99073,4
81494,4
79151,4
87955,4
96425,4
88638,4
42190,4
92092,4
74396,4
52543,4
96793,4
100331,4
99745,4
91950,4
96712,4
98026,4
88471,4
93876,4
103888,4
28301,4
79771,4
35934,4
36531,4
83542,4
102740,4
80708,4
54309,4
55353,4
62556,4
62959,4
47833,4
71755,4
73113,4
76941,4
77653,4
100187,4
80246,4
80892,4
82125,4
82058,4
82662,4
82219,4
82503,4
81236,4
85569,4
95943,4
85603,4
84245,4
86933,4
87082,4
89268,4
96559,4
90188,4
93916,4
96109,4
94081,4
58343,4
94589,4
95160,4
94780,4
97051,4
97176,4
98115,4
88720,4
99420,4
98014,4
100582,4
100978,4
13858,4
55500,4
91468,4
72538,4
68848,4
74929,4
61715,4
61004,4
63572,4
57963,4
55728,4
90086,4
78184,4
87103,4
59555,4
76601,4
87111,4
65040,4
100040,4
79240,4
88836,4
83287,4
68548,4
94388,4
71793,4
57714,4
90378,4
98557,4
63647,4
90822,4
91066,4
101505,4
66353,4
86591,4
26573,4
32173,4
27510,4
38661,4
39428,4
47149,4
48129,4
53281,4
58995,4
61053,4
83077,4
61941,4
82224,4
67985,4
103472,4
77189,4
80771,4
80695,4
73553,4
72162,4
74969,4
74827,4
76190,4
78770,4
79070,4
79323,4
82265,4
80586,4
81945,4
81618,4
82449,4
82944,4
82516,4
85144,4
79457,4
83010,4
85833,4
86022,4
86156,4
100066,4
94261,4
92606,4
91300,4
92395,4
96082,4
93746,4
94448,4
93912,4
96666,4
99998,4
96582,4
96658,4
97612,4
97963,4
98607,4
97940,4
98166,4
98760,4
101808,4
102276,4
89952,4
59332,4
86820,4
76243,4
97529,4
79348,4
93779,4
91092,4
96192,4
48155,4
77633,4
87733,4
87900,4
94463,4
94614,4
95066,4
95117,4
97017,4
89381,4
98801,4
101914,4
51910,4
101546,4
57169,4
83104,4
88544,4
90696,4
79940,4
96321,4
68185,4
96949,4
90395,4
80627,4
38150,4
38961,4
40746,4
43299,4
48039,4
50076,4
53007,4
79835,4
58384,4
77791,4
79223,4
79465,4
81047,4
81448,4
81759,4
88717,4
92580,4
89565,4
77441,4
87825,4
94244,4
95325,4
99765,4
44708,4
38014,4
84081,4
64201,4
89732,4
84517,4
65632,4
76778,4
90848,4
77106,4
88894,4
96539,4
74240,4
61823,4
92830,4
94506,4
90563,4
72547,4
44622,4
104033,4
90026,4
89096,4
90195,4
34166,4
34628,4
89330,4
95110,4
46582,4
50865,4
54455,4
54614,4
57906,4
58073,4
96983,4
60369,4
60317,4
62359,4
64084,4
92218,4
68168,4
73209,4
72581,4
72522,4
94638,4
75998,4
80920,4
80017,4
82357,4
77523,4
100466,4
15246,4
90790,4
91611,4
93501,4
93678,4
94278,4
96882,4
105195,4
103179,4
83614,4
66429,4
15448,4
22334,4
32440,4
26431,4
57203,4
89079,4
67434,4
84590,4
87178,4
60686,4
90973,4
95896,4
63332,4
85530,4
95309,4
92203,4
5602,4
38442,4
90394,4
67708,4
73050,4
72354,4
76819,4
90662,4
82004,4
83027,4
92865,4
83892,4
99161,4
75657,4
41358,4
56958,4
62728,4
98859,4
101287,4
69376,4
20158,4
70489,4
21244,4
45625,4
52648,4
53993,4
98233,4
56908,4
60568,4
62402,4
70337,4
99731,4
72691,4
75455,4
84809,4
84912,4
89457,4
93604,4
94295,4
95731,4
101792,4
27852,4
586,4
87422,4
80921,4
86803,4
100709,4
68991,4
80350,4
51741,4
75515,4
80327,4
51810,4
88920,4
83221,4
50086,4
58408,4
60360,4
73242,4
75820,4
77422,4
81532,4
104083,4
36685,4
63037,4
41868,4
75734,4
60897,4
57202,4
80442,4
59196,4
67066,4
87673,4
57059,4
92564,4
58074,4
57117,4
60771,4
74802,4
43955,4
15205,4
78980,4
80334,4
75650,4
85421,4
53532,4
90637,4
63021,4
5233,4
48709,4
61495,4
77631,4
85077,4
46062,4
77641,4
42514,4
70882,4
77584,4
80645,4
87204,4
65382,4
53075,4
36193,4
38787,4
53508,4
55442,4
57973,4
77965,4
67090,4
36661,4
55508,4
64014,4
62183,4
29602,4
48708,4
56815,4
71477,4
44012,4
50277,4
63722,4
65122,4
72027,4
68219,4
47709,4
23573,4
24042,4
40125,4
42170,4
49356,4
50789,4
52824,4
53348,4
53744,4
56071,4
59663,4
60888,4
61639,4
63216,4
63366,4
65926,4
66108,4
66125,4
66840,4
67351,4
68053,4
68847,4
69784,4
69970,4
70153,4
72883,4
73343,4
76358,4
79053,4
22426,4
29786,4
29376,4
50983,4
39899,4
40611,4
40970,4
41509,4
45433,4
45561,4
45979,4
50939,4
48271,4
48799,4
52714,4
53016,4
53415,4
56213,4
56355,4
57488,4
57418,4
57871,4
59046,4
64562,4
60652,4
71325,4
64008,4
63925,4
65390,4
66076,4
38968,4
68740,4
69777,4
69843,4
76233,4
77473,4
77474,4
79047,4
80997,4
38201,4
47736,4
49601,4
55702,4
56188,4
58276,4
58936,4
61106,4
63038,4
65207,4
67333,4
69218,4
69233,4
70571,4
74192,4
74282,4
47426,4
22675,4
57621,4
33629,4
38510,4
39145,4
43692,4
45106,4
48098,4
52212,4
51256,4
53273,4
54479,4
54581,4
55834,4
57485,4
57193,4
59179,4
38561,4
68445,4
65391,4
70211,4
70790,4
71284,4
71335,4
73520,4
59172,4
78150,4
53466,4
50513,4
30709,4
52438,4
62979,4
45199,4
57127,4
62526,4
31291,4
48474,4
53442,4
55483,4
49094,4
71969,4
34744,4
58023,4
70976,4
48180,4
48784,4
33050,4
50756,4
43885,4
55307,4
38644,4
40151,4
40704,4
42256,4
47686,4
47770,4
48818,4
48960,4
50303,4
50739,4
51441,4
51734,4
52127,4
53835,4
56497,4
57923,4
58207,4
59738,4
61773,4
49265,4
40443,4
45518,4
47560,4
47174,4
61647,4
40880,4
46523,4
50823,4
51416,4
52565,4
58518,4
1375,4
29393,4
35772,4
48977,4
50262,4
51541,4
51008,4
37321,4
3098,4
2051,4
95718,4
98905,4
98502,4
98864,4
99333,4
99275,4
99994,4
103970,4
103693,4
64615,4
63176,4
87620,4
57684,4
53513,4
60891,4
87906,4
89518,4
37541,4
76765,4
89830,4
98763,4
94248,4
38011,4
81303,4
54534,4
85660,4
88816,4
98178,4
76230,4
92943,4
21659,4
34572,4
100094,4
42083,4
90340,4
79133,4
53528,4
76145,4
55054,4
56804,4
57113,4
94887,4
59125,4
60238,4
32911,4
63293,4
62270,4
63084,4
76749,4
64440,4
75341,4
66869,4
67703,4
67963,4
84510,4
72266,4
79100,4
70802,4
85635,4
72014,4
73525,4
94535,4
78120,4
74252,4
87142,4
75334,4
77084,4
83694,4
83351,4
74589,4
83954,4
89595,4
89710,4
92315,4
99851,4
84696,4
84579,4
69228,4
87041,4
87511,4
89067,4
89485,4
91046,4
91002,4
79252,4
91850,4
96408,4
51105,4
92475,4
62094,4
92768,4
94143,4
91883,4
94418,4
94258,4
94126,4
97281,4
95983,4
98127,4
99642,4
103493,4
101048,4
101920,4
102706,4
102772,4
102832,4
98436,4
90809,4
91666,4
96103,4
95925,4
93867,4
96611,4
100904,4
85065,4
91616,4
43490,4
30218,4
49913,4
99214,4
67497,4
70033,4
61168,4
87946,4
80465,4
86976,4
101778,4
87108,4
93985,4
97288,4
96259,4
87837,4
92075,4
77868,4
83905,4
79788,4
92222,4
96669,4
49989,4
80080,4
83115,4
36606,4
81153,4
95339,4
84160,4
88597,4
30646,4
35381,4
41671,4
47195,4
47875,4
55445,4
55714,4
66331,4
87384,4
71422,4
71797,4
76312,4
92415,4
80357,4
80917,4
80859,4
82118,4
102932,4
85242,4
88056,4
91170,4
94711,4
94686,4
95849,4
96920,4
98871,4
102180,4
51890,4
71964,4
84755,4
73458,4
83334,4
58330,4
82520,4
97816,4
89142,4
85325,4
94703,4
93314,4
48865,4
56359,4
102427,4
97423,4
23375,4
88556,4
83132,4
84228,4
63902,4
59385,4
76882,4
61828,4
65522,4
68006,4
68492,4
68097,4
71330,4
80748,4
73757,4
75267,4
75444,4
37148,4
75970,4
76187,4
76203,4
76548,4
77969,4
78801,4
100780,4
73070,4
84630,4
83735,4
83803,4
86696,4
88764,4
97230,4
100339,4
94060,4
93523,4
94358,4
97449,4
100071,4
102045,4
79722,4
100998,4
3589,4
52349,4
57408,4
42377,4
66097,4
84445,4
84596,4
79227,4
103250,4
101108,4
79865,4
58940,4
93983,4
80438,4
77704,4
66978,4
22087,4
37483,4
36238,4
61516,4
47304,4
47649,4
55230,4
66384,4
60390,4
61151,4
66969,4
69354,4
70116,4
84125,4
81336,4
89762,4
97432,4
98486,4
99861,4
62909,4
45380,4
105268,4
62120,4
21786,4
58489,4
73206,4
36044,4
76497,4
47490,4
40197,4
83274,4
93599,4
52920,4
56788,4
75367,4
79518,4
90198,4
97909,4
100137,4
76429,4
21249,4
96544,4
33735,4
22457,4
48075,4
60077,4
68551,4
70852,4
78725,4
80608,4
41772,4
97147,4
94399,4
99055,4
99500,4
99735,4
99200,4
100914,4
91932,4
77670,4
24583,4
41622,4
45454,4
48536,4
102705,4
87527,4
74690,4
72190,4
95843,4
103644,4
18915,4
79994,4
101736,4
104037,4
29883,4
33574,4
29950,4
47194,4
68753,4
59328,4
72578,4
79253,4
83795,4
100188,4
82848,4
95146,4
100263,4
92902,4
94761,4
64799,4
75851,4
95499,4
87428,4
57130,4
36864,4
94669,4
50709,4
76180,4
53863,4
85055,4
89736,4
92777,4
96937,4
94661,4
69205,4
80054,4
52382,4
56602,4
23350,4
32629,4
36605,4
72376,4
85359,4
55521,4
60471,4
69678,4
74119,4
73557,4
43738,4
61879,4
89929,4
10046,4
51486,4
61751,4
45522,4
47440,4
54124,4
70049,4
79661,4
39542,4
44838,4
10672,4
46068,4
71771,4
70382,4
76623,4
58816,4
48043,4
47673,4
40440,4
58674,4
57985,4
22456,4
53470,4
72661,4
76120,4
24005,4
33355,4
38380,4
53328,4
56719,4
57389,4
61134,4
62213,4
64214,4
64842,4
65560,4
65710,4
67153,4
70584,4
71046,4
73415,4
76170,4
77603,4
82746,4
13561,4
15577,4
18645,4
42753,4
21928,4
37290,4
39861,4
47891,4
46158,4
47740,4
49342,4
50089,4
48571,4
52877,4
60582,4
51028,4
61978,4
62263,4
62623,4
65084,4
66607,4
68518,4
79885,4
69704,4
69940,4
71070,4
69388,4
72050,4
72644,4
76127,4
80305,4
73389,4
71289,4
22214,4
25294,4
42392,4
48209,4
48938,4
53997,4
54057,4
54894,4
60990,4
68138,4
71297,4
72853,4
24187,4
37080,4
46150,4
55539,4
51613,4
52963,4
59993,4
60758,4
61186,4
61286,4
69890,4
72040,4
59702,4
74338,4
59201,4
76622,4
77713,4
82680,4
61345,4
66592,4
79477,4
58740,4
45472,4
45959,4
45245,4
49864,4
56679,4
45705,4
49328,4
12757,4
60220,4
53240,4
50365,4
60397,4
59448,4
58043,4
44695,4
47489,4
45898,4
56141,4
61142,4
61084,4
33181,4
43278,4
44368,4
47296,4
47346,4
47731,4
51444,4
51788,4
52635,4
52678,4
54794,4
56376,4
58364,4
59952,4
65060,4
53139,4
22637,4
53663,4
44150,4
43748,4
54391,4
53914,4
23677,4
45313,4
47204,4
49830,4
52695,4
54669,4
58429,4
59635,4
26234,4
55395,4
51947,4
29270,4
39719,4
59168,4
59951,4
61785,4
2340,4
2742,4
3556,4
290,4
1090,5
3995,5
5659,5
11683,5
1702,5
1810,5
2191,5
2812,5
3401,5
3752,5
4428,5
5902,5
6295,5
6572,5
8507,5
8826,5
11112,5
12400,5
12577,5
4873,5
5710,5
7796,5
3651,5
4295,5
5241,5
6814,5
14035,5
158,5
4511,5
6411,5
6706,5
6932,5
7006,5
7132,5
7919,5
9949,5
11624,5
12491,5
13841,5
14442,5
17228,5
7092,5
12575,5
9236,5
3818,5
4721,5
4882,5
9138,5
14970,5
3902,5
1106,5
4504,5
4537,5
2478,5
2495,5
3895,5
6004,5
194,5
2284,5
3333,5
4252,5
2712,5
1341,5
1962,5
1400,5
1054,5
1918,5
2596,5
2830,5
10491,5
10852,5
11464,5
11632,5
17153,5
18383,5
19144,5
19898,5
19966,5
20427,5
21807,5
22160,5
11774,5
12795,5
12728,5
15667,5
17963,5
16725,5
21665,5
18976,5
14602,5
7198,5
13590,5
8725,5
15455,5
20015,5
22234,5
22511,5
23673,5
24335,5
24915,5
25107,5
26540,5
27041,5
28474,5
21195,5
5569,5
23069,5
23171,5
24570,5
26806,5
26923,5
27709,5
28797,5
7041,5
16305,5
17578,5
19044,5
19705,5
19957,5
20041,5
22487,5
23095,5
23212,5
23270,5
23472,5
23942,5
24554,5
25527,5
27905,5
11355,5
15299,5
23061,5
24495,5
27434,5
27979,5
26931,5
27585,5
27636,5
18606,5
22909,5
24460,5
24745,5
25652,5
28105,5
16439,5
22785,5
23699,5
24218,5
25585,5
25995,5
28576,5
30890,5
33368,5
35093,5
35579,5
36651,5
36761,5
37187,5
37453,5
38000,5
38193,5
39891,5
40142,5
41601,5
42614,5
42631,5
42648,5
43115,5
43794,5
44658,5
15624,5
20032,5
40585,5
23329,5
23715,5
35621,5
24527,5
27376,5
29759,5
29150,5
29954,5
30607,5
31704,5
32692,5
32791,5
33342,5
34643,5
29426,5
36208,5
40369,5
40561,5
42287,5
28196,5
40351,5
44413,5
31819,5
22583,5
23815,5
26279,5
33419,5
34099,5
36883,5
38301,5
39294,5
39347,5
40705,5
42405,5
43013,5
31620,5
9530,5
15095,5
22351,5
26549,5
28155,5
30114,5
31344,5
33318,5
36501,5
41541,5
41970,5
44901,5
44741,5
40703,5
10374,5
23613,5
28156,5
32941,5
37488,5
45903,5
27526,5
23766,5
27393,5
39874,5
39974,5
42129,5
41608,5
44765,5
42598,5
64518,5
68747,5
79768,5
100934,5
94464,5
96303,5
99203,5
80384,5
65114,5
15447,5
40963,5
50796,5
52111,5
66135,5
5375,5
76368,5
68262,5
83646,5
85647,5
91896,5
93820,5
95872,5
97445,5
89507,5
100917,5
100482,5
53608,5
72438,5
78628,5
52195,5
85389,5
93076,5
87465,5
92740,5
78551,5
84189,5
87447,5
101137,5
64157,5
59331,5
49011,5
49137,5
98868,5
96182,5
86910,5
81565,5
93812,5
70849,5
102227,5
99503,5
76468,5
96413,5
40988,5
91233,5
34567,5
39144,5
42439,5
49405,5
50228,5
80492,5
53559,5
54180,5
97401,5
93477,5
62133,5
71734,5
73502,5
92882,5
80913,5
81709,5
81988,5
85448,5
86199,5
96831,5
81213,5
86476,5
87211,5
87398,5
87632,5
88542,5
91519,5
91520,5
91989,5
93292,5
1791,5
2548,5
4380,5
4934,5
5541,5
8121,5
14020,5
18281,5
8542,5
11871,5
3470,5
7425,5
1328,5
4737,5
8313,5
8568,5
9469,5
10991,5
12352,5
13542,5
13812,5
15382,5
1647,5
2543,5
8003,5
11101,5
11027,5
11887,5
2575,5
4651,5
5780,5
3951,5
4630,5
5549,5
5846,5
2333,5
3746,5
614,5
1683,5
730,5
1843,5
8599,5
13022,5
15954,5
16104,5
17984,5
18021,5
18437,5
19088,5
19361,5
21353,5
21406,5
21637,5
22451,5
1959,5
10815,5
12444,5
12951,5
14835,5
15038,5
18252,5
20178,5
19931,5
20181,5
20589,5
21603,5
21695,5
15768,5
8628,5
8912,5
19892,5
23125,5
23343,5
24543,5
24761,5
24882,5
25667,5
25906,5
21012,5
24178,5
22702,5
27302,5
28027,5
16550,5
8258,5
10447,5
11850,5
16574,5
17083,5
22951,5
23046,5
23923,5
24073,5
24270,5
24572,5
24819,5
28066,5
25179,5
10363,5
16343,5
22634,5
27601,5
25575,5
25893,5
8988,5
16416,5
18844,5
19766,5
22149,5
22378,5
23193,5
24275,5
24913,5
25528,5
25754,5
25969,5
26277,5
26618,5
26748,5
26960,5
27488,5
28605,5
29165,5
30129,5
30463,5
31669,5
31672,5
34793,5
34912,5
35971,5
37293,5
37569,5
37674,5
38365,5
38507,5
39616,5
39634,5
39884,5
40761,5
41526,5
41980,5
43234,5
43993,5
45012,5
10047,5
26560,5
28345,5
22704,5
23143,5
37905,5
24165,5
39007,5
25691,5
21574,5
27622,5
27751,5
28816,5
28853,5
29399,5
30858,5
32544,5
30342,5
32918,5
32936,5
33262,5
33307,5
34018,5
35122,5
34994,5
36052,5
36573,5
37112,5
38325,5
38706,5
39390,5
39837,5
40940,5
40969,5
42285,5
22007,5
43431,5
44059,5
44156,5
35102,5
9740,5
15300,5
18479,5
22878,5
23650,5
26348,5
34165,5
38677,5
39708,5
40304,5
42051,5
42148,5
18723,5
16099,5
22362,5
17816,5
28043,5
33248,5
36160,5
38042,5
38005,5
40155,5
40530,5
45179,5
45644,5
15794,5
23774,5
32037,5
36846,5
37104,5
41754,5
44109,5
4427,5
22349,5
32090,5
32842,5
35028,5
36139,5
35792,5
35874,5
38333,5
42989,5
45402,5
45049,5
87600,5
87668,5
62517,5
77963,5
81531,5
86581,5
44839,5
85489,5
93239,5
89810,5
77903,5
96842,5
57420,5
88788,5
66942,5
93486,5
29998,5
49573,5
55938,5
57826,5
61889,5
65789,5
69433,5
86707,5
81536,5
56450,5
90333,5
98781,5
100010,5
100820,5
101737,5
99330,5
66343,5
100946,5
70737,5
92645,5
92682,5
102631,5
46143,5
34063,5
97407,5
99464,5
87697,5
75558,5
74352,5
95864,5
76733,5
29714,5
53886,5
52201,5
93365,5
72474,5
56503,5
93525,5
62026,5
67886,5
71635,5
75819,5
99889,5
84473,5
80302,5
85994,5
85558,5
70761,5
86791,5
87140,5
88012,5
89463,5
91433,5
1703,5
3322,5
5051,5
6190,5
6938,5
7201,5
7513,5
8057,5
8191,5
8692,5
8853,5
11365,5
4070,5
5167,5
6323,5
7700,5
9226,5
12713,5
4137,5
4300,5
4878,5
7760,5
7970,5
8041,5
10087,5
12824,5
6807,5
6998,5
7392,5
8275,5
8971,5
9977,5
12968,5
14432,5
15593,5
10624,5
7369,5
7335,5
10840,5
8270,5
10566,5
2056,5
7957,5
8343,5
13580,5
119,5
930,5
3850,5
5716,5
6596,5
1070,5
6179,5
2634,5
332,5
3637,5
3146,5
3440,5
245,5
600,5
1309,5
1065,5
3020,5
3009,5
2090,5
7085,5
7306,5
13026,5
18782,5
18840,5
19720,5
20185,5
8679,5
9284,5
12443,5
11969,5
12179,5
12301,5
15115,5
15386,5
15893,5
20496,5
16654,5
18114,5
18774,5
18348,5
21042,5
20182,5
21667,5
8372,5
9281,5
12619,5
13194,5
19578,5
24912,5
25243,5
25879,5
26223,5
26281,5
27117,5
18387,5
20051,5
28288,5
19032,5
24697,5
26867,5
26933,5
27398,5
27776,5
27960,5
8519,5
10333,5
10572,5
11378,5
18580,5
19951,5
20701,5
20777,5
22997,5
23026,5
23239,5
23733,5
23864,5
23885,5
23980,5
24040,5
24269,5
24621,5
25199,5
25217,5
25837,5
26110,5
21649,5
24253,5
28086,5
16100,5
21213,5
26754,5
12561,5
25128,5
25298,5
22745,5
22753,5
23951,5
25753,5
25913,5
26126,5
28128,5
28551,5
28831,5
28967,5
30383,5
30728,5
32514,5
32848,5
33218,5
33696,5
34411,5
34747,5
35150,5
35360,5
36148,5
36527,5
39518,5
39607,5
40292,5
40342,5
40852,5
41650,5
43159,5
44462,5
44869,5
5277,5
11667,5
18462,5
25740,5
40576,5
23914,5
28391,5
30677,5
32459,5
35276,5
37281,5
39407,5
38969,5
39510,5
40453,5
40836,5
42165,5
35978,5
44058,5
44583,5
10947,5
23223,5
25272,5
25592,5
26781,5
27542,5
30794,5
32506,5
33334,5
34890,5
40968,5
41348,5
42709,5
44609,5
14503,5
28467,5
23373,5
29737,5
33523,5
34766,5
36290,5
37636,5
40258,5
42318,5
44084,5
45855,5
21069,5
35912,5
38490,5
41099,5
41640,5
10716,5
23680,5
24206,5
31902,5
36075,5
36340,5
42244,5
44549,5
45369,5
90137,5
91127,5
77999,5
88661,5
77157,5
82270,5
91329,5
21917,5
50549,5
21171,5
46475,5
48667,5
73594,5
51653,5
58721,5
60461,5
83633,5
85186,5
89530,5
59647,5
91981,5
92083,5
92930,5
94130,5
96951,5
79456,5
94670,5
49283,5
56512,5
99281,5
91469,5
92678,5
96478,5
80161,5
84984,5
86008,5
83058,5
62329,5
98953,5
89777,5
95032,5
89399,5
90741,5
91521,5
98929,5
35329,5
45183,5
40537,5
40710,5
64382,5
42089,5
83628,5
42520,5
83294,5
48139,5
89215,5
54205,5
78836,5
71992,5
76130,5
79703,5
79653,5
79635,5
85383,5
88868,5
85026,5
88842,5
87150,5
60408,5
90346,5
92074,5
91389,5
92590,5
94440,5
61082,5
96348,5
99548,5
101353,5
102286,5
102891,5
103361,5
103771,5
62549,5
46455,5
72416,5
40365,5
58649,5
86373,5
53820,5
74376,5
75111,5
65576,5
62693,5
88765,5
17372,5
67818,5
94563,5
91625,5
86015,5
93433,5
26392,5
99687,5
63527,5
103012,5
87986,5
78680,5
95632,5
38512,5
87902,5
102060,5
97433,5
102123,5
94895,5
65965,5
100387,5
26571,5
25780,5
30740,5
96490,5
85598,5
39850,5
46584,5
48185,5
69483,5
54393,5
92090,5
51715,5
56445,5
67010,5
70868,5
72776,5
72965,5
75269,5
74284,5
75908,5
75132,5
77869,5
79229,5
78767,5
79846,5
84505,5
82704,5
76536,5
83437,5
90682,5
85784,5
87484,5
86074,5
88320,5
89403,5
89742,5
91205,5
91044,5
91323,5
91843,5
92939,5
94330,5
95840,5
95538,5
89894,5
92153,5
99282,5
92403,5
95556,5
72839,5
98205,5
91315,5
93462,5
99041,5
100052,5
88893,5
102349,5
92121,5
99298,5
99498,5
87093,5
95501,5
24123,5
76013,5
51534,5
85369,5
89868,5
71564,5
85046,5
86394,5
96066,5
103445,5
84019,5
88625,5
81187,5
45830,5
95580,5
55305,5
81229,5
27554,5
28655,5
34515,5
35932,5
81707,5
42450,5
70511,5
61305,5
62005,5
63035,5
65352,5
68243,5
71757,5
73690,5
76567,5
78076,5
79739,5
82812,5
85382,5
86433,5
89358,5
91094,5
71099,5
94592,5
97039,5
98697,5
98332,5
90855,5
63548,5
64575,5
57961,5
71496,5
79171,5
88772,5
77573,5
79613,5
92191,5
9587,5
17800,5
26711,5
63658,5
96540,5
54085,5
54390,5
55444,5
60646,5
60554,5
67116,5
68170,5
73493,5
77237,5
76596,5
78780,5
86010,5
81657,5
84515,5
88444,5
90766,5
79673,5
57204,5
91969,5
91817,5
92537,5
89642,5
94532,5
94317,5
94437,5
95848,5
96736,5
97682,5
99477,5
68934,5
95136,5
82668,5
58210,5
48946,5
26513,5
55204,5
92658,5
56621,5
56710,5
59543,5
87881,5
67538,5
86878,5
49852,5
45699,5
40961,5
59826,5
26066,5
32526,5
34089,5
38391,5
39834,5
48684,5
66669,5
39293,5
59404,5
61837,5
71005,5
81812,5
39958,5
97044,5
99130,5
74279,5
65918,5
53544,5
59137,5
76909,5
64767,5
60604,5
77345,5
81683,5
74833,5
64850,5
88691,5
98799,5
59347,5
63913,5
48594,5
59287,5
59593,5
61211,5
61637,5
63805,5
74008,5
75505,5
81980,5
83432,5
84880,5
96155,5
100878,5
25239,5
64144,5
79132,5
91139,5
55494,5
29559,5
39075,5
58381,5
76360,5
79487,5
93709,5
59553,5
87891,5
50448,5
57430,5
82056,5
48586,5
63108,5
65739,5
66527,5
68422,5
75285,5
67639,5
36599,5
44776,5
84534,5
49303,5
50085,5
74846,5
36341,5
39062,5
54432,5
65465,5
76218,5
77158,5
62690,5
48894,5
47163,5
84016,5
65555,5
79111,5
58165,5
70889,5
37863,5
50390,5
37829,5
40241,5
40517,5
45683,5
49473,5
52997,5
53347,5
55091,5
58134,5
59208,5
59887,5
60609,5
61171,5
67449,5
67562,5
67726,5
70151,5
9763,5
40089,5
28652,5
60956,5
71681,5
72143,5
33974,5
36420,5
39096,5
44857,5
46531,5
50314,5
52046,5
68340,5
74746,5
53355,5
53812,5
57120,5
61048,5
47830,5
63326,5
67862,5
67357,5
69333,5
72387,5
70506,5
73286,5
76063,5
45105,5
51920,5
56022,5
62304,5
66685,5
4448,5
46408,5
61582,5
53162,5
56955,5
58323,5
58081,5
63032,5
68506,5
68230,5
52818,5
51468,5
63218,5
40866,5
16926,5
63729,5
62520,5
55741,5
53258,5
56513,5
63540,5
7286,5
43268,5
22681,5
34181,5
34633,5
43604,5
47239,5
47249,5
48986,5
53039,5
51005,5
47096,5
47951,5
48757,5
54012,5
55886,5
56353,5
53915,5
48245,5
45985,5
48368,5
51057,5
51938,5
60281,5
52569,5
49007,5
55717,5
2286,5
3909,5
3901,5
3846,5
96431,5
89840,5
93739,5
94998,5
94791,5
95290,5
95626,5
99168,5
99612,5
99670,5
99988,5
101641,5
105013,5
77078,5
67014,5
96751,5
58358,5
82635,5
71623,5
81288,5
88858,5
87231,5
54722,5
87609,5
44767,5
52943,5
89748,5
48186,5
53211,5
85126,5
95860,5
86023,5
93550,5
95765,5
96772,5
90226,5
79677,5
38285,5
103946,5
82517,5
37355,5
42417,5
50707,5
50804,5
53019,5
56570,5
101725,5
65099,5
67811,5
67117,5
68904,5
104153,5
72160,5
83725,5
92271,5
72688,5
73639,5
79341,5
74934,5
37145,5
75333,5
75883,5
76424,5
94804,5
101397,5
81616,5
90649,5
75559,5
83478,5
96091,5
64366,5
87315,5
87646,5
87709,5
88390,5
87951,5
44265,5
88524,5
90055,5
88453,5
93219,5
90140,5
101097,5
93742,5
79131,5
84664,5
96740,5
97174,5
97536,5
98761,5
99777,5
100127,5
56554,5
101352,5
104442,5
78206,5
55753,5
82682,5
83864,5
86934,5
44231,5
59780,5
65432,5
70221,5
87530,5
76117,5
85864,5
10674,5
84351,5
89971,5
95174,5
64631,5
50820,5
61131,5
95327,5
38629,5
89123,5
63338,5
79774,5
29618,5
49370,5
33019,5
30870,5
53388,5
59275,5
58900,5
60059,5
91986,5
90397,5
92305,5
79280,5
81420,5
87680,5
60689,5
84243,5
87433,5
88674,5
89312,5
90410,5
93077,5
96138,5
95450,5
99478,5
34979,5
88679,5
71913,5
53383,5
91605,5
91852,5
60371,5
77047,5
62159,5
97132,5
77761,5
91022,5
70470,5
85289,5
76001,5
84588,5
12913,5
38676,5
41078,5
44126,5
44827,5
54549,5
57720,5
101192,5
75123,5
76653,5
71785,5
78852,5
79212,5
80844,5
82451,5
83163,5
83481,5
84296,5
84031,5
84220,5
85730,5
79367,5
100295,5
86585,5
72102,5
91332,5
74997,5
93124,5
95153,5
94696,5
95660,5
89601,5
102069,5
102059,5
104190,5
97019,5
83213,5
78710,5
69722,5
95771,5
90583,5
88317,5
77870,5
43052,5
48041,5
58353,5
58921,5
73957,5
71001,5
70972,5
80713,5
80789,5
82083,5
85848,5
87701,5
97135,5
97757,5
99544,5
60395,5
63867,5
44118,5
65451,5
59397,5
31936,5
75606,5
43989,5
94604,5
24016,5
43466,5
48787,5
52762,5
62873,5
61909,5
64983,5
64894,5
68993,5
100298,5
89772,5
88908,5
93269,5
94357,5
100362,5
100627,5
102800,5
58466,5
52300,5
33978,5
38689,5
43813,5
55829,5
85969,5
99105,5
57339,5
49393,5
73014,5
72178,5
56486,5
48212,5
57857,5
61178,5
72728,5
38371,5
10061,5
37184,5
51294,5
48856,5
68423,5
74075,5
87641,5
74921,5
41834,5
70917,5
101607,5
79393,5
20224,5
71374,5
70898,5
34540,5
36600,5
35928,5
73476,5
67685,5
82267,5
74062,5
54714,5
62122,5
72470,5
61788,5
58613,5
49921,5
36245,5
67403,5
77472,5
49751,5
62374,5
66930,5
30388,5
37788,5
59039,5
62826,5
62687,5
11751,5
36739,5
38755,5
53666,5
54727,5
55776,5
56609,5
57817,5
59267,5
60067,5
61712,5
62437,5
63528,5
64739,5
65485,5
65588,5
65958,5
66507,5
66539,5
67966,5
68636,5
69550,5
70943,5
71035,5
72460,5
72785,5
74085,5
75831,5
80734,5
82921,5
67848,5
21016,5
41388,5
40873,5
41501,5
61872,5
55614,5
47246,5
73261,5
49782,5
50179,5
53237,5
53984,5
56457,5
58989,5
60366,5
60503,5
47873,5
62857,5
63536,5
65178,5
72360,5
66959,5
68872,5
70276,5
70686,5
69848,5
71929,5
73560,5
58789,5
76503,5
79656,5
80905,5
34224,5
64883,5
65709,5
80994,5
81719,5
63102,5
40789,5
54228,5
58274,5
58185,5
58327,5
68657,5
26710,5
57250,5
43212,5
74403,5
56236,5
61859,5
74211,5
47800,5
50368,5
37226,5
47143,5
49756,5
60211,5
51740,5
51945,5
47810,5
44375,5
44068,5
46126,5
47671,5
48236,5
48543,5
48614,5
49517,5
54609,5
51280,5
51585,5
51593,5
53038,5
53114,5
56102,5
55137,5
47437,5
56410,5
41472,5
46115,5
55666,5
36461,5
54386,5
58621,5
1639,5
1705,5
3035,5
4501,5
12155,5
16172,5
607,5
3808,5
4475,5
5732,5
4164,5
9518,5
11812,5
12690,5
16275,5
2415,5
14614,5
7003,5
7363,5
8320,5
8647,5
9141,5
9442,5
9955,5
12965,5
13116,5
14748,5
15385,5
7421,5
1681,5
1824,5
6274,5
10637,5
13217,5
6109,5
9049,5
9148,5
10351,5
13025,5
15427,5
17038,5
6240,5
1320,5
1321,5
3942,5
1429,5
5638,5
1764,5
2709,5
3210,5
5120,5
5748,5
6442,5
1170,5
5932,5
599,5
214,5
1261,5
1253,5
2868,5
4247,5
8420,5
8889,5
11762,5
13302,5
13374,5
14208,5
14831,5
17918,5
19549,5
19760,5
20153,5
20407,5
20414,5
22004,5
8168,5
16955,5
10638,5
9988,5
13644,5
12966,5
13511,5
14773,5
16468,5
18459,5
19090,5
19426,5
20864,5
15796,5
113,5
11150,5
19400,5
1671,5
9693,5
12231,5
12622,5
19130,5
19443,5
19559,5
24902,5
24986,5
25094,5
25313,5
18431,5
16132,5
20762,5
25715,5
27053,5
27062,5
18579,5
10478,5
12181,5
15023,5
16342,5
17960,5
19919,5
21879,5
22524,5
22940,5
23718,5
24298,5
24961,5
25027,5
25612,5
27170,5
27186,5
28067,5
8008,5
16705,5
22931,5
24549,5
25589,5
27297,5
10571,5
23267,5
23560,5
23852,5
24263,5
27473,5
27530,5
28075,5
14412,5
20229,5
22705,5
22706,5
23007,5
23342,5
23400,5
23753,5
23786,5
24111,5
24129,5
26477,5
30935,5
32211,5
34513,5
34682,5
35811,5
39676,5
40699,5
40758,5
41832,5
42727,5
43077,5
43204,5
16392,5
22506,5
22380,5
23333,5
25489,5
26801,5
29330,5
30961,5
31371,5
31397,5
32119,5
34319,5
34799,5
35550,5
35900,5
36053,5
36655,5
36758,5
37795,5
38742,5
39073,5
40180,5
40339,5
40926,5
40692,5
35760,5
36462,5
42770,5
22747,5
23819,5
25698,5
27815,5
34800,5
35867,5
36354,5
37054,5
37951,5
41537,5
42208,5
43572,5
11443,5
15738,5
18722,5
25540,5
44721,5
29179,5
30734,5
33868,5
35541,5
36495,5
41545,5
40044,5
40407,5
42534,5
43026,5
45204,5
27640,5
25924,5
29287,5
42316,5
22220,5
25671,5
1907,5
30603,5
33389,5
36765,5
36937,5
40908,5
42333,5
93070,5
91698,5
83391,5
45068,5
14790,5
85643,5
92144,5
57609,5
84404,5
95105,5
16292,5
96212,5
58297,5
17415,5
23862,5
50451,5
81865,5
23845,5
25965,5
60096,5
93447,5
55478,5
81502,5
76873,5
83829,5
84654,5
85318,5
85854,5
86664,5
100436,5
50509,5
90063,5
94786,5
101837,5
63312,5
79937,5
66591,5
103778,5
104847,5
5019,5
66241,5
84638,5
95071,5
78941,5
61986,5
82050,5
65328,5
95916,5
59852,5
91480,5
83174,5
85509,5
101927,5
100231,5
88144,5
81151,5
97239,5
44795,5
29781,5
50945,5
55047,5
62423,5
73565,5
75697,5
76321,5
78564,5
79704,5
80884,5
80532,5
68425,5
82017,5
81697,5
81664,5
82143,5
84302,5
84747,5
88706,5
99038,5
86731,5
89309,5
90066,5
90584,5
90013,5
97558,5
81277,5
90601,5
91078,5
91113,5
93943,5
97675,5
93615,5
95540,5
96170,5
94699,5
94664,5
96216,5
95342,5
97452,5
99504,5
100058,5
100243,5
100267,5
101280,5
63257,5
89054,5
54471,5
67015,5
74073,5
87455,5
92337,5
97570,5
83438,5
98314,5
97562,5
93059,5
56766,5
99254,5
92055,5
86232,5
95369,5
92161,5
87966,5
95101,5
97269,5
22945,5
84255,5
84138,5
37662,5
46474,5
94882,5
92974,5
54605,5
55008,5
55316,5
58770,5
62158,5
82331,5
62585,5
64091,5
46255,5
64989,5
66923,5
67977,5
70722,5
85640,5
80702,5
85707,5
73142,5
74089,5
94641,5
75456,5
76249,5
76762,5
77725,5
102853,5
80662,5
82408,5
82929,5
76552,5
84926,5
85665,5
86132,5
86115,5
91887,5
87457,5
91836,5
87985,5
87942,5
91075,5
91939,5
92539,5
92598,5
92840,5
91603,5
93545,5
96412,5
95427,5
94489,5
96328,5
98031,5
96708,5
97133,5
98340,5
99825,5
99555,5
104252,5
102733,5
102902,5
68933,5
104574,5
80846,5
78678,5
23085,5
96389,5
96867,5
102843,5
93067,5
7125,5
44818,5
54976,5
66662,5
74099,5
88123,5
96924,5
83547,5
99387,5
96023,5
61991,5
58032,5
84208,5
87647,5
91743,5
94722,5
84365,5
49322,5
62796,5
40394,5
86826,5
45351,5
46390,5
47019,5
48022,5
87683,5
75263,5
75464,5
98626,5
91284,5
91528,5
92713,5
95812,5
100659,5
97914,5
98347,5
56907,5
60595,5
62679,5
86064,5
75465,5
75766,5
91009,5
38941,5
58325,5
84392,5
76677,5
100717,5
100567,5
96866,5
101815,5
73990,5
92639,5
32992,5
43938,5
81147,5
53356,5
96940,5
86164,5
98449,5
73722,5
80711,5
73914,5
75414,5
94640,5
62426,5
77164,5
77651,5
78771,5
80160,5
38653,5
82717,5
82683,5
83497,5
85278,5
86088,5
88026,5
90481,5
94303,5
41768,5
94072,5
94856,5
96573,5
98750,5
96748,5
71554,5
78140,5
72262,5
100819,5
64838,5
58107,5
66059,5
66144,5
86048,5
47085,5
66831,5
64460,5
99999,5
41459,5
92321,5
49288,5
42934,5
47102,5
90906,5
66630,5
80217,5
85195,5
85966,5
86969,5
58283,5
102317,5
78033,5
49650,5
56230,5
81290,5
87121,5
90093,5
98858,5
98283,5
43476,5
33519,5
41098,5
58309,5
56599,5
66562,5
70086,5
75767,5
76535,5
81885,5
85414,5
86870,5
46196,5
93896,5
97167,5
57815,5
74752,5
67181,5
69418,5
46942,5
58259,5
58946,5
91434,5
73661,5
77432,5
58812,5
50839,5
40526,5
38057,5
45350,5
46080,5
62492,5
65959,5
75139,5
25769,5
69717,5
79607,5
26081,5
96781,5
69377,5
57989,5
99623,5
42714,5
47577,5
48500,5
53282,5
18427,5
57270,5
58560,5
67258,5
92731,5
76661,5
78292,5
78853,5
67510,5
83663,5
89056,5
91853,5
61563,5
53609,5
56111,5
71708,5
58352,5
79742,5
59645,5
78970,5
45602,5
48154,5
57294,5
9496,5
72413,5
76333,5
76593,5
50235,5
81029,5
43928,5
59528,5
32491,5
29870,5
66395,5
58593,5
72305,5
61423,5
52522,5
73495,5
63673,5
60417,5
73226,5
31528,5
37990,5
38158,5
45544,5
49314,5
49959,5
50890,5
54153,5
54950,5
55415,5
56465,5
57344,5
58491,5
63875,5
65005,5
65181,5
69741,5
71902,5
73234,5
80117,5
49951,5
46975,5
51994,5
10017,5
62326,5
40033,5
44423,5
7267,5
48330,5
50211,5
51850,5
51851,5
54304,5
55243,5
56768,5
58209,5
61589,5
64772,5
63399,5
63992,5
48666,5
66412,5
55978,5
68102,5
69361,5
69877,5
71359,5
71977,5
73864,5
74232,5
77347,5
76124,5
79633,5
83387,5
44094,5
58929,5
61232,5
63189,5
63749,5
68421,5
13733,5
15298,5
29176,5
46532,5
7126,5
54999,5
55759,5
60149,5
57832,5
67551,5
68159,5
72632,5
74090,5
51617,5
53142,5
60945,5
37330,5
50387,5
28965,5
50043,5
61281,5
43375,5
54849,5
42229,5
59930,5
73964,5
61392,5
23823,5
38720,5
40879,5
44540,5
46197,5
46616,5
46851,5
47996,5
48115,5
48449,5
52472,5
52747,5
55075,5
55936,5
57083,5
30039,5
39790,5
45426,5
47069,5
47886,5
49884,5
50218,5
51702,5
60703,5
33846,5
50137,5
64696,5
1064,5
95834,5
101937,5
99190,5
101904,5
43579,5
36287,5
60757,5
65170,5
63888,5
59969,5
36741,5
91237,5
43085,5
91363,5
88614,5
77151,5
51353,5
47597,5
83057,5
64028,5
88159,5
67619,5
84312,5
93112,5
20473,5
91245,5
56192,5
91540,5
60380,5
100003,5
38271,5
95833,5
100729,5
100696,5
89402,5
97440,5
81354,5
75511,5
103660,5
25454,5
77570,5
97003,5
49595,5
82035,5
69694,5
51922,5
55647,5
103887,5
61320,5
58480,5
22932,5
63252,5
63769,5
62983,5
64237,5
65856,5
64691,5
87184,5
75075,5
102044,5
75909,5
75032,5
75986,5
77253,5
99693,5
81435,5
82370,5
81874,5
83207,5
82218,5
84411,5
84780,5
85618,5
86387,5
85812,5
85837,5
87444,5
64374,5
86883,5
86773,5
89401,5
91105,5
92392,5
94019,5
95617,5
94382,5
94384,5
94385,5
96366,5
96252,5
96309,5
97439,5
98394,5
98219,5
89696,5
100830,5
101619,5
103425,5
69696,5
71781,5
80817,5
65395,5
92534,5
21284,5
56418,5
42787,5
53956,5
56536,5
84092,5
86488,5
93079,5
96219,5
91280,5
100104,5
101341,5
102111,5
101785,5
102469,5
101928,5
55486,5
63153,5
83938,5
95406,5
87886,5
11367,5
104630,5
86966,5
69515,5
35180,5
77384,5
78479,5
30477,5
32343,5
72149,5
29623,5
37316,5
38463,5
49368,5
85358,5
42518,5
50668,5
50912,5
50943,5
52166,5
57156,5
60060,5
77644,5
74229,5
74731,5
80498,5
83444,5
56399,5
89922,5
90468,5
77679,5
101686,5
99392,5
100510,5
102097,5
86270,5
65303,5
85308,5
74531,5
61937,5
71642,5
54721,5
85753,5
77294,5
58312,5
78682,5
96367,5
44685,5
71864,5
94718,5
75502,5
59362,5
77008,5
82117,5
17273,5
90223,5
48110,5
57381,5
51689,5
66910,5
75680,5
77116,5
30420,5
65643,5
72962,5
57180,5
85828,5
86005,5
86522,5
11628,5
88295,5
82670,5
90182,5
90560,5
91849,5
93180,5
94468,5
94368,5
96112,5
97625,5
98477,5
98476,5
104772,5
93750,5
6034,5
67321,5
79570,5
83992,5
90693,5
91925,5
70736,5
80463,5
89972,5
64313,5
51234,5
28869,5
51096,5
47073,5
31313,5
66122,5
33986,5
35685,5
101762,5
38859,5
57223,5
49964,5
73448,5
81110,5
104307,5
71854,5
68860,5
44997,5
79611,5
64555,5
61878,5
95615,5
69080,5
46570,5
93019,5
92963,5
101828,5
99258,5
94896,5
90995,5
60130,5
68049,5
28827,5
65454,5
37542,5
49108,5
52325,5
53428,5
56125,5
58077,5
62682,5
62196,5
64648,5
65669,5
73718,5
74111,5
78463,5
78641,5
44585,5
63445,5
102419,5
68299,5
76221,5
47387,5
64020,5
56886,5
8779,5
51538,5
58262,5
16526,5
61920,5
65236,5
68275,5
76154,5
83659,5
2650,5
53378,5
93949,5
96803,5
7976,5
40423,5
75577,5
74321,5
67677,5
59692,5
61449,5
74302,5
85175,5
58992,5
55597,5
77687,5
73155,5
43084,5
75961,5
62691,5
47431,5
50425,5
51872,5
80765,5
74093,5
78297,5
94793,5
51729,5
101517,5
47145,5
75066,5
73114,5
15677,5
80523,5
44032,5
64307,5
57582,5
56720,5
54828,5
24766,5
42393,5
72275,5
38497,5
57802,5
68937,5
82756,5
67846,5
52502,5
58271,5
49058,5
59542,5
70767,5
35240,5
42569,5
50733,5
50860,5
51469,5
55821,5
56475,5
56662,5
58437,5
60287,5
60356,5
62103,5
62104,5
63471,5
64768,5
71288,5
72635,5
73422,5
74288,5
75358,5
75561,5
78632,5
36748,5
39233,5
55503,5
42988,5
45773,5
46344,5
51352,5
49468,5
49646,5
51805,5
52333,5
66659,5
64054,5
56569,5
71213,5
65033,5
58580,5
58749,5
59236,5
59532,5
34422,5
62758,5
62951,5
64414,5
65337,5
68584,5
54056,5
68786,5
77385,5
73172,5
73959,5
73305,5
73700,5
77851,5
73541,5
44618,5
13928,5
28646,5
36438,5
49797,5
51847,5
61818,5
64473,5
64908,5
68089,5
50727,5
29982,5
41329,5
43143,5
43480,5
53639,5
66534,5
60421,5
65117,5
62952,5
65018,5
70894,5
70024,5
47005,5
49022,5
59944,5
56242,5
12428,5
78623,5
48183,5
47203,5
29473,5
48294,5
31891,5
34096,5
41126,5
45387,5
45388,5
48486,5
52292,5
52568,5
52887,5
53572,5
53787,5
54006,5
49686,5
60462,5
46705,5
17775,5
51948,5
49939,5
38724,5
50399,5
42132,5
45531,5
51646,5
46301,5
46536,5
48351,5
49252,5
51163,5
55831,5
60874,5
48728,5
22187,5
33499,5
47047,5
51053,5
51737,5
45262,5
3144,5
7152,6
8357,6
13313,6
108,6
176,6
1626,6
5225,6
6151,6
8683,6
11146,6
12390,6
13104,6
1299,6
1317,6
3660,6
12159,6
796,6
3073,6
8935,6
12416,6
14877,6
1340,6
6328,6
6114,6
6115,6
6656,6
8314,6
9631,6
12425,6
12727,6
15013,6
15600,6
16783,6
17404,6
2554,6
11908,6
15868,6
17462,6
5586,6
12059,6
13439,6
5928,6
9447,6
2176,6
9755,6
14500,6
14778,6
1391,6
5828,6
3921,6
1919,6
1057,6
1030,6
1769,6
5401,6
7955,6
8197,6
10550,6
13255,6
13817,6
16244,6
17134,6
17998,6
20343,6
20409,6
20540,6
22176,6
6813,6
10058,6
11781,6
13774,6
13899,6
14101,6
14744,6
15230,6
17387,6
19949,6
19529,6
21630,6
18623,6
14601,6
16867,6
18439,6
21338,6
22300,6
23404,6
24553,6
25247,6
25300,6
25911,6
14459,6
21632,6
25543,6
14269,6
17018,6
26515,6
27300,6
27384,6
28238,6
28713,6
14052,6
18234,6
20117,6
9295,6
17797,6
22952,6
22986,6
24117,6
24545,6
24830,6
25148,6
25198,6
25349,6
22243,6
22369,6
24235,6
6647,6
27919,6
17419,6
12859,6
19010,6
23078,6
23364,6
13070,6
22041,6
22609,6
23983,6
24317,6
24846,6
24871,6
27284,6
27493,6
27518,6
30974,6
31192,6
31443,6
32517,6
33887,6
34030,6
34967,6
35177,6
35352,6
35973,6
36192,6
37572,6
38149,6
39254,6
40662,6
41022,6
42112,6
42288,6
43207,6
34225,6
15348,6
19571,6
24602,6
28148,6
27637,6
27718,6
28256,6
2547,6
28658,6
29240,6
29520,6
30048,6
31587,6
31989,6
32063,6
32400,6
32744,6
34207,6
35127,6
28729,6
36779,6
39034,6
37137,6
38771,6
38595,6
40218,6
41333,6
43702,6
42547,6
42204,6
44096,6
42482,6
23866,6
39136,6
21916,6
28956,6
31560,6
37503,6
41123,6
44256,6
37505,6
25207,6
12161,6
31551,6
33177,6
35722,6
38023,6
40569,6
42539,6
43460,6
42799,6
42203,6
44833,6
22207,6
30164,6
34718,6
14450,6
32123,6
90219,6
90053,6
42372,6
76660,6
57797,6
82088,6
103171,6
77890,6
33412,6
50445,6
39630,6
92039,6
47594,6
52538,6
98892,6
67224,6
71361,6
88963,6
81306,6
78668,6
84013,6
85330,6
84591,6
86525,6
102235,6
95202,6
95116,6
97571,6
92445,6
97000,6
100716,6
89431,6
89925,6
65597,6
83690,6
81089,6
47052,6
56147,6
70455,6
80399,6
94957,6
78251,6
85993,6
65349,6
101085,6
24628,6
36721,6
45174,6
49741,6
51315,6
86425,6
62016,6
60492,6
66019,6
66361,6
67851,6
85590,6
70202,6
76761,6
79651,6
81810,6
81793,6
82416,6
84576,6
85001,6
87138,6
89783,6
84777,6
92605,6
10925,6
430,6
1113,6
1851,6
3263,6
5323,6
5533,6
5688,6
6212,6
6611,6
6997,6
7906,6
8823,6
10128,6
12183,6
17028,6
3034,6
11151,6
777,6
5854,6
6186,6
6516,6
6808,6
7969,6
8384,6
9177,6
9282,6
9301,6
11164,6
11361,6
12607,6
13164,6
14112,6
16296,6
2680,6
4372,6
6855,6
11135,6
11216,6
14922,6
717,6
753,6
2753,6
12196,6
2535,6
4482,6
4735,6
4950,6
3930,6
4535,6
2598,6
2887,6
2016,6
1793,6
11837,6
14507,6
16860,6
18657,6
20820,6
1013,6
13137,6
12817,6
13017,6
13589,6
13584,6
18765,6
16671,6
17958,6
18952,6
19348,6
20013,6
20118,6
21621,6
21708,6
14410,6
21582,6
22498,6
24028,6
24291,6
24338,6
25242,6
26014,6
26035,6
26913,6
26950,6
20005,6
24832,6
25817,6
27139,6
6346,6
8736,6
13850,6
18115,6
18291,6
23151,6
23290,6
23466,6
23847,6
25132,6
25221,6
27184,6
27368,6
28032,6
7357,6
22641,6
23183,6
26019,6
20299,6
27110,6
11739,6
12112,6
17561,6
23243,6
25486,6
27483,6
16440,6
22972,6
23004,6
23227,6
23487,6
23542,6
23584,6
23876,6
23926,6
24498,6
25010,6
25649,6
25749,6
27814,6
28732,6
29415,6
31517,6
32061,6
32479,6
32989,6
33346,6
33942,6
34126,6
35319,6
35887,6
36128,6
38962,6
40798,6
41707,6
42621,6
43896,6
23781,6
28895,6
35593,6
23826,6
24651,6
24861,6
25967,6
21243,6
28177,6
29357,6
31223,6
31389,6
33057,6
32111,6
33427,6
30345,6
32965,6
34431,6
34557,6
35816,6
33648,6
37282,6
36910,6
36759,6
11143,6
39774,6
40228,6
40525,6
41397,6
41843,6
42500,6
44973,6
44214,6
44248,6
44579,6
34962,6
23316,6
26345,6
30069,6
32116,6
32860,6
38898,6
43150,6
43486,6
45515,6
25864,6
23411,6
16461,6
26188,6
24643,6
30518,6
31423,6
33869,6
37871,6
40583,6
40640,6
41610,6
41893,6
41896,6
43623,6
13889,6
7173,6
36693,6
37711,6
23729,6
43578,6
28795,6
96255,6
88205,6
89744,6
22333,6
62504,6
66314,6
102967,6
78843,6
81292,6
21931,6
94721,6
48718,6
51649,6
53044,6
62756,6
63313,6
71726,6
66385,6
71023,6
84581,6
75811,6
74386,6
77366,6
91746,6
82489,6
83650,6
86555,6
87708,6
88213,6
59669,6
95874,6
96855,6
99461,6
99338,6
101724,6
98450,6
75198,6
61490,6
104052,6
94327,6
102338,6
41799,6
76268,6
69946,6
80909,6
63022,6
60160,6
84300,6
76922,6
97443,6
29483,6
79492,6
98411,6
93901,6
98741,6
84234,6
83392,6
67525,6
92984,6
81875,6
100754,6
63600,6
90327,6
34512,6
41670,6
46387,6
51178,6
93362,6
53387,6
63498,6
68829,6
69134,6
72881,6
74144,6
76838,6
76767,6
79308,6
79815,6
81035,6
81620,6
83269,6
83193,6
60008,6
86618,6
87621,6
90064,6
12279,6
697,6
2116,6
5085,6
7450,6
9980,6
16174,6
6070,6
13362,6
710,6
4156,6
5516,6
8399,6
8816,6
14027,6
2143,6
6744,6
7038,6
8422,6
10522,6
11486,6
11791,6
13575,6
15740,6
17589,6
7004,6
9714,6
13107,6
610,6
4578,6
3595,6
15157,6
2891,6
6741,6
9441,6
14184,6
14313,6
14682,6
439,6
1422,6
5040,6
5653,6
2518,6
739,6
2754,6
5708,6
5931,6
3149,6
3172,6
3293,6
421,6
5230,6
6033,6
3345,6
3201,6
1774,6
2991,6
2896,6
7724,6
7965,6
13097,6
13990,6
15956,6
16494,6
18588,6
19029,6
19053,6
19428,6
21534,6
22588,6
20824,6
10414,6
9998,6
17226,6
11609,6
13060,6
16344,6
19953,6
20345,6
12642,6
21872,6
24671,6
25584,6
26312,6
27973,6
28096,6
12522,6
21814,6
22169,6
24573,6
25051,6
25776,6
25826,6
26741,6
9762,6
16158,6
20056,6
23331,6
23730,6
23990,6
25201,6
25309,6
19473,6
17263,6
24418,6
26325,6
26354,6
26454,6
28475,6
21554,6
27498,6
12506,6
15241,6
22495,6
24324,6
16850,6
22564,6
22850,6
23005,6
23042,6
23058,6
23126,6
23565,6
23741,6
23788,6
24321,6
25072,6
25474,6
25763,6
26086,6
26302,6
26572,6
28304,6
31915,6
33657,6
34009,6
35597,6
37833,6
38379,6
39019,6
41771,6
42877,6
44927,6
44596,6
27721,6
28993,6
29174,6
30561,6
30582,6
31634,6
26239,6
43776,6
32685,6
34317,6
34676,6
34703,6
38017,6
34645,6
35891,6
36356,6
36500,6
37476,6
37631,6
39155,6
42128,6
42325,6
45666,6
42008,6
31035,6
41159,6
28996,6
39053,6
13617,6
22434,6
23678,6
25669,6
38266,6
39880,6
41288,6
36592,6
24006,6
32372,6
32737,6
33313,6
31834,6
35723,6
36135,6
39680,6
39497,6
42953,6
27847,6
43729,6
38450,6
28991,6
25918,6
37993,6
41753,6
129,6
22253,6
35226,6
41052,6
31771,6
43918,6
102895,6
102690,6
90124,6
97841,6
71816,6
42160,6
92704,6
93337,6
101084,6
57899,6
92086,6
42478,6
45442,6
52880,6
66502,6
18819,6
68271,6
87312,6
81425,6
93277,6
90071,6
91119,6
91492,6
100525,6
95500,6
70166,6
99129,6
99780,6
103980,6
80490,6
61694,6
75799,6
83793,6
99344,6
85646,6
98795,6
103310,6
80122,6
65065,6
90153,6
95148,6
62936,6
93760,6
79996,6
102232,6
90838,6
72759,6
79264,6
68034,6
37108,6
38794,6
91545,6
79824,6
81138,6
85189,6
42425,6
45209,6
47973,6
48299,6
52402,6
54780,6
73303,6
59809,6
93479,6
60616,6
98328,6
69740,6
72281,6
75646,6
78308,6
79086,6
79863,6
80324,6
80681,6
83176,6
87005,6
84333,6
84015,6
84716,6
84674,6
85578,6
89924,6
81694,6
91123,6
91793,6
91948,6
96100,6
94829,6
97333,6
97630,6
81069,6
75526,6
58336,6
74068,6
91244,6
53287,6
86058,6
60985,6
83553,6
57703,6
92416,6
87634,6
62953,6
86499,6
100825,6
87056,6
99747,6
100445,6
7276,6
90905,6
76431,6
30384,6
49203,6
37201,6
39577,6
42786,6
47580,6
56673,6
84113,6
82213,6
62354,6
63145,6
67705,6
96393,6
59729,6
85713,6
94637,6
74733,6
94642,6
87642,6
75035,6
75971,6
79773,6
102930,6
86305,6
46190,6
88284,6
88192,6
42768,6
90808,6
89702,6
89629,6
90233,6
55809,6
79255,6
92272,6
91662,6
95703,6
94939,6
94952,6
91678,6
95102,6
78630,6
99364,6
99624,6
98749,6
99175,6
101713,6
64199,6
66981,6
101374,6
19301,6
83285,6
53217,6
61787,6
65184,6
23997,6
75744,6
87090,6
96142,6
87865,6
20754,6
56038,6
59295,6
73935,6
66317,6
92280,6
86242,6
46413,6
41321,6
49153,6
97404,6
61834,6
70075,6
76423,6
71789,6
80228,6
80998,6
96256,6
83889,6
89899,6
96466,6
99417,6
100328,6
60076,6
67697,6
52406,6
84229,6
73367,6
93102,6
68351,6
94994,6
74079,6
82920,6
50895,6
55225,6
72487,6
67100,6
95635,6
101800,6
39847,6
47667,6
69543,6
50574,6
56471,6
60756,6
73201,6
77229,6
58449,6
71962,6
77001,6
65642,6
79390,6
63444,6
64375,6
72106,6
95682,6
97958,6
73075,6
88129,6
100647,6
102094,6
53165,6
77681,6
76197,6
94259,6
63360,6
71833,6
58341,6
53723,6
43967,6
97201,6
47242,6
54692,6
55497,6
69150,6
75043,6
83600,6
71210,6
68868,6
59195,6
73819,6
78223,6
61448,6
50327,6
93685,6
54138,6
10057,6
30771,6
7470,6
44807,6
49416,6
71836,6
84082,6
61051,6
67052,6
67328,6
74184,6
84376,6
86961,6
88988,6
55515,6
100828,6
5276,6
8773,6
40039,6
45488,6
64630,6
84930,6
45877,6
42421,6
89500,6
53078,6
42169,6
59284,6
67702,6
73357,6
72356,6
56508,6
75513,6
64257,6
37351,6
70884,6
48873,6
24241,6
73228,6
67647,6
80727,6
41723,6
64052,6
62919,6
66377,6
51308,6
35677,6
38065,6
37950,6
21209,6
34978,6
37322,6
41875,6
42868,6
47788,6
48421,6
51284,6
52322,6
52942,6
56145,6
56944,6
58239,6
60236,6
61295,6
61627,6
63295,6
63650,6
65550,6
70600,6
18736,6
39193,6
56327,6
37992,6
41665,6
44802,6
43504,6
50994,6
63771,6
57585,6
57861,6
57732,6
58646,6
62929,6
61569,6
65473,6
64843,6
64730,6
69475,6
69328,6
70293,6
70719,6
74825,6
76126,6
41308,6
43166,6
47004,6
51115,6
59574,6
60375,6
80231,6
49206,6
37474,6
45633,6
47147,6
57417,6
65069,6
55434,6
55949,6
58089,6
59203,6
63900,6
71094,6
61321,6
45025,6
47152,6
44673,6
56477,6
55633,6
7089,6
35619,6
44395,6
48962,6
49300,6
50028,6
50782,6
52343,6
53686,6
57188,6
57598,6
59019,6
44106,6
47318,6
56889,6
53271,6
53141,6
55321,6
45730,6
46368,6
51473,6
36433,6
54043,6
58706,6
57700,6
55199,6
3549,6
2076,6
4432,6
89814,6
90738,6
90964,6
91592,6
99134,6
78626,6
73938,6
88183,6
68158,6
86138,6
74367,6
56199,6
95269,6
40159,6
62203,6
79564,6
63443,6
89144,6
104219,6
98740,6
101830,6
89049,6
1298,6
13588,6
97137,6
100619,6
19045,6
21242,6
37292,6
82924,6
11021,6
43784,6
46585,6
47653,6
96284,6
83013,6
75727,6
93090,6
50872,6
52121,6
52496,6
84380,6
69082,6
60716,6
63115,6
63864,6
64253,6
78676,6
64655,6
67819,6
70959,6
64789,6
70636,6
83733,6
73024,6
75091,6
75849,6
75761,6
76773,6
77546,6
90350,6
81049,6
81905,6
61322,6
87202,6
84028,6
86500,6
88703,6
89057,6
89488,6
90486,6
89223,6
91965,6
94307,6
93151,6
93035,6
91758,6
95618,6
96133,6
98159,6
98478,6
99431,6
103333,6
104792,6
99767,6
102855,6
55966,6
65698,6
95755,6
59220,6
22774,6
25548,6
95229,6
71158,6
77204,6
75807,6
78865,6
89953,6
90820,6
100551,6
67209,6
72420,6
91941,6
61649,6
85092,6
46173,6
97904,6
95232,6
97865,6
64248,6
45348,6
46498,6
91539,6
64329,6
67861,6
69133,6
73416,6
83441,6
87764,6
90473,6
92854,6
93584,6
101444,6
99394,6
99415,6
99581,6
68318,6
80232,6
73581,6
85173,6
80059,6
91708,6
75094,6
78340,6
93206,6
30233,6
47495,6
60416,6
102979,6
74009,6
41543,6
8488,6
22258,6
44530,6
52696,6
54089,6
56181,6
57300,6
59041,6
46225,6
61930,6
64114,6
64350,6
67429,6
71916,6
83050,6
75852,6
76477,6
77420,6
67879,6
83029,6
83433,6
87964,6
91064,6
92765,6
71573,6
96088,6
97279,6
64198,6
86944,6
59307,6
5810,6
46023,6
62463,6
63267,6
70670,6
72507,6
58527,6
79533,6
81275,6
83436,6
39901,6
68363,6
65338,6
6646,6
85089,6
22082,6
29923,6
51643,6
79055,6
83783,6
62550,6
80371,6
82504,6
87788,6
86290,6
61304,6
79062,6
51590,6
98937,6
68707,6
63175,6
52914,6
59736,6
66825,6
14090,6
70496,6
75509,6
82262,6
82622,6
61201,6
87651,6
96397,6
100428,6
41837,6
71798,6
26896,6
60151,6
98104,6
105150,6
3763,6
32772,6
34576,6
44633,6
48767,6
66636,6
53674,6
60437,6
46089,6
52822,6
53440,6
53530,6
56580,6
59893,6
69343,6
70854,6
73371,6
69216,6
8401,6
7897,6
52722,6
68263,6
64993,6
41703,6
40839,6
34469,6
45516,6
46861,6
52026,6
67469,6
58411,6
76085,6
61793,6
65191,6
35171,6
78884,6
92562,6
45256,6
50972,6
67240,6
77991,6
58001,6
61476,6
42045,6
76981,6
12422,6
41280,6
49367,6
58865,6
59131,6
60994,6
62366,6
65078,6
65562,6
68237,6
68570,6
68741,6
71216,6
82575,6
55090,6
26967,6
49207,6
34851,6
37843,6
44764,6
50237,6
44262,6
53320,6
47045,6
48286,6
51861,6
54801,6
66436,6
58511,6
58650,6
58776,6
60261,6
52765,6
63065,6
63783,6
68273,6
68815,6
72320,6
77480,6
78311,6
43666,6
44638,6
46010,6
52938,6
62797,6
66163,6
66967,6
78416,6
41514,6
45026,6
55811,6
52184,6
70092,6
70063,6
72410,6
64497,6
48824,6
51043,6
58335,6
62046,6
33857,6
43235,6
48916,6
46643,6
47053,6
48291,6
52144,6
33576,6
37050,6
46086,6
55325,6
55992,6
57830,6
59704,6
49942,6
51061,6
52662,6
57006,6
44953,6
3043,6
2077,6
3847,6
4044,6
7387,6
10471,6
10906,6
4384,6
6926,6
7372,6
8656,6
8663,6
6093,6
10923,6
11678,6
12730,6
692,6
715,6
1327,6
4180,6
7649,6
8822,6
10863,6
14132,6
4348,6
6102,6
7490,6
8637,6
8646,6
9250,6
9300,6
9550,6
10252,6
10354,6
11006,6
13696,6
15016,6
15276,6
16719,6
17904,6
935,6
5823,6
5875,6
5985,6
7220,6
7547,6
8119,6
8369,6
8948,6
6567,6
9653,6
13444,6
1430,6
6366,6
7574,6
11301,6
13185,6
5062,6
5507,6
3220,6
2097,6
3992,6
5053,6
44,6
298,6
1832,6
1472,6
414,6
2632,6
7170,6
9903,6
9920,6
15269,6
17250,6
18897,6
19057,6
19106,6
20686,6
22529,6
16401,6
8159,6
10284,6
18280,6
21709,6
22553,6
14982,6
6844,6
7287,6
9744,6
11401,6
11695,6
23938,6
23954,6
24400,6
24606,6
25663,6
25805,6
25855,6
27129,6
26860,6
26945,6
28034,6
28385,6
10411,6
10412,6
11158,6
13536,6
19954,6
20931,6
22983,6
23048,6
23501,6
23543,6
24045,6
24785,6
26485,6
1387,6
8621,6
21485,6
22595,6
22696,6
23575,6
24205,6
24398,6
25831,6
27105,6
27454,6
11786,6
16929,6
22297,6
23484,6
23668,6
27036,6
13888,6
22129,6
22636,6
23300,6
24809,6
25012,6
25269,6
25714,6
25832,6
27496,6
28494,6
29113,6
29137,6
29875,6
30529,6
31684,6
32697,6
32988,6
35232,6
35492,6
37558,6
37969,6
38666,6
38766,6
41379,6
42050,6
42141,6
42386,6
42469,6
42551,6
34531,6
22523,6
24457,6
24374,6
25093,6
28478,6
4273,6
32913,6
33668,6
33365,6
34289,6
34478,6
34621,6
35819,6
35969,6
36947,6
37173,6
38665,6
39785,6
39928,6
41320,6
42651,6
44216,6
44988,6
30736,6
15066,6
15519,6
25915,6
30852,6
34087,6
40951,6
22796,6
25420,6
28152,6
31523,6
35231,6
35835,6
36731,6
38972,6
39601,6
41094,6
41949,6
40698,6
45329,6
22537,6
23157,6
32480,6
39886,6
40859,6
42543,6
42938,6
33985,6
14621,6
24808,6
5086,6
31471,6
34119,6
34246,6
42485,6
82729,6
61152,6
85300,6
43144,6
14817,6
81704,6
5916,6
85191,6
93422,6
87880,6
97482,6
103317,6
21216,6
90484,6
37140,6
91095,6
77150,6
48276,6
48795,6
83157,6
51276,6
97718,6
53519,6
61836,6
59033,6
70030,6
70032,6
68876,6
90927,6
83108,6
79943,6
79893,6
81444,6
72100,6
90752,6
91673,6
94026,6
100537,6
5915,6
96018,6
86654,6
84890,6
75713,6
44594,6
54745,6
76992,6
90893,6
33977,6
98419,6
95321,6
75359,6
98537,6
99869,6
30034,6
92552,6
84379,6
41639,6
30562,6
67438,6
51310,6
81319,6
47699,6
56854,6
73952,6
64129,6
67873,6
71063,6
92365,6
70266,6
62027,6
77469,6
80096,6
80631,6
80851,6
81152,6
82261,6
86747,6
86956,6
87292,6
87819,6
88448,6
89092,6
60792,6
94211,6
98975,6
97538,6
97889,6
98457,6
98432,6
99749,6
71994,6
100993,6
103640,6
102995,6
86030,6
84666,6
88954,6
59356,6
58601,6
85194,6
92746,6
72966,6
91008,6
81265,6
88002,6
63123,6
59546,6
79751,6
99632,6
83085,6
90999,6
76199,6
82801,6
45762,6
63249,6
83748,6
100626,6
72515,6
60645,6
95176,6
92065,6
96899,6
78886,6
14618,6
87992,6
7468,6
45459,6
47317,6
97772,6
50093,6
56322,6
57252,6
60133,6
94624,6
69367,6
90907,6
88718,6
84147,6
83950,6
72674,6
76158,6
77249,6
78225,6
79464,6
80770,6
81131,6
82785,6
83479,6
85228,6
86401,6
86467,6
89532,6
87397,6
87715,6
89088,6
89792,6
90555,6
92839,6
93058,6
95836,6
94355,6
52329,6
95696,6
94481,6
94229,6
94304,6
94288,6
89849,6
97186,6
97537,6
100259,6
97873,6
99740,6
100801,6
103547,6
19664,6
61572,6
36117,6
94030,6
73344,6
91444,6
10660,6
58627,6
67198,6
88484,6
86717,6
70671,6
73838,6
77838,6
78568,6
89321,6
101311,6
97781,6
97738,6
92640,6
93084,6
91963,6
28273,6
73664,6
82138,6
58350,6
90438,6
45081,6
44608,6
45567,6
59469,6
70438,6
71759,6
73854,6
73998,6
77809,6
77947,6
80242,6
81557,6
84786,6
85858,6
94747,6
95854,6
96472,6
97764,6
98123,6
85220,6
67969,6
54464,6
72036,6
63390,6
92822,6
98032,6
98776,6
89808,6
76727,6
65476,6
87917,6
10000,6
87707,6
85522,6
41005,6
42271,6
48590,6
48105,6
52814,6
52982,6
54136,6
59679,6
59773,6
59881,6
62688,6
63122,6
69083,6
70320,6
68907,6
64805,6
80678,6
74660,6
75086,6
75264,6
79172,6
80460,6
84802,6
84759,6
64193,6
88182,6
89272,6
91888,6
53176,6
91024,6
90018,6
71410,6
37698,6
58400,6
56742,6
48733,6
54171,6
63512,6
89047,6
80996,6
43140,6
50060,6
50110,6
57144,6
56883,6
59486,6
65072,6
99848,6
71661,6
80369,6
80485,6
90159,6
92983,6
95947,6
100327,6
84532,6
76066,6
81357,6
63605,6
82750,6
87908,6
39842,6
81776,6
48758,6
44547,6
54087,6
61323,6
76584,6
67460,6
68463,6
72999,6
87639,6
83278,6
84803,6
87549,6
90956,6
92797,6
57361,6
17186,6
61882,6
63672,6
65400,6
35562,6
36908,6
29745,6
42505,6
67793,6
79873,6
84383,6
63908,6
43376,6
61097,6
55186,6
58157,6
58174,6
64284,6
68673,6
83723,6
98490,6
49599,6
3567,6
60995,6
56615,6
49532,6
68110,6
78217,6
55168,6
52899,6
51176,6
69658,6
63732,6
68302,6
73016,6
45065,6
72740,6
61087,6
62577,6
52388,6
65064,6
30830,6
33998,6
64276,6
56983,6
34333,6
59732,6
58326,6
44985,6
45905,6
52598,6
53167,6
55425,6
56991,6
58778,6
60745,6
61805,6
63789,6
63882,6
65324,6
66010,6
70967,6
75205,6
22926,6
35578,6
38367,6
41668,6
46347,6
46977,6
50479,6
49850,6
56273,6
57695,6
58208,6
59372,6
60251,6
61815,6
61290,6
64729,6
66286,6
69801,6
68689,6
76903,6
70505,6
70556,6
69774,6
72941,6
73947,6
74627,6
65189,6
14945,6
45885,6
48457,6
54699,6
60066,6
61781,6
67560,6
44264,6
50146,6
51023,6
51279,6
54303,6
63588,6
63824,6
68755,6
68830,6
70631,6
69900,6
74398,6
79020,6
75666,6
29083,6
63029,6
45325,6
49068,6
40855,6
32088,6
44875,6
47224,6
50622,6
51025,6
59604,6
27903,6
47190,6
49491,6
56036,6
56488,6
58668,6
58577,6
58896,6
51950,6
285,6
728,6
4620,6
95709,6
95381,6
97213,6
97398,6
82009,6
98327,6
101586,6
97122,6
102849,6
103166,6
103300,6
60564,6
23360,6
57466,6
62287,6
71097,6
91623,6
57105,6
78229,6
91815,6
90760,6
30894,6
75868,6
63000,6
96145,6
93147,6
24994,6
31028,6
90341,6
93088,6
52434,6
96719,6
90023,6
54359,6
57283,6
62867,6
65530,6
78899,6
67331,6
68132,6
93832,6
93072,6
75867,6
76655,6
78465,6
77268,6
75800,6
78758,6
78112,6
72435,6
84262,6
85165,6
92239,6
85057,6
89284,6
88958,6
90099,6
89763,6
89888,6
92324,6
93430,6
95842,6
96027,6
96010,6
95684,6
98270,6
98410,6
38255,6
83191,6
82653,6
99408,6
98587,6
23325,6
23971,6
87895,6
65989,6
71687,6
74898,6
83643,6
87644,6
87023,6
88413,6
101593,6
46527,6
81925,6
74143,6
75570,6
85234,6
78305,6
83475,6
95053,6
83325,6
29656,6
43772,6
90910,6
54050,6
71981,6
77419,6
79319,6
81026,6
83434,6
84973,6
90348,6
91121,6
92118,6
96102,6
100377,6
53838,6
64733,6
80488,6
50877,6
76865,6
48880,6
56987,6
37299,6
91959,6
64835,6
75553,6
66912,6
95524,6
88631,6
83778,6
60137,6
35198,6
58280,6
59007,6
61319,6
76521,6
77936,6
78766,6
84178,6
64197,6
88030,6
90793,6
80330,6
91740,6
92232,6
92727,6
93992,6
92734,6
101251,6
95424,6
59433,6
48948,6
92896,6
85719,6
96409,6
55948,6
78649,6
82939,6
53030,6
80949,6
102964,6
52704,6
69821,6
75695,6
90459,6
88481,6
67989,6
59466,6
60078,6
59116,6
54720,6
57087,6
35200,6
65270,6
50844,6
58479,6
59734,6
59869,6
62765,6
74096,6
75308,6
79328,6
77326,6
76571,6
69020,6
82378,6
86135,6
96093,6
66500,6
54904,6
62406,6
65660,6
67413,6
36641,6
46872,6
63026,6
54528,6
70886,6
52826,6
52953,6
43857,6
59268,6
73439,6
62373,6
52769,6
73263,6
53020,6
63260,6
44090,6
76113,6
32861,6
10723,6
36271,6
70869,6
66265,6
64120,6
35223,6
50474,6
53436,6
56947,6
58387,6
58950,6
61533,6
63286,6
63955,6
65644,6
67574,6
67729,6
73196,6
77109,6
78127,6
60933,6
29547,6
64935,6
43805,6
44595,6
59676,6
49098,6
51453,6
52584,6
55756,6
55529,6
56276,6
57323,6
59894,6
60389,6
61626,6
62431,6
63059,6
68602,6
69380,6
70073,6
12189,6
76213,6
44653,6
44745,6
47507,6
48259,6
51361,6
51940,6
55495,6
56796,6
58145,6
66451,6
13517,6
2558,6
61277,6
41456,6
45497,6
49099,6
51846,6
59844,6
60816,6
66920,6
58555,6
38548,6
43942,6
55205,6
45999,6
39701,6
49359,6
48788,6
38998,6
41327,6
43688,6
46034,6
46702,6
47531,6
49040,6
50885,6
57431,6
59903,6
54560,6
45772,6
47090,6
48563,6
52409,6
57266,6
56962,6
62330,6
48906,6
62416,6
3773,6
4431,6
813,7
1658,7
1794,7
2620,7
4336,7
5215,7
8901,7
11012,7
11070,7
11111,7
12143,7
12244,7
12644,7
15172,7
4395,7
5702,7
12315,7
839,7
1921,7
4218,7
4738,7
7409,7
7710,7
9088,7
11320,7
11329,7
11614,7
888,7
4243,7
4421,7
6983,7
9707,7
11304,7
16371,7
10592,7
4747,7
13430,7
518,7
4038,7
3057,7
1215,7
1643,7
496,7
569,7
411,7
1467,7
1845,7
1037,7
2915,7
12551,7
12617,7
13657,7
18065,7
19504,7
12210,7
11849,7
12819,7
12969,7
18472,7
21974,7
15096,7
17244,7
17832,7
13438,7
11616,7
27083,7
11363,7
12458,7
21414,7
23438,7
23665,7
24763,7
25869,7
3929,7
9078,7
25240,7
27477,7
23153,7
23194,7
23749,7
23807,7
23824,7
25200,7
25357,7
27904,7
24134,7
26583,7
27955,7
19814,7
22886,7
23530,7
24669,7
25090,7
28330,7
13992,7
22403,7
22979,7
25861,7
25929,7
28848,7
28855,7
31544,7
33578,7
34365,7
35452,7
37043,7
40772,7
42641,7
44757,7
6362,7
41744,7
27785,7
24251,7
24771,7
26364,7
29383,7
30500,7
30949,7
31376,7
23765,7
31769,7
31770,7
32626,7
33261,7
17848,7
34778,7
35907,7
35890,7
36508,7
37337,7
36409,7
30692,7
42028,7
43392,7
34132,7
30738,7
26507,7
33604,7
30701,7
36753,7
40679,7
42413,7
22443,7
26381,7
22402,7
32190,7
34753,7
36984,7
41434,7
45668,7
26127,7
30790,7
40964,7
44153,7
25197,7
27894,7
35084,7
38560,7
38542,7
40090,7
43795,7
61425,7
93093,7
98540,7
60226,7
87773,7
49154,7
57429,7
72146,7
55919,7
51792,7
55476,7
74207,7
93275,7
88568,7
88409,7
90344,7
81232,7
75003,7
97093,7
97955,7
100108,7
100942,7
57529,7
101121,7
69033,7
87298,7
93099,7
74375,7
99445,7
89691,7
98809,7
100523,7
43987,7
85238,7
61571,7
81592,7
85447,7
27550,7
71125,7
71007,7
97136,7
78476,7
98507,7
81987,7
89977,7
91560,7
29099,7
36066,7
37161,7
68070,7
41777,7
83573,7
45669,7
46079,7
53076,7
82766,7
82959,7
103288,7
68696,7
68429,7
74702,7
75330,7
93988,7
76913,7
78293,7
79634,7
80193,7
81206,7
80895,7
86650,7
89388,7
93971,7
9582,7
3344,7
13392,7
953,7
5961,7
6173,7
6503,7
8237,7
8836,7
9262,7
9561,7
9750,7
10712,7
11214,7
11668,7
2086,7
14607,7
861,7
1927,7
1066,7
6511,7
7018,7
9776,7
11319,7
12725,7
12904,7
16637,7
16770,7
3512,7
16849,7
1042,7
17395,7
9251,7
4790,7
8321,7
10930,7
6485,7
4598,7
1245,7
3741,7
3449,7
2937,7
1365,7
299,7
1189,7
2764,7
2128,7
16070,7
17388,7
18497,7
19385,7
18673,7
8184,7
8187,7
12047,7
12439,7
14270,7
19860,7
19112,7
21614,7
23059,7
23080,7
23934,7
25767,7
26458,7
5636,7
28521,7
14633,7
17790,7
26387,7
748,7
8707,7
21527,7
22565,7
23156,7
23529,7
25166,7
25525,7
27754,7
27060,7
2199,7
20134,7
21219,7
22018,7
23146,7
25762,7
27704,7
19524,7
19753,7
26329,7
22509,7
22718,7
22891,7
22896,7
23309,7
23776,7
23797,7
26219,7
26987,7
27733,7
28850,7
28892,7
29389,7
31575,7
32100,7
34989,7
36830,7
38357,7
41339,7
41909,7
42319,7
43176,7
10339,7
10044,7
18904,7
18461,7
22678,7
23871,7
24152,7
27037,7
27134,7
29741,7
28011,7
30963,7
31906,7
32158,7
33446,7
34121,7
35716,7
37821,7
41544,7
42085,7
37028,7
34055,7
35128,7
35225,7
38746,7
42143,7
43667,7
34218,7
28963,7
37125,7
12405,7
40588,7
24157,7
31446,7
35267,7
37422,7
40005,7
40557,7
40690,7
40856,7
45076,7
45036,7
24139,7
34706,7
44768,7
71648,7
94335,7
90640,7
100518,7
58354,7
89014,7
57241,7
93499,7
95551,7
75098,7
68614,7
77153,7
53199,7
54224,7
21918,7
98652,7
81626,7
67736,7
72204,7
82660,7
44232,7
88004,7
86796,7
95199,7
97002,7
78523,7
57829,7
56647,7
91142,7
95756,7
93097,7
95404,7
27843,7
92829,7
82176,7
81148,7
80199,7
40412,7
78304,7
90330,7
79783,7
19448,7
97627,7
97740,7
101303,7
80877,7
68842,7
92419,7
81872,7
34470,7
43736,7
79984,7
48610,7
99456,7
87679,7
61095,7
63452,7
81255,7
87390,7
71744,7
90396,7
80743,7
77979,7
79702,7
79862,7
80494,7
80620,7
81008,7
28884,7
84216,7
85133,7
87067,7
88247,7
13940,7
3498,7
4182,7
4933,7
10498,7
11107,7
6287,7
7576,7
841,7
6065,7
8845,7
12477,7
6749,7
8317,7
10721,7
11268,7
11809,7
11890,7
12519,7
12608,7
13819,7
13840,7
16363,7
17901,7
3753,7
13241,7
14850,7
2555,7
7445,7
613,7
10908,7
5703,7
12066,7
13848,7
1482,7
1976,7
3272,7
4489,7
5432,7
5505,7
5529,7
3335,7
5947,7
650,7
3529,7
4329,7
4938,7
1351,7
894,7
4941,7
12695,7
16417,7
19095,7
19967,7
8070,7
17095,7
18961,7
18630,7
19917,7
21581,7
19922,7
24179,7
24279,7
13057,7
21578,7
21746,7
23890,7
24481,7
25070,7
25661,7
26349,7
27747,7
27763,7
13331,7
26647,7
10950,7
11840,7
13402,7
18384,7
20488,7
22182,7
22845,7
27017,7
27521,7
1926,7
9494,7
21896,7
22361,7
26007,7
26013,7
27813,7
28141,7
3724,7
23754,7
23780,7
23953,7
26144,7
13452,7
14284,7
22548,7
22787,7
23168,7
24794,7
25994,7
31960,7
32635,7
33350,7
33639,7
33946,7
35660,7
36506,7
36537,7
40156,7
40700,7
40886,7
42730,7
44538,7
25204,7
28878,7
22489,7
23927,7
24156,7
27138,7
27582,7
28378,7
32409,7
30110,7
30112,7
29487,7
30430,7
33712,7
34046,7
35121,7
34721,7
34708,7
36009,7
37468,7
37804,7
38098,7
38419,7
38521,7
39305,7
38950,7
41382,7
32548,7
42257,7
43779,7
44522,7
24024,7
41611,7
43072,7
44065,7
45248,7
39336,7
40587,7
22834,7
14626,7
32367,7
33397,7
34687,7
35484,7
40185,7
41871,7
44780,7
42806,7
43766,7
44604,7
25674,7
43910,7
39962,7
29595,7
32943,7
36558,7
40673,7
43062,7
43994,7
16137,7
26488,7
26899,7
11777,7
35245,7
36945,7
38424,7
40487,7
42488,7
85641,7
99654,7
103502,7
60574,7
94191,7
46816,7
8622,7
16651,7
3936,7
22235,7
71979,7
79141,7
82491,7
87296,7
84698,7
87173,7
87543,7
88414,7
78453,7
22332,7
97773,7
100719,7
104019,7
103218,7
100924,7
73426,7
30228,7
79396,7
88787,7
93466,7
86309,7
90599,7
40797,7
80461,7
38987,7
87546,7
101906,7
59233,7
95928,7
94985,7
94586,7
96038,7
85239,7
48714,7
32632,7
93290,7
76025,7
75286,7
47282,7
44023,7
45569,7
79412,7
49100,7
49551,7
82393,7
88708,7
95379,7
72294,7
71660,7
76705,7
68607,7
78616,7
96214,7
77533,7
80500,7
81606,7
82157,7
84149,7
85651,7
91239,7
88250,7
94997,7
100026,7
96105,7
96194,7
58255,7
59266,7
57301,7
58523,7
53360,7
61771,7
82736,7
47688,7
43488,7
88930,7
98581,7
99750,7
85548,7
92595,7
13027,7
75408,7
90243,7
100741,7
90017,7
63894,7
101571,7
91071,7
93522,7
8481,7
40767,7
41977,7
92087,7
50850,7
18108,7
94246,7
96113,7
57128,7
58998,7
90690,7
65626,7
66855,7
69197,7
68220,7
68204,7
68716,7
85637,7
71710,7
72679,7
87970,7
83697,7
83850,7
85290,7
86410,7
87356,7
94608,7
88759,7
89681,7
90842,7
91134,7
96999,7
92246,7
92516,7
102063,7
62115,7
98335,7
99411,7
100555,7
99443,7
100505,7
104565,7
86084,7
89022,7
72264,7
89421,7
81413,7
83695,7
8904,7
38436,7
57750,7
101167,7
78756,7
71341,7
73869,7
80827,7
81823,7
74612,7
57346,7
72574,7
36793,7
82481,7
54863,7
71702,7
52879,7
82279,7
101966,7
78840,7
54687,7
32000,7
59245,7
45152,7
48878,7
61358,7
63989,7
66033,7
48011,7
77879,7
78291,7
80832,7
82334,7
30944,7
92553,7
93948,7
95627,7
96108,7
98348,7
65852,7
76189,7
58672,7
53204,7
90745,7
73984,7
45840,7
88512,7
77006,7
60877,7
93157,7
55644,7
46232,7
66351,7
49198,7
51870,7
53031,7
54456,7
77542,7
57687,7
58848,7
73606,7
73170,7
72842,7
73212,7
86988,7
92188,7
95472,7
96587,7
98865,7
70958,7
81365,7
82006,7
78218,7
79027,7
97086,7
102215,7
49295,7
36517,7
30871,7
52829,7
92411,7
65182,7
81394,7
69010,7
92800,7
93898,7
57335,7
63637,7
69768,7
71383,7
80664,7
53946,7
96000,7
57254,7
42755,7
59485,7
54088,7
85130,7
59119,7
55712,7
47854,7
63095,7
68582,7
83813,7
67954,7
69726,7
53329,7
56395,7
40893,7
72876,7
53178,7
48279,7
53444,7
26185,7
49471,7
45499,7
49363,7
10002,7
48923,7
50608,7
56198,7
56461,7
56781,7
59700,7
59871,7
59968,7
61426,7
61653,7
63381,7
64099,7
66553,7
67655,7
70576,7
73417,7
79140,7
80092,7
44035,7
61467,7
58591,7
52327,7
29927,7
73885,7
63960,7
43457,7
45449,7
48229,7
49067,7
50059,7
51287,7
51852,7
54879,7
53899,7
56190,7
56587,7
58184,7
60431,7
60872,7
61671,7
62262,7
62491,7
62887,7
65166,7
67446,7
67828,7
71249,7
71336,7
78365,7
52506,7
56965,7
57966,7
35456,7
49038,7
58546,7
71386,7
76951,7
10749,7
38973,7
51978,7
52889,7
53094,7
60769,7
47775,7
58058,7
53463,7
45717,7
34205,7
50217,7
47741,7
48190,7
49778,7
50015,7
50054,7
52881,7
57028,7
58967,7
60727,7
54164,7
45054,7
48332,7
49245,7
50926,7
54584,7
36223,7
46066,7
51912,7
57081,7
3554,7
90360,7
81280,7
81693,7
91923,7
97676,7
94247,7
94583,7
95300,7
96230,7
100664,7
98472,7
77630,7
99147,7
100577,7
100614,7
101804,7
98341,7
57683,7
63028,7
95124,7
77769,7
66368,7
90203,7
17809,7
89412,7
86774,7
77278,7
41674,7
48104,7
79220,7
96943,7
55385,7
56076,7
59602,7
47871,7
61204,7
91306,7
73597,7
66389,7
74222,7
78955,7
79094,7
99867,7
83717,7
55774,7
82732,7
83008,7
76540,7
84409,7
84364,7
84564,7
86154,7
86301,7
87948,7
88450,7
90731,7
91655,7
96222,7
95140,7
92961,7
94226,7
94287,7
97683,7
95649,7
98277,7
100422,7
101675,7
101738,7
70956,7
72310,7
94972,7
70029,7
42504,7
54215,7
52108,7
59712,7
71392,7
75772,7
83528,7
92344,7
91185,7
69172,7
57331,7
82651,7
77839,7
62495,7
43138,7
94956,7
73392,7
54659,7
71269,7
100569,7
66615,7
56328,7
54998,7
66082,7
49139,7
59825,7
82966,7
81317,7
81433,7
96830,7
94318,7
98193,7
77417,7
77928,7
70528,7
41212,7
83885,7
71735,7
50210,7
57978,7
98758,7
56470,7
97581,7
63178,7
63675,7
44428,7
50570,7
53438,7
54730,7
62637,7
66765,7
76881,7
77065,7
65025,7
76059,7
78978,7
81551,7
90042,7
79891,7
64145,7
61398,7
42733,7
87034,7
96604,7
25876,7
79551,7
75228,7
70176,7
54769,7
70300,7
71824,7
79962,7
15785,7
73232,7
64182,7
78921,7
45285,7
59610,7
60968,7
86758,7
11197,7
80786,7
72147,7
73915,7
78881,7
80269,7
57757,7
57707,7
63990,7
56454,7
58088,7
40461,7
66208,7
69908,7
70607,7
78232,7
74059,7
79251,7
95550,7
47774,7
57862,7
73184,7
49935,7
57920,7
50352,7
63183,7
73912,7
68250,7
45779,7
73363,7
30522,7
40823,7
64159,7
75659,7
53048,7
40426,7
52470,7
53367,7
53895,7
56144,7
57552,7
58855,7
60017,7
61560,7
64337,7
67432,7
67563,7
82737,7
39636,7
45734,7
49197,7
46480,7
53280,7
70888,7
57476,7
58556,7
60308,7
61385,7
32914,7
66242,7
68103,7
70494,7
62752,7
73965,7
75233,7
76687,7
79005,7
60361,7
40684,7
56690,7
78387,7
54670,7
19113,7
52005,7
45611,7
13706,7
38164,7
50515,7
61578,7
60340,7
45143,7
37641,7
46969,7
47640,7
50376,7
54289,7
54599,7
42184,7
42013,7
44809,7
46995,7
48396,7
50024,7
51027,7
55192,7
51577,7
49827,7
49948,7
54885,7
47784,7
56651,7
3288,7
9317,7
263,7
407,7
1815,7
2433,7
7338,7
7540,7
8395,7
8905,7
9559,7
13401,7
1304,7
13418,7
3481,7
5848,7
11736,7
13251,7
6058,7
6936,7
8319,7
9552,7
9619,7
11252,7
11266,7
15929,7
16544,7
1925,7
390,7
400,7
8336,7
9620,7
606,7
4716,7
11132,7
16298,7
3907,7
4041,7
2776,7
5825,7
2517,7
3084,7
8530,7
10931,7
11350,7
13878,7
14531,7
15376,7
15536,7
15863,7
15946,7
16248,7
16485,7
19785,7
22296,7
5464,7
7557,7
8144,7
11400,7
11853,7
15821,7
15896,7
16662,7
17778,7
18460,7
21610,7
20010,7
19928,7
20305,7
22528,7
12614,7
21214,7
23377,7
25211,7
25681,7
26000,7
26293,7
11946,7
12605,7
12674,7
24901,7
27463,7
21575,7
17400,7
22612,7
22999,7
23149,7
23393,7
23451,7
23566,7
23601,7
23636,7
23693,7
23963,7
24700,7
24750,7
25120,7
22357,7
22653,7
23124,7
23846,7
19961,7
17097,7
25069,7
28326,7
1370,7
10949,7
22563,7
23870,7
25662,7
28936,7
29457,7
30687,7
32002,7
32285,7
35249,7
38113,7
38448,7
38914,7
39164,7
40389,7
41470,7
43580,7
45883,7
46318,7
9987,7
23602,7
26025,7
25916,7
27647,7
31909,7
32152,7
20112,7
32854,7
33508,7
42854,7
31337,7
34153,7
35181,7
36180,7
38498,7
38608,7
39064,7
40103,7
40280,7
41907,7
44543,7
46116,7
31700,7
39124,7
25546,7
32921,7
43554,7
44453,7
33993,7
36622,7
26819,7
27941,7
32520,7
32963,7
2155,7
35901,7
36355,7
40037,7
40397,7
41965,7
42024,7
25471,7
39960,7
23903,7
21307,7
17967,7
8478,7
22246,7
24540,7
24977,7
34253,7
30843,7
32034,7
36086,7
35952,7
39902,7
41638,7
40522,7
27294,7
98746,7
84085,7
27848,7
47732,7
84797,7
77901,7
27832,7
44493,7
51655,7
79093,7
22722,7
70324,7
71998,7
95976,7
58916,7
83024,7
85182,7
87025,7
86429,7
47295,7
99047,7
97257,7
49268,7
99231,7
96001,7
40623,7
57532,7
47082,7
93966,7
75809,7
77578,7
92266,7
57601,7
78247,7
76990,7
59109,7
98963,7
92860,7
101987,7
75478,7
70667,7
89009,7
61542,7
103889,7
34581,7
75833,7
82537,7
37651,7
82178,7
44636,7
47716,7
47808,7
50039,7
51663,7
53479,7
55240,7
69171,7
73264,7
92709,7
77269,7
77535,7
81034,7
82469,7
63134,7
83376,7
82663,7
96196,7
84545,7
90742,7
87291,7
87743,7
89964,7
91421,7
93272,7
93490,7
94451,7
97714,7
94531,7
96649,7
97804,7
77625,7
103161,7
102994,7
54538,7
55357,7
58509,7
86751,7
44524,7
56372,7
79982,7
86038,7
61798,7
75980,7
93126,7
50973,7
77793,7
75506,7
93393,7
76132,7
97870,7
78595,7
69224,7
71182,7
66504,7
72731,7
93309,7
94032,7
49263,7
46055,7
50471,7
52379,7
76475,7
61831,7
65015,7
73705,7
67008,7
68278,7
92288,7
92302,7
71175,7
78652,7
79356,7
69683,7
75821,7
78259,7
79684,7
89883,7
80083,7
81558,7
64477,7
81794,7
82684,7
84767,7
84079,7
84308,7
84382,7
84633,7
85883,7
86400,7
86634,7
86660,7
88509,7
91015,7
87943,7
91604,7
92412,7
96614,7
96089,7
101288,7
99437,7
98397,7
84844,7
25862,7
87706,7
100524,7
16288,7
97730,7
69175,7
60032,7
65557,7
53160,7
89741,7
96957,7
84642,7
102361,7
83338,7
47384,7
99428,7
64134,7
81146,7
86558,7
49406,7
32012,7
82456,7
36829,7
42565,7
41265,7
72479,7
79709,7
79213,7
80343,7
79941,7
79776,7
104117,7
84516,7
85546,7
87984,7
93803,7
97293,7
90354,7
79189,7
72003,7
84257,7
84424,7
67901,7
44775,7
46583,7
49441,7
88827,7
51783,7
60343,7
60685,7
67006,7
68672,7
72270,7
73159,7
75813,7
81056,7
83354,7
71951,7
72096,7
92056,7
91645,7
95787,7
101472,7
15859,7
77424,7
67042,7
58686,7
10694,7
3684,7
96950,7
64469,7
57856,7
18717,7
47719,7
78399,7
57722,7
72950,7
81037,7
47989,7
57377,7
60293,7
62057,7
63942,7
75364,7
100457,7
98423,7
58266,7
48741,7
52498,7
78191,7
88399,7
74769,7
54790,7
65615,7
54137,7
65682,7
72840,7
47257,7
52681,7
70011,7
64083,7
82148,7
80174,7
35871,7
62871,7
75147,7
56748,7
63985,7
74885,7
46516,7
15775,7
45553,7
45702,7
48541,7
52555,7
57897,7
58317,7
62216,7
62695,7
63503,7
73101,7
29476,7
29142,7
31762,7
61865,7
31400,7
7896,7
40293,7
50480,7
49909,7
52213,7
60276,7
53432,7
60559,7
65674,7
65492,7
72328,7
74785,7
53893,7
41635,7
46256,7
47199,7
55025,7
59045,7
68303,7
44296,7
41835,7
36133,7
57311,7
26314,7
32423,7
37312,7
45692,7
50295,7
51458,7
52481,7
53943,7
39858,7
47301,7
49691,7
39664,7
48884,7
50245,7
50437,7
3366,7
3954,7
99609,7
102848,7
102866,7
14437,7
73717,7
64573,7
75747,7
53179,7
53146,7
82596,7
74932,7
46157,7
88707,7
70467,7
93842,7
93631,7
89719,7
64449,7
92683,7
89419,7
91865,7
99759,7
54719,7
76505,7
68827,7
99081,7
102356,7
84924,7
100097,7
100121,7
88345,7
99625,7
103157,7
97541,7
24768,7
63168,7
60111,7
40944,7
45557,7
46771,7
48511,7
51873,7
102436,7
60514,7
62096,7
64256,7
65505,7
92928,7
66475,7
69779,7
31992,7
73440,7
73816,7
74816,7
74883,7
75764,7
76982,7
53872,7
79781,7
90358,7
85729,7
81949,7
81645,7
84109,7
84656,7
85040,7
50047,7
85845,7
87017,7
88539,7
64373,7
87903,7
94953,7
90610,7
98596,7
99752,7
102053,7
102437,7
46981,7
93799,7
97717,7
22849,7
77185,7
58631,7
66088,7
78707,7
85267,7
97776,7
58655,7
70551,7
76940,7
52645,7
77822,7
98385,7
103670,7
26193,7
29614,7
40768,7
45153,7
49529,7
71838,7
73741,7
75784,7
81436,7
83560,7
84965,7
85853,7
88446,7
101862,7
61812,7
72074,7
36127,7
55020,7
84621,7
52132,7
59449,7
92558,7
57299,7
91448,7
17801,7
50986,7
53096,7
53854,7
64968,7
68491,7
75318,7
84504,7
87602,7
73901,7
94508,7
96442,7
54786,7
48201,7
59303,7
62489,7
38196,7
60364,7
55106,7
78472,7
66189,7
37308,7
38153,7
42914,7
57516,7
65863,7
73190,7
83745,7
96635,7
83158,7
38080,7
67012,7
50065,7
79772,7
77242,7
27624,7
18721,7
75169,7
76311,7
56150,7
58213,7
56083,7
7471,7
51104,7
62648,7
72954,7
39920,7
78841,7
48830,7
53021,7
59987,7
72274,7
62665,7
65880,7
67930,7
35098,7
45015,7
47530,7
50475,7
50627,7
56425,7
56493,7
57274,7
57290,7
57498,7
58640,7
59242,7
59252,7
59608,7
62380,7
63472,7
63896,7
64515,7
65100,7
67338,7
8630,7
25841,7
29438,7
44251,7
45540,7
46175,7
48175,7
48386,7
48529,7
55231,7
58497,7
58648,7
59827,7
60784,7
67020,7
62077,7
62339,7
62699,7
66927,7
70485,7
71515,7
75300,7
68609,7
55612,7
43941,7
45799,7
29397,7
43312,7
55589,7
66013,7
69255,7
58363,7
54970,7
46460,7
29632,7
65762,7
48052,7
57559,7
44157,7
47765,7
1497,7
43277,7
45982,7
48562,7
50022,7
50173,7
50743,7
56317,7
45875,7
46579,7
47842,7
48085,7
29984,7
57020,7
57230,7
55881,7
48545,7
54099,7
1035,7
393,8
477,8
3938,8
4117,8
5962,8
9630,8
12269,8
6161,8
8056,8
13256,8
5400,8
11530,8
1526,8
6747,8
7913,8
8315,8
8575,8
9120,8
9572,8
13069,8
7744,8
12567,8
16791,8
2168,8
2570,8
4679,8
5845,8
3946,8
4596,8
5946,8
4046,8
1835,8
1072,8
84,8
3065,8
6847,8
8457,8
13480,8
14059,8
16548,8
22767,8
8634,8
9196,8
13749,8
15188,8
16666,8
18276,8
18802,8
19738,8
20310,8
20175,8
18449,8
10364,8
13297,8
21714,8
25410,8
26079,8
17295,8
25659,8
18758,8
21051,8
26712,8
27200,8
27551,8
27660,8
18716,8
9438,8
9490,8
12541,8
13281,8
19697,8
22953,8
23111,8
23154,8
23572,8
25089,8
27016,8
27032,8
27147,8
28062,8
6670,8
25609,8
480,8
28574,8
23237,8
27367,8
7300,8
8534,8
22574,8
29695,8
30576,8
31905,8
34770,8
35269,8
35419,8
35639,8
35645,8
35863,8
37469,8
38402,8
42968,8
26565,8
33721,8
14794,8
23999,8
22251,8
36030,8
28982,8
14584,8
29972,8
30433,8
31502,8
32874,8
22929,8
33922,8
34276,8
6992,8
35386,8
36226,8
29620,8
41499,8
40334,8
40459,8
41374,8
42933,8
42019,8
43742,8
44011,8
28406,8
33285,8
42195,8
27307,8
23723,8
29534,8
31133,8
8341,8
29024,8
37923,8
42432,8
44766,8
45812,8
18742,8
23120,8
32079,8
34308,8
38770,8
44984,8
87297,8
90863,8
83119,8
46021,8
66554,8
13883,8
94798,8
97360,8
39488,8
69793,8
70497,8
61899,8
62872,8
69317,8
80644,8
93209,8
71801,8
83715,8
89248,8
91317,8
72312,8
91561,8
90338,8
100191,8
100335,8
102194,8
102852,8
64612,8
67667,8
75760,8
59714,8
103850,8
62878,8
78434,8
83245,8
60016,8
77197,8
84173,8
47812,8
95210,8
102285,8
102250,8
77898,8
99297,8
36065,8
85145,8
90036,8
51099,8
58382,8
70515,8
59545,8
50252,8
59808,8
60435,8
60618,8
67511,8
69308,8
70480,8
70891,8
73736,8
73680,8
75914,8
78000,8
76568,8
83909,8
87876,8
89910,8
9259,8
2614,8
3956,8
4751,8
6545,8
12402,8
5993,8
6619,8
10625,8
13618,8
890,8
1331,8
3457,8
4133,8
9135,8
10086,8
7974,8
8342,8
9910,8
12851,8
13676,8
13923,8
14373,8
15550,8
15605,8
136,8
4040,8
8350,8
14667,8
17837,8
14264,8
10245,8
10481,8
14296,8
17876,8
4207,8
4895,8
6477,8
3221,8
1670,8
2367,8
8618,8
13947,8
14347,8
21020,8
21889,8
8710,8
9285,8
9584,8
15865,8
17887,8
18718,8
21687,8
5229,8
8368,8
13513,8
21424,8
22464,8
26492,8
26495,8
11944,8
17834,8
22765,8
7081,8
7924,8
22136,8
23169,8
25016,8
26434,8
28016,8
28195,8
7780,8
24735,8
26584,8
28124,8
10405,8
10715,8
12246,8
12733,8
22081,8
23897,8
28106,8
17254,8
23180,8
24102,8
24131,8
24475,8
24800,8
25565,8
25896,8
25993,8
26290,8
26481,8
28837,8
29349,8
29738,8
31281,8
32986,8
34957,8
37225,8
38517,8
40131,8
40900,8
44062,8
45108,8
11768,8
13319,8
15823,8
16555,8
29478,8
23030,8
22657,8
29433,8
28366,8
35099,8
29770,8
30476,8
31956,8
32578,8
33341,8
35724,8
35732,8
33640,8
36696,8
37932,8
37708,8
40748,8
37995,8
42101,8
43933,8
45662,8
22857,8
23994,8
24076,8
28161,8
37873,8
3943,8
15297,8
32829,8
37527,8
38580,8
40168,8
39860,8
39650,8
45667,8
44826,8
2107,8
6309,8
22262,8
29720,8
34294,8
19721,8
40483,8
41615,8
44637,8
44962,8
56978,8
87340,8
90146,8
77161,8
85776,8
96734,8
99774,8
87382,8
59221,8
77739,8
51300,8
56626,8
68837,8
72240,8
54821,8
73312,8
74528,8
92343,8
92729,8
96994,8
98657,8
73341,8
101230,8
101017,8
101863,8
101903,8
102791,8
69441,8
94795,8
102170,8
82392,8
79926,8
80286,8
86972,8
87156,8
87051,8
89778,8
64441,8
68306,8
38029,8
38252,8
38454,8
90393,8
81295,8
46405,8
41476,8
43712,8
99322,8
51277,8
50766,8
89216,8
77905,8
53828,8
60065,8
60189,8
81158,8
70918,8
73112,8
75382,8
79715,8
80816,8
82954,8
84484,8
86413,8
86465,8
1600,8
3957,8
6208,8
12306,8
395,8
4258,8
7411,8
7492,8
9525,8
10595,8
13220,8
16373,8
3897,8
5666,8
7857,8
11533,8
13764,8
3072,8
14695,8
2626,8
7910,8
4715,8
7613,8
8535,8
14543,8
3934,8
5774,8
8367,8
9268,8
6636,8
10787,8
12726,8
3064,8
4707,8
5957,8
4678,8
3516,8
2166,8
1753,8
11756,8
12343,8
13373,8
13486,8
14582,8
18509,8
18858,8
19547,8
20038,8
9754,8
10124,8
14842,8
18714,8
19683,8
22950,8
19389,8
4841,8
8903,8
23176,8
23707,8
23840,8
25850,8
28212,8
7140,8
20143,8
24613,8
10443,8
22947,8
22994,8
23496,8
28065,8
19221,8
21053,8
22497,8
27495,8
16564,8
24248,8
25038,8
23226,8
23641,8
23987,8
24547,8
25587,8
25650,8
26044,8
30888,8
31503,8
32658,8
34456,8
35042,8
35481,8
39641,8
43338,8
43826,8
9202,8
19673,8
39016,8
22795,8
22811,8
34185,8
25745,8
26023,8
25348,8
27335,8
27753,8
30930,8
33536,8
33783,8
33894,8
36406,8
37801,8
38025,8
38810,8
15199,8
21386,8
39087,8
42470,8
41787,8
42512,8
44709,8
38820,8
37899,8
12629,8
30980,8
35862,8
25800,8
29734,8
29787,8
30891,8
34172,8
34078,8
37066,8
43193,8
36831,8
27416,8
42948,8
32333,8
35006,8
36716,8
42979,8
71727,8
83880,8
73413,8
77740,8
74984,8
70901,8
71019,8
85110,8
94320,8
100464,8
90084,8
97358,8
22535,8
78653,8
41580,8
49533,8
100861,8
68489,8
55255,8
52237,8
60960,8
87412,8
87525,8
80403,8
79283,8
89882,8
96838,8
89380,8
89764,8
93718,8
93340,8
90266,8
93944,8
93936,8
95715,8
93182,8
86367,8
97855,8
58308,8
85512,8
92914,8
92749,8
20392,8
81795,8
93815,8
83612,8
84133,8
89717,8
82611,8
72052,8
76971,8
53375,8
39176,8
57363,8
74353,8
30632,8
35570,8
37851,8
40208,8
45674,8
47797,8
48619,8
51853,8
86406,8
54906,8
56231,8
60198,8
60062,8
65086,8
63775,8
64560,8
69366,8
70452,8
74516,8
28669,8
79954,8
80337,8
80794,8
87678,8
86041,8
89605,8
90482,8
92077,8
93580,8
93488,8
94214,8
94687,8
94474,8
99485,8
99309,8
103130,8
102544,8
78651,8
69530,8
60583,8
56195,8
70550,8
85566,8
57971,8
14028,8
85088,8
80830,8
76194,8
93094,8
96150,8
23017,8
45559,8
43909,8
50821,8
53028,8
54705,8
90272,8
59493,8
65744,8
70330,8
86841,8
73247,8
74084,8
75665,8
78541,8
80932,8
84423,8
84801,8
85742,8
87038,8
88200,8
90784,8
90895,8
92579,8
96411,8
97144,8
94230,8
97903,8
96760,8
98605,8
92834,8
97078,8
97845,8
101482,8
104333,8
50078,8
64493,8
99845,8
75749,8
89240,8
82437,8
44865,8
50795,8
103721,8
71041,8
58142,8
67433,8
67436,8
90414,8
95801,8
98437,8
86872,8
76402,8
97832,8
61976,8
31089,8
48539,8
99248,8
35404,8
44621,8
44400,8
48899,8
59677,8
70516,8
48844,8
37860,8
85731,8
95057,8
92524,8
73703,8
60567,8
64992,8
64055,8
69983,8
79513,8
89400,8
84190,8
56298,8
23075,8
47168,8
65331,8
51786,8
72700,8
79828,8
76520,8
84649,8
84909,8
86854,8
93223,8
103548,8
51849,8
47583,8
25455,8
43854,8
102479,8
57217,8
54926,8
65865,8
75845,8
54742,8
56132,8
78596,8
73640,8
68364,8
49070,8
9997,8
50364,8
48668,8
64517,8
16516,8
36178,8
46629,8
40291,8
80123,8
83316,8
42894,8
49397,8
68774,8
76068,8
68540,8
73002,8
52676,8
54553,8
26132,8
11626,8
69084,8
53034,8
48090,8
54527,8
39183,8
58194,8
58328,8
61619,8
62604,8
63760,8
69749,8
34688,8
57002,8
37448,8
58830,8
50372,8
53231,8
55570,8
55683,8
57480,8
57898,8
59929,8
60365,8
60793,8
61480,8
62680,8
68569,8
68603,8
71954,8
74930,8
64672,8
69823,8
30229,8
50958,8
60173,8
40664,8
59884,8
58904,8
50367,8
44405,8
61577,8
47399,8
49702,8
49965,8
51447,8
51510,8
53413,8
41103,8
41297,8
30934,8
53623,8
36499,8
45804,8
2992,8
4592,8
76960,8
96307,8
93214,8
93973,8
96318,8
99371,8
100976,8
60750,8
31513,8
82141,8
58251,8
58944,8
73907,8
64292,8
92216,8
87163,8
91705,8
65372,8
43377,8
91004,8
84685,8
23344,8
66870,8
97255,8
73032,8
96483,8
95479,8
13433,8
69203,8
77896,8
31366,8
94717,8
41015,8
48346,8
49464,8
48506,8
92859,8
52013,8
102438,8
60726,8
59520,8
59888,8
65314,8
74214,8
73353,8
67369,8
77925,8
91516,8
84627,8
86191,8
42738,8
83754,8
85286,8
87136,8
86086,8
87961,8
88348,8
88027,8
64172,8
74603,8
74600,8
89346,8
93442,8
93416,8
93768,8
70848,8
76779,8
95135,8
93673,8
95366,8
96054,8
82488,8
95797,8
101617,8
101667,8
103804,8
79443,8
69030,8
53200,8
102237,8
94133,8
84270,8
88624,8
89864,8
101980,8
45721,8
80172,8
97602,8
38663,8
81372,8
86761,8
73205,8
22355,8
36961,8
43167,8
46874,8
80025,8
82031,8
83796,8
87139,8
77409,8
101909,8
28954,8
53514,8
57576,8
72817,8
8590,8
32262,8
59749,8
47582,8
48932,8
49443,8
84112,8
70115,8
69811,8
76879,8
75585,8
93521,8
63012,8
55926,8
49908,8
11305,8
47345,8
66510,8
87097,8
80629,8
95061,8
29613,8
92838,8
57334,8
57447,8
58324,8
65464,8
66069,8
75530,8
73676,8
84047,8
39581,8
45724,8
60513,8
65474,8
43724,8
62989,8
44275,8
55019,8
61380,8
63091,8
71471,8
72055,8
39349,8
96583,8
99636,8
72593,8
53203,8
35573,8
52725,8
57132,8
73573,8
33620,8
38513,8
50765,8
61107,8
56764,8
38684,8
39286,8
50507,8
37276,8
53713,8
63036,8
29537,8
29545,8
46409,8
49546,8
56323,8
58947,8
64618,8
67693,8
69240,8
70247,8
72063,8
72715,8
75912,8
23089,8
55535,8
43913,8
45821,8
51333,8
60324,8
67122,8
69353,8
67824,8
67827,8
67701,8
53132,8
40928,8
60540,8
46992,8
57636,8
61707,8
56717,8
52297,8
44391,8
48202,8
48430,8
49898,8
52533,8
52891,8
27918,8
49895,8
51974,8
56357,8
58997,8
56042,8
39168,8
3813,8
8217,8
1463,8
2616,8
4364,8
4416,8
7950,8
9736,8
10698,8
14275,8
3899,8
6743,8
8520,8
9200,8
9324,8
10479,8
11577,8
11829,8
13341,8
16325,8
13016,8
7079,8
11904,8
1144,8
859,8
2408,8
3949,8
2834,8
6092,8
10537,8
15840,8
4709,8
2590,8
3085,8
3160,8
1244,8
7238,8
15551,8
16645,8
17819,8
20011,8
21845,8
27531,8
1882,8
17247,8
22500,8
26493,8
16728,8
20806,8
22604,8
22545,8
24607,8
26528,8
26650,8
27211,8
27581,8
28126,8
28135,8
24146,8
11433,8
17926,8
19022,8
23383,8
25697,8
8629,8
12131,8
14631,8
28310,8
12255,8
24876,8
23056,8
23794,8
23879,8
23921,8
25270,8
25473,8
26207,8
28386,8
33851,8
35642,8
35667,8
42065,8
42610,8
19902,8
20314,8
26869,8
28175,8
28293,8
33424,8
34187,8
29455,8
36858,8
37324,8
38532,8
39275,8
40120,8
40481,8
41572,8
38163,8
43236,8
42627,8
43899,8
43958,8
44352,8
46420,8
29674,8
27489,8
27756,8
32672,8
37828,8
14029,8
30144,8
22013,8
34328,8
34555,8
35927,8
38146,8
41587,8
42242,8
41915,8
44234,8
36103,8
33148,8
39995,8
45455,8
38364,8
39499,8
82285,8
90542,8
89956,8
54167,8
67404,8
63643,8
52375,8
60229,8
91297,8
58203,8
76388,8
6509,8
47715,8
66257,8
50684,8
41664,8
71658,8
70106,8
72895,8
55173,8
68266,8
101005,8
84169,8
86212,8
88329,8
95054,8
96595,8
100289,8
102238,8
79680,8
81428,8
88630,8
40273,8
84143,8
101894,8
103837,8
63978,8
81219,8
62488,8
76831,8
90241,8
82278,8
64246,8
98620,8
79136,8
61109,8
103769,8
87862,8
92383,8
86495,8
39384,8
43296,8
45664,8
34296,8
49946,8
51721,8
61642,8
72291,8
90400,8
73139,8
78748,8
78204,8
78648,8
81210,8
81595,8
83636,8
84764,8
85652,8
86489,8
88168,8
89150,8
89669,8
89923,8
49048,8
95415,8
85115,8
88426,8
95343,8
95571,8
94831,8
101984,8
78635,8
101069,8
101588,8
102591,8
65607,8
44994,8
59822,8
66866,8
86165,8
95134,8
66245,8
80234,8
75581,8
92588,8
99101,8
89900,8
74006,8
55642,8
25778,8
68513,8
40895,8
40905,8
48700,8
60913,8
54531,8
53023,8
59503,8
62108,8
64351,8
65215,8
65784,8
94757,8
67208,8
68990,8
68705,8
68580,8
71495,8
80703,8
71774,8
74803,8
74315,8
75388,8
77675,8
85689,8
79248,8
68312,8
85656,8
81340,8
64705,8
81802,8
83421,8
85051,8
42113,8
76140,8
85523,8
86886,8
88385,8
64184,8
90488,8
89992,8
91946,8
91752,8
92807,8
95126,8
95411,8
96446,8
15984,8
93679,8
68497,8
91198,8
58342,8
58468,8
62897,8
70028,8
71318,8
83647,8
13891,8
98414,8
102293,8
84634,8
75787,8
72044,8
79574,8
65826,8
80392,8
92924,8
67309,8
68956,8
80201,8
86292,8
59646,8
79880,8
99002,8
100952,8
54856,8
59613,8
39128,8
83639,8
60475,8
96724,8
63013,8
54363,8
84315,8
58744,8
34283,8
38668,8
83522,8
48867,8
61299,8
63097,8
71936,8
93621,8
74809,8
82121,8
81691,8
73225,8
84550,8
64175,8
90245,8
94354,8
92105,8
77684,8
85187,8
61432,8
35496,8
42489,8
61512,8
70037,8
71167,8
35930,8
89723,8
52571,8
43709,8
61665,8
63606,8
93251,8
47511,8
24034,8
51109,8
39629,8
65624,8
76929,8
72639,8
37755,8
42262,8
55902,8
64494,8
71452,8
16203,8
47593,8
50564,8
48079,8
64620,8
52096,8
77666,8
53719,8
49196,8
57378,8
49347,8
45409,8
49877,8
55374,8
60518,8
61289,8
61332,8
62040,8
63113,8
66763,8
61539,8
29484,8
53743,8
48499,8
51491,8
52120,8
52690,8
54480,8
58233,8
73060,8
70178,8
71750,8
54020,8
77139,8
80545,8
58871,8
18309,8
19303,8
49415,8
49716,8
50899,8
53168,8
63442,8
54060,8
59621,8
53143,8
63892,8
53058,8
32824,8
36141,8
39740,8
45829,8
46483,8
48081,8
48390,8
49807,8
50170,8
50378,8
50781,8
43038,8
38090,8
41802,8
51651,8
50605,8
50849,8
3106,8
98318,8
102687,8
57131,8
34904,8
57416,8
73758,8
65569,8
57542,8
84756,8
82989,8
45647,8
98035,8
99224,8
75202,8
64582,8
100881,8
43295,8
37291,8
63167,8
49596,8
54399,8
56746,8
47757,8
59075,8
59183,8
56435,8
53103,8
51688,8
64238,8
68945,8
69713,8
70543,8
78538,8
73642,8
77325,8
76973,8
77133,8
80197,8
64682,8
85559,8
83032,8
83074,8
73079,8
83006,8
93524,8
85049,8
85258,8
85988,8
89938,8
90843,8
92577,8
92767,8
91380,8
55004,8
99283,8
95447,8
79928,8
94518,8
97641,8
70920,8
97759,8
100511,8
101525,8
104290,8
71438,8
73791,8
46704,8
77168,8
55749,8
55855,8
86706,8
40607,8
89351,8
91279,8
97967,8
98129,8
99107,8
79410,8
59474,8
73265,8
64407,8
53353,8
75049,8
54896,8
63320,8
101786,8
38691,8
45975,8
49720,8
53873,8
65354,8
60842,8
73338,8
79629,8
77536,8
79519,8
82529,8
83090,8
94618,8
95079,8
100789,8
45965,8
82387,8
72476,8
73708,8
59917,8
58983,8
27968,8
34395,8
47262,8
72997,8
79326,8
79738,8
50116,8
97131,8
38674,8
73507,8
67313,8
68365,8
9517,8
102982,8
76565,8
78154,8
78798,8
82636,8
86596,8
90786,8
92568,8
97265,8
97692,8
101944,8
55037,8
52065,8
67581,8
77017,8
95992,8
46529,8
67594,8
29254,8
36964,8
42578,8
43471,8
50970,8
57348,8
65853,8
72117,8
80924,8
37719,8
55335,8
55648,8
61218,8
75368,8
73230,8
78792,8
82545,8
97624,8
98939,8
101618,8
77209,8
33583,8
63077,8
18821,8
75025,8
70341,8
59416,8
29616,8
72283,8
43907,8
44259,8
49107,8
25035,8
58060,8
47632,8
54779,8
72953,8
65404,8
42342,8
45949,8
32880,8
55463,8
44427,8
59500,8
62390,8
42199,8
42106,8
33249,8
38429,8
48184,8
50391,8
50996,8
51302,8
56226,8
59318,8
59491,8
60129,8
60429,8
61303,8
64004,8
64021,8
65176,8
71738,8
63017,8
31773,8
37021,8
23081,8
45974,8
52919,8
54903,8
66399,8
72903,8
61742,8
63127,8
63693,8
64095,8
66593,8
66928,8
70560,8
70744,8
72023,8
36129,8
76404,8
68424,8
30276,8
48597,8
55197,8
56509,8
63811,8
66826,8
35389,8
49032,8
50348,8
57970,8
58775,8
59785,8
47825,8
52299,8
52619,8
47363,8
28183,8
56260,8
54000,8
42410,8
45203,8
47099,8
48420,8
50241,8
51856,8
52660,8
52886,8
53206,8
53605,8
56217,8
35047,8
51003,8
49804,8
47178,8
48872,8
48965,8
53070,8
47807,8
210,9
821,9
3476,9
4201,9
6194,9
8909,9
9982,9
11104,9
13581,9
6461,9
864,9
15155,9
15926,9
3911,9
4645,9
5996,9
7709,9
7979,9
8273,9
9219,9
11088,9
11188,9
11891,9
15631,9
16128,9
16135,9
16202,9
3291,9
3803,9
5231,9
8063,9
10001,9
15063,9
2898,9
3819,9
4662,9
4989,9
6178,9
1399,9
5736,9
4251,9
4587,9
7333,9
8557,9
13456,9
14551,9
15968,9
16303,9
18014,9
19454,9
20818,9
17555,9
20793,9
20419,9
21397,9
19941,9
20116,9
13272,9
12177,9
12660,9
12744,9
17260,9
17261,9
20266,9
22649,9
23279,9
24795,9
25625,9
24813,9
8928,9
19907,9
22819,9
22912,9
23036,9
23077,9
23808,9
23932,9
25022,9
25594,9
27988,9
21052,9
22452,9
27553,9
8651,9
11790,9
18632,9
22250,9
23563,9
23579,9
24074,9
24529,9
25945,9
26882,9
31125,9
34804,9
38627,9
41759,9
2553,9
14501,9
14286,9
39018,9
23605,9
32181,9
28305,9
31368,9
31694,9
33521,9
33402,9
33963,9
35596,9
35495,9
36485,9
36892,9
37403,9
37646,9
39663,9
39808,9
40686,9
42791,9
20333,9
15080,9
6965,9
15279,9
14751,9
29199,9
32458,9
34735,9
39916,9
46113,9
30966,9
22090,9
23447,9
42406,9
44230,9
41483,9
62519,9
89926,9
63239,9
74047,9
79424,9
51348,9
86366,9
84952,9
11959,9
56681,9
84331,9
77907,9
77173,9
49179,9
93192,9
63079,9
89315,9
72103,9
73143,9
77634,9
75355,9
81432,9
61366,9
65407,9
89951,9
90379,9
85806,9
92478,9
52756,9
68286,9
74358,9
71352,9
79389,9
77447,9
78117,9
102575,9
51532,9
48750,9
75856,9
81457,9
70096,9
43676,9
30939,9
86475,9
98708,9
27870,9
100151,9
43232,9
72747,9
79592,9
79591,9
32634,9
52957,9
37486,9
43056,9
44489,9
52462,9
59898,9
64386,9
96395,9
69594,9
95352,9
71375,9
87698,9
77548,9
79073,9
89817,9
83397,9
83933,9
66311,9
87925,9
10233,9
1318,9
3649,9
877,9
4383,9
4516,9
7491,9
10107,9
10236,9
11106,9
11190,9
11385,9
6642,9
7472,9
12305,9
14154,9
832,9
2622,9
7197,9
8137,9
8229,9
9605,9
15406,9
16797,9
1423,9
1712,9
3139,9
3922,9
8854,9
6427,9
8287,9
8625,9
13469,9
5683,9
630,9
2052,9
1696,9
1846,9
8631,9
9658,9
17025,9
18781,9
19382,9
20291,9
21763,9
21871,9
22977,9
5585,9
10276,9
12977,9
18760,9
19002,9
19041,9
21369,9
20058,9
16923,9
27239,9
12985,9
19104,9
23708,9
26358,9
27439,9
27901,9
21359,9
22514,9
22996,9
24622,9
27218,9
28324,9
112,9
23873,9
25704,9
26871,9
18255,9
24089,9
26248,9
23419,9
25504,9
25670,9
28958,9
34623,9
35905,9
38278,9
38557,9
38923,9
38996,9
39033,9
39939,9
40388,9
42295,9
20954,9
11432,9
16529,9
17979,9
22152,9
25686,9
27504,9
27953,9
29170,9
30116,9
34071,9
34533,9
36331,9
36675,9
37687,9
37816,9
37301,9
39687,9
39314,9
40409,9
41686,9
46642,9
31625,9
36667,9
36902,9
40288,9
26182,9
21246,9
33903,9
36184,9
38089,9
39511,9
22930,9
26897,9
34281,9
37372,9
37427,9
37834,9
45980,9
92527,9
20223,9
47336,9
100817,9
83548,9
66193,9
89655,9
52233,9
27854,9
51194,9
46613,9
66511,9
71959,9
87529,9
60294,9
85345,9
85080,9
81308,9
51311,9
88423,9
92369,9
95522,9
100673,9
100718,9
82376,9
61700,9
61344,9
90735,9
98526,9
94290,9
68309,9
58607,9
36210,9
37826,9
43323,9
45092,9
50592,9
71404,9
55904,9
64963,9
66727,9
68947,9
70711,9
78536,9
76331,9
79665,9
80291,9
81368,9
81807,9
82463,9
81673,9
82082,9
82983,9
83329,9
84825,9
85327,9
85718,9
88520,9
8154,9
8635,9
8877,9
3653,9
7469,9
93,9
2621,9
4350,9
4618,9
4704,9
6562,9
7177,9
8764,9
9415,9
10053,9
11210,9
14356,9
17389,9
3461,9
3561,9
12061,9
12721,9
3086,9
4731,9
6526,9
7022,9
8887,9
9173,9
13328,9
6253,9
9305,9
12716,9
382,9
4896,9
3196,9
4023,9
4334,9
7366,9
10658,9
11706,9
12950,9
13877,9
17710,9
17933,9
18517,9
20075,9
20593,9
21045,9
21076,9
21082,9
21712,9
22638,9
22651,9
22900,9
18335,9
9667,9
11872,9
13538,9
15233,9
18690,9
20012,9
19927,9
11241,9
13170,9
17245,9
18861,9
19105,9
20929,9
23924,9
21948,9
479,9
5306,9
23362,9
24295,9
26817,9
13228,9
17849,9
21365,9
23512,9
24090,9
24720,9
17484,9
22481,9
18735,9
28262,9
10503,9
27183,9
24867,9
31897,9
34322,9
34903,9
35145,9
35523,9
35670,9
37999,9
41960,9
28312,9
9562,9
8493,9
8858,9
27860,9
23289,9
23378,9
24198,9
25043,9
10359,9
26820,9
28720,9
29521,9
32325,9
33161,9
33920,9
35497,9
34440,9
35079,9
35447,9
35791,9
37063,9
38119,9
38240,9
38553,9
39447,9
41669,9
41624,9
42281,9
43587,9
44433,9
44517,9
45837,9
21126,9
23644,9
37570,9
44194,9
45934,9
23667,9
26189,9
36251,9
38692,9
42536,9
42649,9
24140,9
10585,9
11659,9
15853,9
28632,9
41364,9
41553,9
84845,9
93266,9
51106,9
21310,9
97513,9
98188,9
78101,9
86787,9
57166,9
101226,9
80266,9
31266,9
40051,9
93568,9
71437,9
74637,9
75052,9
79351,9
69584,9
69719,9
83399,9
93261,9
85496,9
88008,9
89393,9
99095,9
94260,9
94975,9
58177,9
101856,9
103050,9
97350,9
82982,9
63502,9
83930,9
95668,9
104397,9
57098,9
54079,9
49640,9
42152,9
88482,9
69337,9
30149,9
75128,9
82112,9
46168,9
54126,9
52263,9
42992,9
57095,9
57631,9
60277,9
93526,9
70150,9
63049,9
80361,9
54055,9
66631,9
69185,9
77194,9
83631,9
78613,9
79023,9
83205,9
83147,9
83788,9
85541,9
84624,9
84256,9
87409,9
90367,9
90616,9
91118,9
94021,9
91630,9
88407,9
99109,9
101232,9
99327,9
100962,9
104296,9
105345,9
71357,9
51471,9
75534,9
58215,9
70117,9
84862,9
71294,9
85209,9
49227,9
73756,9
99810,9
85332,9
98257,9
55636,9
103910,9
72889,9
22815,9
100442,9
28821,9
31588,9
51102,9
50879,9
89965,9
56085,9
59077,9
60210,9
63019,9
62483,9
63053,9
64086,9
64950,9
66892,9
92217,9
68537,9
68563,9
92637,9
74155,9
59598,9
76239,9
50064,9
64701,9
83582,9
83868,9
84237,9
85721,9
88775,9
90795,9
91005,9
92766,9
93772,9
94340,9
97677,9
77824,9
93181,9
90070,9
96647,9
66170,9
54576,9
86935,9
64806,9
80651,9
81518,9
77011,9
80659,9
45155,9
95433,9
47483,9
52380,9
74523,9
68393,9
82857,9
88496,9
95546,9
98589,9
73154,9
64554,9
87810,9
69207,9
43163,9
52774,9
70469,9
80756,9
80777,9
72125,9
73062,9
76473,9
72986,9
76591,9
88704,9
92761,9
99361,9
103731,9
58885,9
59695,9
65988,9
73921,9
96045,9
37847,9
50758,9
59640,9
40785,9
45389,9
58901,9
72981,9
100392,9
77642,9
65000,9
71231,9
44794,9
57932,9
82339,9
80136,9
62890,9
61421,9
57370,9
62727,9
68498,9
40832,9
50046,9
21125,9
51047,9
59971,9
63986,9
65344,9
65563,9
70897,9
79366,9
80005,9
42939,9
43610,9
50114,9
57015,9
51949,9
59360,9
66638,9
66900,9
67681,9
67710,9
60349,9
72440,9
73383,9
76625,9
78656,9
45378,9
48292,9
59006,9
44576,9
46345,9
50955,9
52482,9
52808,9
55699,9
49489,9
52761,9
51221,9
49594,9
88469,9
79593,9
97791,9
75978,9
92799,9
92728,9
101791,9
85113,9
95726,9
101268,9
103455,9
81075,9
73773,9
69077,9
49882,9
70662,9
83373,9
56052,9
79049,9
97563,9
49134,9
92783,9
91077,9
95526,9
53283,9
81204,9
101276,9
15278,9
68055,9
61417,9
32078,9
43887,9
47492,9
53391,9
53267,9
87050,9
60138,9
61291,9
64760,9
71248,9
93101,9
72029,9
76238,9
65630,9
78046,9
53979,9
84432,9
79816,9
72961,9
99276,9
74666,9
86516,9
88763,9
90833,9
89533,9
91051,9
100446,9
91661,9
94817,9
92667,9
96204,9
95789,9
95975,9
96557,9
95784,9
81278,9
78093,9
99560,9
100834,9
99103,9
99754,9
67500,9
90628,9
86011,9
59673,9
78469,9
93164,9
97818,9
68242,9
74490,9
82784,9
99938,9
89869,9
94675,9
83707,9
82995,9
95045,9
73132,9
36726,9
38145,9
45963,9
56507,9
60608,9
83667,9
63510,9
98924,9
78303,9
90791,9
75888,9
24421,9
81970,9
41727,9
61741,9
63477,9
67806,9
92310,9
80726,9
64216,9
46548,9
87417,9
87958,9
93894,9
56851,9
45627,9
37163,9
77938,9
81543,9
82272,9
69256,9
31665,9
67227,9
46031,9
56985,9
48036,9
52825,9
64967,9
56727,9
32645,9
38940,9
91311,9
64513,9
91001,9
79869,9
64429,9
20517,9
51257,9
71324,9
60245,9
64308,9
47385,9
60899,9
22611,9
58487,9
49147,9
37670,9
45072,9
42943,9
47837,9
68310,9
44822,9
53119,9
75580,9
43530,9
53014,9
60839,9
45545,9
44557,9
47016,9
50609,9
51341,9
58868,9
60571,9
62332,9
65924,9
66520,9
66972,9
72407,9
74645,9
51228,9
56793,9
56079,9
63018,9
64405,9
67424,9
66549,9
72643,9
70838,9
60965,9
74824,9
75055,9
77782,9
45382,9
48328,9
54809,9
59154,9
61427,9
52749,9
42286,9
44806,9
50672,9
52888,9
54013,9
47201,9
51666,9
34995,9
51727,9
40043,9
43810,9
30941,9
49593,9
55661,9
1039,9
3464,9
7799,9
7203,9
8563,9
11802,9
12164,9
4491,9
7531,9
8152,9
11778,9
13737,9
14004,9
1210,9
2623,9
3805,9
4801,9
6792,9
6996,9
8829,9
12130,9
13066,9
14671,9
14991,9
16079,9
17030,9
6401,9
4458,9
6084,9
9743,9
8955,9
18052,9
6182,9
4743,9
8227,9
9184,9
12714,9
18864,9
3639,9
1456,9
1865,9
5135,9
5548,9
1823,9
415,9
331,9
16804,9
17013,9
17735,9
18019,9
18237,9
19367,9
19818,9
21132,9
901,9
8897,9
12097,9
12781,9
13955,9
14841,9
18136,9
17240,9
16653,9
16661,9
21660,9
13275,9
14840,9
24104,9
24230,9
24776,9
24995,9
25966,9
26226,9
26570,9
10370,9
18947,9
14438,9
21836,9
24589,9
25605,9
18503,9
17709,9
22620,9
23828,9
23972,9
24155,9
24297,9
25370,9
25756,9
27261,9
27749,9
28277,9
24624,9
26001,9
26562,9
17080,9
24097,9
25655,9
23401,9
23878,9
25806,9
25814,9
25948,9
27312,9
29036,9
30327,9
33156,9
35516,9
36171,9
41059,9
41898,9
44905,9
14471,9
37366,9
22630,9
23367,9
23988,9
25849,9
25941,9
29732,9
28376,9
28662,9
29773,9
34163,9
34297,9
35123,9
35759,9
35582,9
36673,9
37844,9
37911,9
39065,9
40147,9
40902,9
36851,9
23912,9
29046,9
22856,9
24951,9
36154,9
40800,9
22998,9
23652,9
29580,9
35063,9
30486,9
35725,9
22536,9
22671,9
35953,9
17836,9
17869,9
22054,9
27280,9
35390,9
35457,9
38137,9
33106,9
42419,9
43756,9
40424,9
74311,9
99407,9
77772,9
82839,9
53814,9
74027,9
9393,9
82486,9
89571,9
42754,9
12571,9
102164,9
53589,9
60103,9
61403,9
66509,9
72502,9
76462,9
74923,9
73314,9
71788,9
58471,9
84278,9
95675,9
95508,9
97013,9
100604,9
104298,9
90659,9
80120,9
71105,9
87461,9
51063,9
84865,9
55873,9
29641,9
84395,9
86142,9
90684,9
86514,9
95909,9
63583,9
87753,9
84939,9
93456,9
44024,9
46871,9
59801,9
64155,9
69288,9
73281,9
84126,9
79226,9
81688,9
82706,9
90138,9
92459,9
95223,9
94422,9
94055,9
94850,9
92714,9
79811,9
97143,9
98768,9
101765,9
78417,9
62369,9
84911,9
43710,9
53850,9
55365,9
89196,9
71126,9
68362,9
58267,9
75634,9
99748,9
84659,9
91242,9
67893,9
99646,9
43434,9
45383,9
75939,9
68245,9
90227,9
58057,9
47476,9
88560,9
33210,9
52346,9
56271,9
56481,9
64812,9
65750,9
69351,9
48876,9
67141,9
77658,9
80670,9
73561,9
75063,9
93000,9
77674,9
78283,9
78260,9
79089,9
78720,9
82291,9
86001,9
85698,9
86225,9
88726,9
89339,9
89809,9
90134,9
93116,9
94598,9
98275,9
100134,9
62023,9
44095,9
5334,9
49138,9
45443,9
51075,9
90521,9
94530,9
94967,9
89909,9
84139,9
72472,9
76843,9
51498,9
44120,9
99806,9
51969,9
46875,9
82308,9
50127,9
59715,9
64737,9
79674,9
79339,9
80501,9
89581,9
88451,9
44707,9
72220,9
83001,9
51083,9
86098,9
47693,9
43988,9
100666,9
50722,9
74057,9
85204,9
31024,9
72095,9
77549,9
56589,9
67091,9
67200,9
82716,9
83371,9
85681,9
90840,9
95603,9
100818,9
67536,9
60260,9
54966,9
55868,9
74484,9
48825,9
63483,9
46466,9
17680,9
47427,9
62283,9
69026,9
66890,9
92940,9
57469,9
57731,9
59470,9
70312,9
56976,9
46048,9
51108,9
56011,9
35261,9
67427,9
63056,9
48356,9
73980,9
57881,9
59229,9
52070,9
56130,9
59054,9
59070,9
59113,9
59487,9
60333,9
61213,9
63382,9
65547,9
65673,9
66764,9
67816,9
69148,9
73235,9
74049,9
60787,9
41392,9
39825,9
52790,9
53227,9
59357,9
60193,9
61748,9
63841,9
65197,9
70498,9
70421,9
69893,9
72322,9
74401,9
76685,9
77330,9
39480,9
41283,9
73351,9
46103,9
48065,9
49591,9
34551,9
60963,9
45417,9
47375,9
49490,9
48204,9
52027,9
54832,9
102373,9
15285,9
67610,9
74261,9
50299,9
89588,9
67863,9
63928,9
92145,9
64834,9
79401,9
98044,9
88319,9
97030,9
98288,9
89553,9
66349,9
68750,9
47041,9
82915,9
50542,9
50199,9
33214,9
92877,9
62891,9
71974,9
92526,9
59634,9
78111,9
78113,9
95231,9
89603,9
74329,9
86463,9
86505,9
87626,9
84647,9
88999,9
97833,9
100697,9
102889,9
13796,9
50508,9
82947,9
23082,9
55914,9
86069,9
78547,9
83551,9
93280,9
86144,9
86647,9
94611,9
65118,9
74724,9
83233,9
41312,9
72802,9
73933,9
69414,9
47055,9
47287,9
55546,9
55915,9
63185,9
82637,9
67414,9
94776,9
70099,9
75184,9
80698,9
80548,9
69112,9
84102,9
86554,9
85116,9
100823,9
61735,9
75284,9
81296,9
77160,9
49055,9
57424,9
81848,9
92535,9
73977,9
45858,9
94223,9
61067,9
72308,9
66391,9
76422,9
50181,9
66064,9
66281,9
94467,9
83401,9
79042,9
47270,9
79008,9
72760,9
97180,9
45430,9
58732,9
63509,9
84956,9
16140,9
69922,9
66894,9
53013,9
50484,9
34169,9
50374,9
11551,9
69590,9
66508,9
45564,9
43908,9
56124,9
65296,9
55681,9
52743,9
54291,9
72225,9
54190,9
50750,9
41370,9
43505,9
53318,9
60472,9
61379,9
61802,9
63370,9
65463,9
78993,9
19124,9
46719,9
62766,9
52526,9
55871,9
60463,9
72191,9
57876,9
60127,9
60800,9
61159,9
64390,9
65603,9
71599,9
74513,9
34230,9
56492,9
60614,9
50827,9
48661,9
52140,9
48334,9
46618,9
47238,9
51957,9
46712,9
51488,9
55311,9
58396,9
6622,10
8306,10
410,10
829,10
2619,10
3736,10
4088,10
4185,10
5042,10
5484,10
6580,10
15607,10
17027,10
17135,10
2932,10
3324,10
4461,10
6537,10
5517,10
5535,10
7400,10
10577,10
14375,10
8182,10
10398,10
13734,10
6421,10
7611,10
9470,10
11086,10
11229,10
13121,10
13623,10
14268,10
9724,10
15633,10
6923,10
3560,10
3761,10
5836,10
4081,10
3553,10
602,10
595,10
1174,10
1684,10
1979,10
2320,10
2889,10
7779,10
20327,10
21061,10
19714,10
14328,10
21337,10
22786,10
23414,10
23672,10
24454,10
25267,10
25617,10
26688,10
26763,10
27735,10
10500,10
11589,10
13405,10
16490,10
22512,10
22549,10
23841,10
26654,10
28832,10
15054,10
21966,10
24652,10
23865,10
26489,10
15072,10
22533,10
22826,10
23178,10
26095,10
26523,10
26780,10
29694,10
34559,10
34771,10
40167,10
42638,10
11431,10
27215,10
28582,10
28992,10
29845,10
29887,10
30482,10
30516,10
32736,10
33428,10
34660,10
39689,10
37034,10
38327,10
42070,10
42588,10
42985,10
44069,10
44221,10
32407,10
41885,10
31501,10
38292,10
38545,10
45360,10
43970,10
28972,10
28989,10
34157,10
39237,10
44993,10
29023,10
38958,10
38276,10
74902,10
82549,10
94329,10
44675,10
67783,10
84700,10
32832,10
86223,10
102284,10
38191,10
87893,10
94140,10
96515,10
70739,10
81439,10
85052,10
85011,10
89690,10
91377,10
91954,10
97109,10
100835,10
101045,10
69192,10
70229,10
78116,10
84188,10
93168,10
99647,10
60485,10
72748,10
98590,10
47676,10
66966,10
29611,10
36559,10
89800,10
43367,10
48875,10
51032,10
75380,10
54598,10
55406,10
60284,10
61486,10
66679,10
74526,10
81624,10
74611,10
79265,10
82994,10
86009,10
72037,10
89976,10
90982,10
87976,10
7344,10
1678,10
1704,10
6587,10
7205,10
13277,10
14149,10
14998,10
4162,10
1229,10
10573,10
11153,10
4732,10
7000,10
12146,10
15237,10
11356,10
312,10
10452,10
1762,10
3636,10
396,10
3116,10
3462,10
3969,10
3883,10
3985,10
4128,10
3279,10
1830,10
3171,10
4246,10
9151,10
14502,10
15177,10
15200,10
18102,10
18442,10
19511,10
7848,10
9185,10
12746,10
14350,10
15295,10
16981,10
18702,10
18239,10
18626,10
19797,10
22328,10
8652,10
13258,10
14233,10
22341,10
25549,10
25623,10
7509,10
27635,10
25142,10
25870,10
27362,10
28463,10
10794,10
15024,10
23532,10
24690,10
25158,10
25807,10
24601,10
24963,10
25809,10
25956,10
26332,10
27696,10
24404,10
25909,10
28014,10
19700,10
22644,10
23571,10
25796,10
28929,10
34131,10
34855,10
40906,10
41449,10
41586,10
29152,10
21800,10
22215,10
23574,10
44072,10
29120,10
32599,10
32103,10
35041,10
35569,10
28981,10
37049,10
36507,10
38478,10
41011,10
41092,10
42219,10
42713,10
43279,10
44550,10
45255,10
45935,10
8993,10
32855,10
27922,10
34423,10
37753,10
44531,10
45004,10
32631,10
38793,10
40047,10
44143,10
31927,10
42716,10
84158,10
90498,10
88171,10
92600,10
90708,10
20071,10
52845,10
60194,10
59082,10
70965,10
81208,10
69925,10
84896,10
86158,10
88028,10
22212,10
98202,10
97509,10
98957,10
100283,10
100715,10
102623,10
59821,10
59711,10
91751,10
69920,10
92745,10
82397,10
50989,10
78013,10
86439,10
41983,10
47893,10
25415,10
82458,10
46056,10
41116,10
42311,10
43342,10
43686,10
45095,10
87684,10
55573,10
64541,10
68256,10
87910,10
71220,10
67878,10
79337,10
81124,10
81544,10
81660,10
82226,10
82757,10
84273,10
84418,10
84413,10
86578,10
5054,10
8824,10
9263,10
9481,10
10153,10
11110,10
12166,10
15354,10
5697,10
5711,10
6901,10
7169,10
12006,10
15669,10
15772,10
8658,10
9136,10
9147,10
9554,10
12406,10
12971,10
13102,10
14750,10
15383,10
16496,10
16764,10
17182,10
1669,10
17959,10
8984,10
10798,10
16326,10
2549,10
405,10
3926,10
5613,10
970,10
1960,10
15869,10
21864,10
11538,10
8987,10
15606,10
18009,10
7519,10
10661,10
18853,10
10385,10
22698,10
23286,10
24760,10
26678,10
27508,10
10900,10
22211,10
23528,10
23607,10
23809,10
25099,10
25645,10
27474,10
27787,10
10871,10
23948,10
28509,10
27900,10
24182,10
30575,10
33849,10
34248,10
34779,10
37315,10
39570,10
43900,10
8572,10
28154,10
29671,10
29395,10
30708,10
31542,10
34556,10
35137,10
36177,10
36676,10
36335,10
41593,10
41758,10
42039,10
42848,10
28194,10
44354,10
43540,10
42717,10
23599,10
25030,10
34587,10
36130,10
39279,10
44464,10
9922,10
9449,10
27677,10
31705,10
39712,10
43293,10
46446,10
25866,10
13191,10
33500,10
38374,10
40059,10
31482,10
42239,10
70210,10
91695,10
90691,10
86031,10
65393,10
83914,10
43674,10
43458,10
53908,10
89890,10
56525,10
66712,10
61207,10
62994,10
71921,10
81986,10
86430,10
88440,10
104009,10
93503,10
54638,10
49509,10
86968,10
105134,10
80046,10
69592,10
80308,10
95962,10
65861,10
93492,10
44123,10
69369,10
71038,10
47734,10
52709,10
50680,10
51493,10
55346,10
55414,10
90681,10
59615,10
67298,10
68150,10
69327,10
71743,10
79149,10
81078,10
81703,10
82950,10
84367,10
92591,10
87538,10
70313,10
91562,10
94087,10
98773,10
99603,10
101411,10
101485,10
73028,10
60591,10
51707,10
59114,10
38646,10
73911,10
83805,10
88160,10
86862,10
60155,10
55157,10
92430,10
83146,10
42545,10
43305,10
75731,10
49211,10
49447,10
92971,10
55144,10
82305,10
63621,10
80714,10
72148,10
72660,10
74967,10
75017,10
79765,10
81389,10
82864,10
81791,10
88620,10
84127,10
85285,10
76436,10
90897,10
91654,10
91987,10
66280,10
94071,10
74977,10
97527,10
97835,10
104267,10
59540,10
82182,10
84712,10
33175,10
48087,10
64401,10
79950,10
87760,10
90296,10
69596,10
96092,10
42949,10
53633,10
40950,10
44056,10
77552,10
65003,10
45197,10
49862,10
76071,10
60126,10
60079,10
68529,10
58178,10
76142,10
8573,10
53757,10
48358,10
50695,10
51765,10
94238,10
84111,10
75195,10
67110,10
71226,10
83907,10
77056,10
86478,10
92170,10
94377,10
24136,10
42978,10
70164,10
30053,10
43946,10
45741,10
48484,10
102594,10
49403,10
61040,10
51071,10
63255,10
50288,10
67139,10
61624,10
37842,10
41581,10
60772,10
65731,10
73656,10
42763,10
74266,10
50038,10
49413,10
70745,10
49623,10
74160,10
56999,10
44285,10
48366,10
56206,10
58891,10
59098,10
59184,10
62943,10
70695,10
54673,10
31772,10
45496,10
48980,10
27097,10
51686,10
53754,10
55828,10
66994,10
68346,10
70503,10
58034,10
50842,10
51481,10
53241,10
46481,10
51165,10
81487,10
51065,10
59687,10
56923,10
43365,10
32644,10
44889,10
42041,10
46114,10
58827,10
58888,10
43964,10
46996,10
52164,10
4006,10
89590,10
81215,10
93884,10
95145,10
95542,10
92276,10
99649,10
96651,10
85260,10
53517,10
85827,10
77104,10
73366,10
83053,10
61422,10
65309,10
69672,10
96727,10
58579,10
82133,10
100001,10
86997,10
95855,10
62261,10
63557,10
48582,10
51244,10
51174,10
96872,10
59707,10
59867,10
68042,10
61283,10
61267,10
65538,10
65635,10
68081,10
80718,10
75472,10
73920,10
76789,10
78114,10
84456,10
85664,10
64371,10
88915,10
96057,10
91602,10
99150,10
99946,10
72867,10
103709,10
81036,10
64726,10
81627,10
27842,10
95090,10
66287,10
19536,10
42092,10
49401,10
74067,10
61367,10
47831,10
78227,10
81406,10
81477,10
105123,10
75812,10
78576,10
48341,10
65672,10
26657,10
57799,10
91017,10
65498,10
84829,10
45997,10
104355,10
40915,10
61264,10
63520,10
68063,10
70801,10
83701,10
97991,10
94231,10
60274,10
68470,10
61254,10
79201,10
79779,10
50702,10
75975,10
83428,10
39076,10
61804,10
75207,10
82110,10
74390,10
57804,10
68350,10
50155,10
63154,10
5193,10
37421,10
44396,10
65795,10
46696,10
62899,10
45784,10
49664,10
50935,10
51561,10
51806,10
53108,10
53611,10
53848,10
59578,10
60511,10
61791,10
66770,10
67516,10
67612,10
68783,10
69214,10
70554,10
73390,10
48572,10
54693,10
54875,10
54241,10
56436,10
58232,10
60736,10
62064,10
60955,10
65369,10
46722,10
56378,10
7266,10
57387,10
44987,10
52541,10
48028,10
60734,10
49564,10
55006,10
50993,10
51703,10
52465,10
55234,10
45050,10
51892,10
3558,10
4433,10
959,10
4281,10
5808,10
10154,10
15611,10
3948,10
10139,10
13713,10
2893,10
3111,10
5992,10
6667,10
7756,10
12079,10
12846,10
13059,10
14455,10
3036,10
4130,10
10730,10
5523,10
3806,10
8713,10
16686,10
1530,10
5822,10
4600,10
2450,10
3781,10
2274,10
4067,10
969,10
1748,10
1916,10
2015,10
11811,10
15210,10
16881,10
17919,10
18003,10
19131,10
19190,10
19316,10
20528,10
21417,10
21685,10
15050,10
16139,10
16114,10
18687,10
18688,10
18628,10
19935,10
20847,10
19920,10
19401,10
13324,10
22586,10
23258,10
23888,10
25303,10
25840,10
26561,10
12673,10
19861,10
21844,10
24650,10
26944,10
28184,10
18486,10
13485,10
17130,10
22729,10
22992,10
23526,10
24483,10
27440,10
13192,10
20965,10
25447,10
21393,10
18905,10
23114,10
23669,10
27732,10
34861,10
36137,10
36162,10
38539,10
41136,10
42652,10
26008,10
1679,10
9694,10
10487,10
12638,10
10713,10
19416,10
31624,10
26519,10
29129,10
29999,10
30109,10
32920,10
38404,10
31833,10
37878,10
36757,10
38606,10
39360,10
39869,10
40649,10
41027,10
42284,10
42460,10
44266,10
28995,10
24683,10
27112,10
39904,10
8009,10
10445,10
22439,10
34103,10
19140,10
37853,10
38682,10
39383,10
41304,10
41519,10
42997,10
29574,10
28868,10
30928,10
37692,10
41454,10
40716,10
58212,10
69128,10
81403,10
59977,10
96501,10
99097,10
81965,10
35917,10
68903,10
98528,10
45822,10
57046,10
59042,10
67261,10
70359,10
85005,10
89124,10
88521,10
61369,10
77310,10
92248,10
94636,10
98671,10
86428,10
79378,10
99216,10
54209,10
43555,10
92919,10
96136,10
87344,10
91088,10
100461,10
76631,10
75485,10
93875,10
55522,10
82916,10
71012,10
57591,10
91238,10
26784,10
79780,10
74939,10
41413,10
43858,10
48722,10
77537,10
61202,10
63963,10
65353,10
65312,10
86697,10
90399,10
77797,10
78213,10
79520,10
80462,10
80675,10
81545,10
85216,10
87335,10
88262,10
90098,10
90006,10
93930,10
96072,10
98422,10
99160,10
100607,10
86418,10
54465,10
55803,10
51709,10
84214,10
46147,10
21891,10
93200,10
56698,10
86325,10
44624,10
45659,10
67900,10
20926,10
32591,10
88493,10
42103,10
44187,10
75741,10
49372,10
54305,10
57831,10
46456,10
65683,10
67807,10
68612,10
72421,10
73697,10
95570,10
20393,10
76575,10
77691,10
78341,10
84038,10
80971,10
81190,10
82448,10
83355,10
84408,10
84407,10
84836,10
86215,10
86986,10
87441,10
88694,10
89706,10
90478,10
90069,10
95502,10
103597,10
97076,10
68387,10
92115,10
55517,10
102268,10
100260,10
40427,10
56204,10
61916,10
69183,10
73118,10
94605,10
96797,10
42731,10
90647,10
43197,10
64577,10
98330,10
73110,10
90454,10
100326,10
102108,10
50740,10
67951,10
64066,10
82257,10
48919,10
51390,10
25938,10
40914,10
48593,10
50572,10
59239,10
67817,10
67917,10
71868,10
75089,10
76544,10
81583,10
56950,10
64376,10
89465,10
94480,10
65633,10
44490,10
52832,10
71075,10
74903,10
57226,10
36382,10
48994,10
52187,10
53008,10
73946,10
63047,10
45250,10
20301,10
60929,10
71934,10
48768,10
39883,10
52691,10
57185,10
58047,10
81549,10
64403,10
33152,10
45257,10
44279,10
29058,10
62100,10
50294,10
65290,10
47140,10
47922,10
51934,10
62207,10
63521,10
69775,10
70495,10
70941,10
72219,10
47668,10
60895,10
64300,10
46240,10
51634,10
53059,10
54146,10
67716,10
53894,10
48842,10
57461,10
47510,10
62301,10
47333,10
48607,10
50027,10
47643,10
48558,10
49398,10
50077,10
59706,10
1040,10
93573,10
97046,10
97431,10
98579,10
102956,10
82404,10
81068,10
40356,10
87401,10
75168,10
60070,10
71873,10
40935,10
86128,10
76137,10
33096,10
87652,10
85082,10
82688,10
75850,10
54392,10
82034,10
49820,10
91790,10
60999,10
92181,10
39376,10
46226,10
47320,10
47598,10
48227,10
57123,10
57568,10
57852,10
57667,10
75360,10
83728,10
80768,10
72720,10
74706,10
74999,10
76647,10
68206,10
78429,10
55206,10
64698,10
84832,10
84898,10
84957,10
85752,10
86304,10
73481,10
73289,10
91288,10
90912,10
90375,10
91296,10
94435,10
94383,10
94391,10
99852,10
96561,10
103526,10
61845,10
101358,10
41798,10
56745,10
65244,10
59083,10
80405,10
78807,10
94767,10
83968,10
86445,10
87518,10
74094,10
82656,10
47841,10
47456,10
49535,10
50239,10
51854,10
54049,10
71020,10
77192,10
84303,10
84268,10
90979,10
53247,10
69372,10
50255,10
70717,10
38818,10
58195,10
59599,10
59618,10
61618,10
63937,10
68585,10
70893,10
58723,10
96291,10
79911,10
97532,10
46611,10
52182,10
56729,10
60011,10
70299,10
37566,10
65143,10
69145,10
82813,10
93415,10
57827,10
65453,10
66943,10
78815,10
60957,10
58052,10
61601,10
75528,10
100370,10
71205,10
65327,10
76724,10
56861,10
61675,10
55130,10
69837,10
73532,10
39583,10
54074,10
60186,10
60237,10
59335,10
43034,10
43160,10
48018,10
48553,10
56703,10
56980,10
61499,10
65134,10
67297,10
67620,10
68601,10
69548,10
70149,10
79654,10
52066,10
37048,10
42209,10
43612,10
46528,10
27095,10
66415,10
59026,10
60037,10
63101,10
61945,10
73934,10
47127,10
52937,10
53871,10
56049,10
64323,10
45471,10
70559,10
80094,10
45789,10
58027,10
53715,10
46453,10
58764,10
9974,11
15029,11
745,11
5643,11
7025,11
7100,11
7334,11
9523,11
9999,11
11580,11
12260,11
13078,11
18183,11
10474,11
12852,11
2686,11
7058,11
11287,11
11700,11
13455,11
13531,11
14684,11
15818,11
16035,11
662,11
8633,11
14143,11
10067,11
15363,11
1675,11
2494,11
2905,11
4037,11
2888,11
8716,11
11397,11
12374,11
12970,11
18936,11
21883,11
8726,11
12475,11
13556,11
14135,11
18455,11
22650,11
26390,11
26463,11
26704,11
27778,11
28796,11
27023,11
28071,11
7895,11
15356,11
23094,11
23464,11
25602,11
15196,11
24234,11
24250,11
24789,11
26238,11
18808,11
26865,11
28114,11
23490,11
28028,11
22541,11
28473,11
29459,11
30165,11
35605,11
38959,11
44665,11
25684,11
12451,11
13105,11
18775,11
24461,11
43223,11
25417,11
28323,11
30005,11
36167,11
37027,11
37320,11
38134,11
39354,11
45291,11
42497,11
43659,11
43550,11
45266,11
32156,11
20928,11
27417,11
22016,11
38735,11
41224,11
43443,11
44648,11
26121,11
31099,11
39329,11
39681,11
43853,11
31075,11
75087,11
102894,11
87666,11
97193,11
90285,11
73963,11
104302,11
40327,11
57034,11
62561,11
59071,11
65265,11
69716,11
85380,11
31812,11
81801,11
95679,11
84987,11
88970,11
84752,11
94245,11
92228,11
20515,11
94639,11
51565,11
95193,11
75105,11
78544,11
89933,11
90118,11
40326,11
83605,11
98305,11
51524,11
84451,11
61089,11
33378,11
77872,11
64327,11
41089,11
42991,11
52128,11
52445,11
55575,11
63070,11
67377,11
67577,11
73284,11
43130,11
74684,11
75674,11
77590,11
79474,11
80551,11
84928,11
85673,11
3993,11
4016,11
13718,11
798,11
3486,11
4472,11
7057,11
7827,11
1315,11
1867,11
12162,11
5339,11
10141,11
11240,11
15773,11
183,11
6406,11
8639,11
8644,11
8894,11
9629,11
9692,11
11224,11
13064,11
13067,11
13271,11
13500,11
14686,11
17409,11
7449,11
10149,11
4157,11
16277,11
15529,11
4043,11
4871,11
5068,11
3654,11
4330,11
15839,11
18896,11
18899,11
21429,11
19540,11
18639,11
19910,11
22307,11
26103,11
19740,11
23054,11
22770,11
11558,11
22812,11
23070,11
23138,11
23944,11
27089,11
28292,11
28303,11
21855,11
26753,11
28701,11
22571,11
4664,11
23340,11
23679,11
25972,11
30379,11
32166,11
33199,11
35138,11
38181,11
38983,11
41786,11
42957,11
43218,11
25964,11
29814,11
33627,11
34625,11
34986,11
36596,11
36780,11
36512,11
31191,11
36962,11
19897,11
38152,11
40042,11
27113,11
35306,11
24362,11
29378,11
8991,11
41557,11
40076,11
40396,11
40709,11
92685,11
81967,11
104286,11
96290,11
86859,11
58746,11
93265,11
66648,11
96330,11
54613,11
94066,11
52385,11
49915,11
50687,11
57246,11
64018,11
70871,11
80073,11
80354,11
68653,11
88470,11
39356,11
91160,11
79799,11
37916,11
42114,11
96750,11
41389,11
38205,11
40966,11
90879,11
84864,11
77592,11
5591,11
70193,11
32011,11
34092,11
51316,11
38128,11
56416,11
27767,11
78583,11
79955,11
82815,11
83442,11
83017,11
84373,11
84652,11
86665,11
83469,11
89975,11
7589,11
10074,11
11444,11
471,11
7763,11
11591,11
14456,11
10913,11
6123,11
14742,11
1687,11
2072,11
3582,11
4216,11
4723,11
5637,11
7429,11
8559,11
11804,11
12752,11
13425,11
14989,11
109,11
4176,11
5970,11
15543,11
418,11
2589,11
4536,11
3616,11
631,11
1766,11
2279,11
904,11
2993,11
2316,11
11152,11
12069,11
15583,11
16667,11
18940,11
20151,11
21720,11
5064,11
12043,11
17116,11
17339,11
17962,11
18429,11
19463,11
19914,11
19654,11
10372,11
10493,11
22455,11
24332,11
25542,11
25616,11
25834,11
21909,11
24560,11
20022,11
26388,11
28115,11
28656,11
18478,11
15217,11
17920,11
22035,11
22185,11
24077,11
24723,11
24820,11
25238,11
25369,11
27256,11
27587,11
28020,11
28189,11
22418,11
24526,11
26459,11
19830,11
25448,11
22934,11
24106,11
7127,11
23092,11
23247,11
24093,11
27377,11
28291,11
28635,11
33003,11
33329,11
37426,11
44362,11
45810,11
28202,11
36679,11
37126,11
28977,11
30036,11
30385,11
34235,11
36432,11
35841,11
36482,11
37053,11
37405,11
38125,11
38797,11
42557,11
30864,11
33276,11
39959,11
10383,11
27737,11
42142,11
36863,11
22798,11
23242,11
35087,11
44081,11
28891,11
28867,11
34608,11
36990,11
45511,11
85105,11
83901,11
80833,11
78195,11
74619,11
15549,11
42945,11
26964,11
54231,11
12766,11
68704,11
91760,11
75170,11
66854,11
85446,11
85003,11
89160,11
89761,11
98428,11
101631,11
66061,11
87714,11
31876,11
45973,11
76443,11
96167,11
99000,11
70875,11
81454,11
38529,11
86380,11
88574,11
89654,11
71011,11
99299,11
101840,11
91230,11
75572,11
31416,11
43543,11
38069,11
38109,11
81298,11
49404,11
53077,11
78776,11
55858,11
60358,11
59767,11
87898,11
63987,11
48780,11
64316,11
65806,11
72173,11
74900,11
76797,11
81364,11
82256,11
76356,11
82293,11
71539,11
86474,11
87754,11
81279,11
90669,11
96902,11
80341,11
53949,11
49371,11
58596,11
50485,11
74552,11
74413,11
94390,11
59879,11
100757,11
61666,11
46983,11
79258,11
53849,11
48854,11
65444,11
65584,11
63920,11
55738,11
30735,11
102442,11
85608,11
85206,11
78759,11
78709,11
73128,11
84959,11
86641,11
100468,11
89679,11
13642,11
98345,11
82043,11
63339,11
94613,11
52821,11
55930,11
48156,11
68674,11
83319,11
71349,11
81699,11
100936,11
74754,11
80097,11
61069,11
73559,11
46770,11
63166,11
88859,11
60586,11
97559,11
36907,11
39419,11
95104,11
45103,11
55996,11
68367,11
67113,11
68708,11
77712,11
78730,11
79184,11
93320,11
94184,11
61384,11
4061,11
65410,11
42595,11
45617,11
47428,11
67103,11
33569,11
33661,11
31052,11
73446,11
27770,11
47070,11
48082,11
51536,11
51862,11
53107,11
57383,11
61431,11
65460,11
13516,11
53295,11
72109,11
41510,11
51160,11
51271,11
53376,11
55465,11
59182,11
58780,11
52779,11
59716,11
79019,11
50409,11
50356,11
54653,11
53720,11
57921,11
29940,11
35391,11
47072,11
50779,11
55324,11
50787,11
50887,11
51841,11
46986,11
3452,11
3559,11
92583,11
93802,11
97048,11
96906,11
97539,11
99491,11
103549,11
103864,11
61807,11
73823,11
58540,11
61238,11
90825,11
88280,11
72998,11
58321,11
77115,11
58566,11
68796,11
92935,11
68502,11
94297,11
91639,11
62182,11
68925,11
25997,11
77569,11
41905,11
42349,11
44304,11
47986,11
47763,11
82467,11
49123,11
52988,11
58482,11
60387,11
67322,11
83738,11
73400,11
74091,11
76629,11
75543,11
95437,11
76527,11
83678,11
81711,11
81792,11
84779,11
85299,11
85310,11
85604,11
35221,11
91805,11
91970,11
92284,11
92323,11
93403,11
93382,11
94573,11
94951,11
95847,11
91513,11
97129,11
94959,11
90612,11
94888,11
92221,11
82325,11
66363,11
49270,11
55103,11
56633,11
65527,11
68247,11
74466,11
71153,11
75891,11
68289,11
91183,11
99247,11
77983,11
72951,11
84154,11
81808,11
73200,11
81301,11
41414,11
42197,11
72352,11
97108,11
52347,11
75504,11
76608,11
44076,11
47595,11
57573,11
62098,11
61738,11
89806,11
49745,11
34414,11
79417,11
47684,11
53506,11
69130,11
76576,11
65356,11
44320,11
42722,11
74703,11
39696,11
45448,11
47758,11
53393,11
54791,11
56073,11
59660,11
70562,11
76285,11
54144,11
51137,11
64305,11
62056,11
47931,11
56604,11
54969,11
56068,11
55929,11
57255,11
62400,11
62368,11
64038,11
69892,11
55490,11
68691,11
70357,11
75312,11
55824,11
50092,11
56131,11
37481,11
51732,11
53580,11
47332,11
54034,11
56898,11
49814,11
50113,11
48057,11
1873,11
4052,11
8654,11
11593,11
96,11
105,11
423,11
1858,11
3487,11
4131,11
4457,11
5781,11
5807,11
8513,11
9611,11
6518,11
7346,11
8989,11
11620,11
13846,11
14497,11
8529,11
951,11
13202,11
7138,11
14715,11
10285,11
10740,11
16032,11
2928,11
1085,11
3278,11
2314,11
2163,11
4601,11
1312,11
2365,11
3044,11
6585,11
12554,11
12948,11
12974,11
13276,11
22423,11
22603,11
21291,11
8672,11
14038,11
16762,11
19040,11
18946,11
7086,11
19945,11
12740,11
22847,11
25110,11
28444,11
18469,11
19852,11
27455,11
27739,11
27975,11
22763,11
19047,11
23703,11
24356,11
26343,11
27916,11
22086,11
19324,11
21835,11
21819,11
23341,11
25808,11
29053,11
29294,11
30810,11
32512,11
32513,11
36020,11
37031,11
45646,11
9760,11
7171,11
43219,11
25992,11
29220,11
31498,11
32142,11
32477,11
33398,11
35274,11
37718,11
37835,11
41981,11
40959,11
42033,11
30987,11
44050,11
44326,11
44544,11
36329,11
25630,11
29968,11
30621,11
29615,11
42594,11
39433,11
36911,11
30018,11
42444,11
44486,11
90106,11
86789,11
91020,11
71415,11
43966,11
57701,11
94702,11
48527,11
53588,11
54174,11
63363,11
47338,11
69188,11
21427,11
82780,11
83937,11
86288,11
86302,11
88013,11
88990,11
98511,11
101275,11
95582,11
42712,11
15520,11
94610,11
50692,11
66710,11
64281,11
78306,11
47405,11
93933,11
99709,11
30943,11
99106,11
44611,11
68450,11
40488,11
99969,11
50056,11
50876,11
60708,11
59726,11
92076,11
66079,11
95222,11
74020,11
77186,11
83669,11
84361,11
95268,11
100024,11
100284,11
41918,11
100802,11
102710,11
56531,11
77290,11
65933,11
55339,11
70797,11
79046,11
75514,11
52797,11
88735,11
87817,11
79307,11
65776,11
42858,11
37822,11
92089,11
51475,11
52992,11
61113,11
62385,11
65443,11
68671,11
87640,11
74810,11
78493,11
83162,11
84029,11
85723,11
67283,11
86617,11
86936,11
90722,11
84415,11
94387,11
61562,11
94286,11
98266,11
100317,11
101716,11
67175,11
80058,11
49565,11
80805,11
44356,11
52983,11
80947,11
32231,11
68654,11
97110,11
90119,11
51255,11
59461,11
60234,11
81760,11
49035,11
35781,11
47325,11
49682,11
50597,11
68142,11
63965,11
74365,11
80720,11
84324,11
98346,11
99521,11
77088,11
64965,11
96790,11
70890,11
59865,11
66327,11
61240,11
72957,11
35219,11
61529,11
82743,11
49213,11
62948,11
61965,11
53776,11
49440,11
23798,11
38509,11
61365,11
69368,11
70940,11
39486,11
70429,11
56121,11
56290,11
62661,11
53774,11
79087,11
42531,11
57479,11
62735,11
56246,11
39596,11
56741,11
69969,11
63407,11
68010,11
67749,11
68606,11
74826,11
50730,11
70840,11
44322,11
38049,11
57243,11
28998,11
36735,11
45011,11
56448,11
49078,11
51508,11
54003,11
64447,11
91892,11
67573,11
98862,11
93892,11
75393,11
69695,11
95206,11
75793,11
102163,11
74010,11
69440,11
39862,11
41077,11
42535,11
46829,11
47497,11
50734,11
51362,11
66282,11
54703,11
56778,11
85124,11
58446,11
70700,11
73936,11
78976,11
90056,11
83081,11
83853,11
85292,11
87334,11
89165,11
91833,11
92257,11
94169,11
98326,11
85377,11
16954,11
66139,11
49014,11
38020,11
56678,11
70222,11
72912,11
76319,11
77477,11
81771,11
80004,11
62028,11
58956,11
89043,11
65887,11
23241,11
52014,11
59626,11
63109,11
101408,11
72777,11
77428,11
79310,11
50433,11
95046,11
97557,11
95657,11
56568,11
68391,11
41286,11
60339,11
53155,11
44267,11
60799,11
49148,11
51301,11
75900,11
78445,11
66197,11
58889,11
30512,11
45144,11
57851,11
38279,11
50936,11
54033,11
54895,11
57744,11
57953,11
67779,11
68594,11
39240,11
69730,11
27798,11
51981,11
58003,11
61852,11
61483,11
68291,11
48428,11
62070,11
59701,11
72971,11
82849,11
83267,11
53386,11
49452,11
54695,11
52987,11
45024,11
46998,11
46580,11
49695,11
55012,11
6345,12
9145,12
5972,12
9421,12
719,12
965,12
2645,12
7007,12
7393,12
8825,12
10591,12
14844,12
772,12
5477,12
5819,12
8969,12
7451,12
8247,12
9146,12
9161,12
12720,12
17059,12
4167,12
9881,12
12962,12
15531,12
6889,12
11263,12
14185,12
2981,12
1676,12
2461,12
3743,12
2004,12
2654,12
51,12
2045,12
13113,12
13454,12
18607,12
21068,12
12920,12
14084,12
16658,12
17788,12
18658,12
18767,12
19715,12
25390,12
22000,12
26145,12
14585,12
18250,12
8433,12
9606,12
10501,12
26297,12
25827,12
24838,12
28659,12
28550,12
20489,12
23320,12
25551,12
25801,12
29116,12
34190,12
34983,12
38107,12
14285,12
29333,12
30030,12
33059,12
43148,12
37245,12
35169,12
33386,12
34083,12
35203,12
35059,12
37437,12
37420,12
37656,12
38812,12
39462,12
40191,12
45290,12
23731,12
31049,12
43290,12
26636,12
32540,12
40863,12
46104,12
30374,12
9540,12
42682,12
5603,12
43198,12
23833,12
12626,12
33588,12
33873,12
36057,12
39512,12
44212,12
10943,12
89959,12
86485,12
67300,12
81481,12
67534,12
72823,12
73275,12
69375,12
81423,12
63766,12
71768,12
71234,12
87674,12
76275,12
83731,12
86743,12
91324,12
90201,12
54865,12
91360,12
98190,12
97461,12
100550,12
96022,12
39807,12
73218,12
92245,12
96682,12
71486,12
70780,12
64410,12
75616,12
83203,12
41642,12
48893,12
85036,12
77113,12
67317,12
65792,12
100961,12
57595,12
31042,12
86726,12
43250,12
45828,12
50848,12
59138,12
66285,12
70371,12
72363,12
80888,12
81157,12
83597,12
86349,12
86550,12
90866,12
93586,12
1100,12
1208,12
5260,12
11442,12
3959,12
9159,12
9721,12
13054,12
13944,12
14096,12
3562,12
3870,12
756,12
9479,12
11253,12
1922,12
3914,12
6931,12
7239,12
8523,12
9114,12
10039,12
11167,12
927,12
1481,12
8691,12
11976,12
12662,12
3071,12
3620,12
6296,12
1292,12
1029,12
1565,12
9847,12
15789,12
17982,12
18513,12
19737,12
16936,12
14130,12
18304,12
20331,12
21666,12
12741,12
17070,12
21466,12
16495,12
24798,12
24887,12
27428,12
27741,12
8455,12
22391,12
23855,12
24764,12
25644,12
18404,12
25386,12
22870,12
23863,12
25647,12
29268,12
30184,12
30732,12
43959,12
27783,12
28976,12
29289,12
32408,12
18912,12
34042,12
35616,12
36257,12
36840,12
38480,12
38727,12
42579,12
42130,12
42613,12
29859,12
27179,12
39889,12
40372,12
18576,12
3644,12
22236,12
22365,12
32649,12
41239,12
30779,12
42274,12
42458,12
27562,12
45213,12
46016,12
33283,12
35049,12
34604,12
36756,12
41263,12
42563,12
43126,12
44290,12
36460,12
86090,12
91128,12
90516,12
89626,12
46634,12
76228,12
86045,12
67312,12
54939,12
52755,12
54169,12
61405,12
62759,12
63514,12
61187,12
7433,12
72629,12
88639,12
64751,12
61368,12
86678,12
92317,12
93409,12
70167,12
101645,12
19335,12
61318,12
72364,12
71627,12
90829,12
84526,12
63182,12
40520,12
44647,12
101873,12
76977,12
38131,12
52629,12
43678,12
87681,12
59690,12
96226,12
70782,12
79921,12
82565,12
83920,12
2644,12
4326,12
5687,12
7487,12
11189,12
11846,12
891,12
12692,12
3963,12
2920,12
6368,12
6665,12
10724,12
11465,12
11488,12
5926,12
14861,12
647,12
5232,12
3282,12
5090,12
11147,12
13378,12
14351,12
17365,12
20235,12
21594,12
10745,12
12271,12
18740,12
18764,12
18424,12
19539,12
21565,12
16856,12
21531,12
25109,12
25222,12
26010,12
27122,12
19565,12
23152,12
24734,12
25458,12
26564,12
27077,12
28438,12
12195,12
23079,12
25498,12
27482,12
26870,12
28307,12
27950,12
22203,12
22800,12
29111,12
35252,12
41149,12
43361,12
43632,12
10280,12
13136,12
22358,12
27130,12
29755,12
29056,12
30462,12
31335,12
31826,12
32354,12
33991,12
34398,12
36579,12
37202,12
38048,12
43614,12
25414,12
42462,12
4423,12
27322,12
28239,12
28249,12
13890,12
15701,12
69613,12
89940,12
48945,12
71576,12
47079,12
8540,12
43863,12
61717,12
63644,12
79543,12
81309,12
82758,12
85425,12
53380,12
88180,12
89680,12
91298,12
77888,12
98485,12
99465,12
100548,12
72664,12
78188,12
87446,12
58503,12
92460,12
88529,12
89131,12
75470,12
81876,12
36603,12
40857,12
58587,12
60432,12
49982,12
79886,12
80513,12
73340,12
79866,12
80826,12
82677,12
82934,12
84575,12
86424,12
91940,12
91990,12
93817,12
97275,12
100980,12
73231,12
90230,12
57477,12
77114,12
59435,12
83595,12
80575,12
85293,12
85117,12
73057,12
79371,12
52795,12
17598,12
37288,12
70440,12
48497,12
84140,12
52254,12
55770,12
59279,12
61001,12
61971,12
66569,12
66007,12
69436,12
78447,12
71031,12
78262,12
79786,12
84397,12
85469,12
86323,12
64275,12
64173,12
90186,12
90950,12
96084,12
94469,12
94821,12
96171,12
95543,12
93123,12
98271,12
99385,12
99737,12
77484,12
85379,12
43846,12
399,12
41660,12
43807,12
66422,12
29562,12
83584,12
80588,12
49857,12
34915,12
84260,12
49765,12
62494,12
71370,12
73362,12
68201,12
79647,12
86452,12
67486,12
64974,12
43741,12
66443,12
67663,12
23009,12
17803,12
47987,12
47441,12
53620,12
61268,12
69904,12
78202,12
76835,12
82169,12
84828,12
96603,12
48996,12
94960,12
33128,12
65755,12
48991,12
60580,12
53073,12
61347,12
58189,12
64646,12
50566,12
59548,12
33162,12
49513,12
39464,12
54647,12
65415,12
63537,12
58948,12
63473,12
63519,12
64139,12
66110,12
70553,12
72327,12
4346,12
67326,12
59329,12
55275,12
48319,12
48930,12
57330,12
57745,12
57874,12
50829,12
58541,12
60536,12
46936,12
63481,12
66414,12
66585,12
63085,12
51794,12
50918,12
46668,12
45089,12
52532,12
46589,12
16267,12
90757,12
93547,12
94801,12
55519,12
47529,12
42528,12
62487,12
76054,12
78369,12
87914,12
67282,12
70079,12
88897,12
50917,12
98580,12
70885,12
33450,12
48096,12
90016,12
57124,12
71185,12
63507,12
69466,12
98635,12
70765,12
71400,12
80689,12
73657,12
82624,12
82795,12
84766,12
84805,12
84724,12
86419,12
93366,12
96780,12
102624,12
97665,12
102787,12
55548,12
79233,12
94922,12
57108,12
67664,12
79698,12
82036,12
34859,12
29910,12
51527,12
42667,12
63078,12
67379,12
72651,12
77875,12
79985,12
61864,12
102109,12
103373,12
86863,12
49047,12
56593,12
64673,12
25209,12
54360,12
42869,12
57426,12
76309,12
87126,12
87601,12
98396,12
55314,12
49280,12
30964,12
44950,12
48475,12
67277,12
22837,12
72499,12
65575,12
38487,12
36085,12
48448,12
53414,12
60177,12
62345,12
25185,12
23210,12
48083,12
48911,12
55140,12
51979,12
59754,12
57489,12
57208,12
57358,12
58805,12
60747,12
61573,12
62810,12
54851,12
69193,12
21058,12
48060,12
52854,12
59104,12
50071,12
57279,12
58493,12
45671,12
46756,12
50200,12
50914,12
51064,12
51383,12
50552,12
3711,12
1505,12
1026,12
10071,12
11392,12
15435,12
3655,12
11007,12
1330,12
4474,12
994,12
2767,12
13553,12
15193,12
5364,12
14999,12
3195,12
8076,12
10488,12
16082,12
17877,12
4534,12
3118,12
4224,12
2507,12
4332,12
5766,12
4836,12
3203,12
1479,12
7749,12
13234,12
17241,12
12039,12
11660,12
20111,12
27061,12
18468,12
24691,12
10444,12
26658,12
27338,12
27481,12
28769,12
18754,12
23039,12
23853,12
23585,12
22447,12
18578,12
10797,12
28018,12
28962,12
35509,12
37994,12
45396,12
30427,12
12863,12
13929,12
37350,12
27220,12
27632,12
29765,12
24306,12
28767,12
31667,12
29815,12
33867,12
35951,12
37130,12
38372,12
40255,12
41706,12
28209,12
26666,12
24365,12
30494,12
32051,12
45438,12
24087,12
28158,12
28670,12
29816,12
35668,12
36036,12
42888,12
11785,12
19465,12
33684,12
43178,12
14387,12
102021,12
80934,12
64314,12
73424,12
80733,12
81671,12
82846,12
18779,12
27387,12
42896,12
54661,12
57685,12
64951,12
65329,12
67381,12
74344,12
81353,12
72206,12
71414,12
87728,12
90139,12
94161,12
95197,12
79110,12
84152,12
59719,12
100687,12
93540,12
60438,12
100307,12
104848,12
68693,12
67019,12
81554,12
73189,12
31347,12
52718,12
52442,12
54308,12
97315,12
62522,12
94601,12
79918,12
84370,12
90331,12
91338,12
93287,12
95080,12
96933,12
79575,12
66370,12
63106,12
76920,12
65130,12
50278,12
67967,12
46433,12
97561,12
34141,12
88051,12
70112,12
54731,12
56256,12
71385,12
60551,12
83078,12
62268,12
61130,12
62905,12
77188,12
76969,12
75922,12
76561,12
86633,12
88810,12
88257,12
87497,12
87959,12
94773,12
105171,12
71358,12
84701,12
93786,12
94976,12
63283,12
36199,12
53643,12
72480,12
63180,12
71544,12
102423,12
57864,12
69149,12
95979,12
39085,12
55203,12
72682,12
71978,12
85422,12
92813,12
83622,12
73009,12
40250,12
46825,12
42104,12
51668,12
58066,12
80527,12
57519,12
60116,12
51685,12
42708,12
60828,12
38795,12
83766,12
69518,12
63408,12
44892,12
68581,12
54741,12
42623,12
22260,12
35403,12
47351,12
53042,12
56078,12
59112,12
67410,12
73410,12
16917,12
44884,12
46716,12
61415,12
53009,12
54655,12
65113,12
65799,12
68923,12
68539,12
46540,12
48264,12
47836,12
53634,12
45147,12
54681,12
50581,12
3233,12
3107,12
3812,12
92159,12
99391,12
98904,12
97599,12
81076,12
56988,12
82873,12
45507,12
72996,12
63261,12
91440,12
52116,12
88454,12
76052,12
60313,12
99977,12
52844,12
88950,12
94409,12
90222,12
47992,12
53089,12
53688,12
43447,12
62917,12
65536,12
78890,12
71053,12
67686,12
94919,12
75969,12
80925,12
89637,12
83928,12
84530,12
52365,12
86006,12
86127,12
87209,12
88949,12
87586,12
91070,12
89083,12
94186,12
96203,12
69019,12
97355,12
64196,12
65011,12
61652,12
83031,12
90115,12
72265,12
9921,12
73784,12
80121,12
70207,12
83878,12
72198,12
56721,12
80313,12
29598,12
29933,12
92291,12
64330,12
63186,12
88681,12
95934,12
98280,12
52803,12
48177,12
23427,12
52736,12
86110,12
58305,12
61209,12
80691,12
79092,12
73214,12
82519,12
91439,12
49746,12
51196,12
61894,12
73951,12
68208,12
69864,12
53054,12
50357,12
55621,12
32580,12
75150,12
48251,12
31993,12
37022,12
50893,12
60087,12
70282,12
32777,12
79411,12
31925,12
59926,12
63845,12
68927,12
71697,12
22663,12
45446,12
46695,12
48570,12
52199,12
52359,12
55688,12
30436,12
2341,12
8172,13
12227,13
14827,13
2569,13
2579,13
4202,13
8155,13
11898,13
1197,13
1433,13
3510,13
4302,13
6269,13
10142,13
16355,13
2059,13
4923,13
6361,13
6522,13
6907,13
6915,13
7008,13
9119,13
9121,13
12358,13
14754,13
15162,13
15381,13
8189,13
13129,13
771,13
9607,13
16447,13
17428,13
5033,13
7912,13
13103,13
17538,13
17730,13
21379,13
16933,13
19067,13
21975,13
26011,13
26772,13
26313,13
27267,13
11766,13
14987,13
22726,13
23649,13
24964,13
25040,13
25140,13
25174,13
28081,13
28583,13
24360,13
13046,13
22050,13
8601,13
11145,13
22626,13
22666,13
28672,13
29736,13
31520,13
42605,13
5333,13
42303,13
22843,13
23195,13
30523,13
32298,13
32592,13
33176,13
33923,13
35345,13
36770,13
37831,13
30540,13
38535,13
39892,13
40040,13
40788,13
41054,13
43401,13
44238,13
45592,13
41524,13
18091,13
27736,13
24227,13
32441,13
33034,13
42800,13
44698,13
20910,13
22835,13
32593,13
39739,13
41794,13
44086,13
29979,13
35067,13
102016,13
20826,13
53202,13
78100,13
55918,13
71777,13
25802,13
16515,13
12643,13
69876,13
21924,13
73780,13
27844,13
58718,13
66142,13
66455,13
68487,13
72506,13
78569,13
79834,13
83330,13
83094,13
86963,13
87968,13
59997,13
102835,13
98785,13
99271,13
98675,13
82281,13
79701,13
47267,13
92252,13
82046,13
74852,13
56940,13
43944,13
21440,13
70195,13
49119,13
61030,13
55084,13
56044,13
58040,13
61706,13
99847,13
66629,13
68152,13
81422,13
79173,13
80963,13
81701,13
83798,13
86442,13
86557,13
87088,13
89145,13
93469,13
93836,13
9568,13
724,13
827,13
1875,13
6566,13
7720,13
375,13
793,13
6040,13
10465,13
6682,13
7525,13
9618,13
9766,13
13629,13
16062,13
11692,13
4110,13
4469,13
14941,13
16293,13
6090,13
2640,13
4333,13
1870,13
9747,13
12796,13
12964,13
13450,13
15250,13
18005,13
22060,13
21259,13
10746,13
11813,13
12334,13
12967,13
16663,13
19577,13
13211,13
15884,13
20933,13
24354,13
25163,13
25757,13
26040,13
28748,13
4698,13
10620,13
15048,13
20278,13
24664,13
25562,13
18731,13
22312,13
23479,13
25830,13
28211,13
22531,13
23716,13
24149,13
28481,13
30913,13
31276,13
31396,13
33535,13
34360,13
34649,13
35464,13
38751,13
39099,13
44458,13
42970,13
29783,13
27670,13
28581,13
29299,13
32184,13
44345,13
34029,13
36617,13
37671,13
38541,13
39369,13
42122,13
43318,13
43901,13
38370,13
33023,13
36936,13
42159,13
20970,13
44915,13
34252,13
40480,13
43507,13
38092,13
39451,13
42098,13
38110,13
44747,13
17971,13
15077,13
96353,13
59477,13
75898,13
68748,13
86213,13
84699,13
37556,13
48794,13
61011,13
88486,13
68981,13
73236,13
76846,13
77610,13
37543,13
83062,13
86788,13
92377,13
93748,13
95659,13
66448,13
15214,13
71065,13
38320,13
53670,13
55725,13
42235,13
83952,13
87240,13
68380,13
83634,13
36473,13
93315,13
87064,13
96928,13
81985,13
45079,13
43302,13
48526,13
77908,13
53746,13
70217,13
71899,13
75077,13
78777,13
79913,13
80638,13
84977,13
84476,13
86746,13
1784,13
4657,13
1677,13
4305,13
5792,13
6279,13
1041,13
3038,13
13323,13
14913,13
3994,13
17786,13
7343,13
618,13
4562,13
5285,13
6481,13
9152,13
9583,13
12516,13
14687,13
16407,13
4652,13
8595,13
886,13
1474,13
6083,13
11635,13
14721,13
17471,13
11612,13
19854,13
8349,13
12369,13
22374,13
13885,13
19667,13
24815,13
25077,13
24127,13
25713,13
22088,13
26315,13
26760,13
26954,13
10742,13
21993,13
22976,13
23273,13
19754,13
28107,13
25440,13
30249,13
32435,13
33048,13
34238,13
34658,13
38705,13
43574,13
8548,13
22790,13
27448,13
27716,13
29072,13
29844,13
31986,13
32519,13
33311,13
33534,13
35035,13
36763,13
38731,13
38752,13
39930,13
43023,13
30493,13
21615,13
16462,13
26673,13
30585,13
32961,13
34380,13
38253,13
40736,13
38634,13
40786,13
22518,13
43269,13
44102,13
87357,13
58175,13
89659,13
62025,13
61112,13
85995,13
84443,13
55032,13
18311,13
43196,13
37985,13
40965,13
20971,13
55750,13
65004,13
55477,13
56423,13
58261,13
62558,13
64072,13
21930,13
73277,13
71982,13
63515,13
92107,13
95198,13
95503,13
74038,13
47584,13
76351,13
63633,13
81446,13
49845,13
85544,13
81957,13
77446,13
76697,13
82969,13
29568,13
88437,13
61251,13
91416,13
31419,13
60093,13
29973,13
68076,13
46139,13
47876,13
50386,13
51024,13
53721,13
74161,13
69822,13
62970,13
84049,13
88088,13
92066,13
93252,13
96697,13
98571,13
79116,13
54469,13
43804,13
87771,13
64953,13
68009,13
73937,13
94908,13
88111,13
98160,13
73577,13
81922,13
36683,13
82074,13
90385,13
85159,13
56303,13
49544,13
45457,13
47596,13
82476,13
48857,13
94884,13
63155,13
99435,13
55823,13
61135,13
69815,13
75093,13
77463,13
77673,13
78793,13
84187,13
86100,13
11787,13
90062,13
64168,13
91606,13
88948,13
96692,13
95509,13
97569,13
96495,13
99729,13
96723,13
68968,13
29063,13
56852,13
72684,13
62866,13
72766,13
79024,13
86426,13
87006,13
75768,13
45323,13
48166,13
54944,13
88137,13
78969,13
74058,13
37637,13
47150,13
94684,13
56697,13
63873,13
77550,13
92167,13
23986,13
67949,13
42734,13
73233,13
63640,13
62312,13
68280,13
30421,13
80165,13
51933,13
77329,13
39438,13
31055,13
46492,13
49324,13
50154,13
51547,13
58357,13
59740,13
69423,13
50960,13
55872,13
58499,13
62063,13
75982,13
44613,13
51487,13
55560,13
47588,13
50735,13
94175,13
93253,13
96714,13
59654,13
63770,13
60666,13
67764,13
50791,13
85202,13
96120,13
82288,13
90917,13
52092,13
46223,13
33205,13
50279,13
53551,13
59586,13
62839,13
67466,13
72838,13
85520,13
79409,13
73739,13
95552,13
71963,13
76456,13
82209,13
82548,13
83827,13
84538,13
85252,13
86432,13
89260,13
89147,13
89651,13
92334,13
95555,13
97715,13
97534,13
98606,13
81496,13
70788,13
58256,13
59691,13
69648,13
83312,13
53480,13
82543,13
86044,13
80419,13
73760,13
47445,13
77551,13
62726,13
68134,13
42215,13
72444,13
52370,13
73689,13
78106,13
97970,13
45356,13
52812,13
56730,13
60629,13
49738,13
46396,13
53396,13
51966,13
51772,13
55976,13
71287,13
46144,13
58506,13
61377,13
63757,13
65921,13
71014,13
61278,13
44743,13
46081,13
46514,13
58240,13
52901,13
68121,13
74072,13
53307,13
48940,13
56270,13
47813,13
51706,13
11937,13
928,13
1572,13
4425,13
4500,13
4617,13
5648,13
5806,13
8068,13
11870,13
11902,13
2121,13
5722,13
6408,13
10762,13
11905,13
15838,13
4733,13
9392,13
15703,13
1975,13
11185,13
14239,13
2407,13
3983,13
3052,13
10538,13
13099,13
14807,13
21442,13
8185,13
15008,13
15116,13
16687,13
17541,13
18619,13
19089,13
12411,13
12664,13
22881,13
24331,13
18279,13
11737,13
22621,13
23250,13
28276,13
32387,13
36913,13
39768,13
41755,13
22028,13
11434,13
21743,13
28300,13
22546,13
23576,13
25590,13
34930,13
32553,13
40036,13
35021,13
29454,13
28726,13
37482,13
38741,13
39324,13
38614,13
39602,13
40463,13
42007,13
44559,13
40724,13
26141,13
22263,13
21233,13
29597,13
36572,13
38649,13
40170,13
41546,13
25117,13
79218,13
65002,13
41864,13
63635,13
37197,13
20247,13
67644,13
57037,13
61969,13
68986,13
74698,13
87769,13
73893,13
89008,13
90617,13
92692,13
70208,13
56259,13
92627,13
77176,13
96144,13
104357,13
46452,13
80515,13
82394,13
91063,13
93507,13
86026,13
59709,13
14198,13
92870,13
68073,13
48972,13
61526,13
65996,13
74899,13
75926,13
79343,13
80196,13
80799,13
74563,13
93205,13
99656,13
101162,13
102007,13
84760,13
45510,13
48716,13
88609,13
63139,13
69657,13
33956,13
67943,13
54715,13
87799,13
96312,13
59957,13
70798,13
51381,13
40420,13
40762,13
41004,13
42640,13
46045,13
46380,13
48859,13
89591,13
78210,13
56054,13
58418,13
60678,13
60770,13
53100,13
61638,13
68480,13
71817,13
84391,13
73604,13
72389,13
95227,13
84751,13
86518,13
89531,13
88668,13
78644,13
15985,13
26005,13
59264,13
68118,13
46038,13
73837,13
67734,13
58475,13
54658,13
45098,13
45427,13
66379,13
62947,13
69587,13
69894,13
59139,13
83706,13
57478,13
67444,13
60864,13
58820,13
9497,13
79641,13
67960,13
87135,13
69554,13
62191,13
50285,13
58192,13
71494,13
51092,13
49205,13
75724,13
48507,13
56272,13
66907,13
73770,13
42330,13
43935,13
49457,13
72730,13
69674,13
62376,13
55277,13
48364,13
56606,13
57546,13
68320,13
45018,13
47743,13
61416,13
29802,13
44044,13
41450,13
59037,13
45274,13
51918,13
56970,13
94803,13
41924,13
102955,13
53973,13
58270,13
47162,13
85762,13
82318,13
43102,13
45513,13
50281,13
48982,13
76757,13
42292,13
42453,13
44770,13
52525,13
95892,13
55839,13
58488,13
65437,13
9534,13
70409,13
85510,13
78422,13
82612,13
85727,13
87016,13
30008,13
93756,13
96086,13
95850,13
94635,13
73146,13
55864,13
32135,13
87174,13
78724,13
55446,13
44828,13
62944,13
31507,13
36766,13
39668,13
52827,13
57364,13
61177,13
67696,13
64111,13
80815,13
62649,13
55646,13
65779,13
48898,13
58825,13
59885,13
63479,13
64348,13
55579,13
54525,13
61912,13
29908,13
64078,13
51386,13
46948,13
20389,13
59583,13
41504,13
59483,13
36412,13
51495,13
56603,13
59558,13
70074,13
71581,13
46293,13
49494,13
58632,13
59009,13
63487,13
62313,13
66273,13
68676,13
70945,13
74052,13
77402,13
58279,13
45440,13
53072,13
268,14
4175,14
4497,14
6563,14
7527,14
8818,14
11011,14
11657,14
11773,14
6105,14
822,14
1308,14
12442,14
12517,14
13372,14
13941,14
15742,14
11246,14
17596,14
11155,14
661,14
1390,14
2637,14
3987,14
10449,14
12635,14
14860,14
17026,14
20700,14
22617,14
10134,14
12298,14
19136,14
21941,14
10584,14
10059,14
25249,14
25501,14
27140,14
28013,14
19017,14
23949,14
25734,14
25777,14
26687,14
23314,14
22259,14
23355,14
32633,14
39982,14
46046,14
23228,14
24504,14
25526,14
29752,14
28524,14
30609,14
33444,14
37227,14
37203,14
37538,14
38140,14
39313,14
38872,14
40024,14
40904,14
41232,14
42086,14
42874,14
42941,14
36985,14
43768,14
10341,14
17882,14
37254,14
24436,14
37663,14
31233,14
14912,14
13801,14
82767,14
49448,14
27334,14
46917,14
50647,14
58007,14
59445,14
65140,14
80745,14
89003,14
85800,14
95989,14
99336,14
38976,14
89674,14
99699,14
64151,14
61348,14
80889,14
82792,14
76979,14
73368,14
32576,14
64611,14
86903,14
37832,14
81996,14
49766,14
56624,14
70514,14
48517,14
60309,14
61682,14
63579,14
79615,14
20869,14
84709,14
86659,14
81282,14
92781,14
3352,14
4296,14
7486,14
7533,14
8345,14
8447,14
11519,14
3733,14
6217,14
7465,14
8405,14
8429,14
4727,14
4984,14
5801,14
6884,14
6924,14
8442,14
9117,14
10951,14
13671,14
13952,14
14413,14
5223,14
14225,14
9435,14
9923,14
10526,14
11077,14
12431,14
15240,14
18095,14
325,14
2635,14
3026,14
3814,14
341,14
1218,14
3851,14
5935,14
1405,14
5864,14
13934,14
15030,14
15198,14
19099,14
19109,14
19750,14
21797,14
5063,14
11639,14
11973,14
16020,14
17771,14
22063,14
15610,14
27084,14
12738,14
23038,14
24189,14
24396,14
22631,14
25095,14
26576,14
26651,14
26787,14
28408,14
15555,14
23282,14
24299,14
27168,14
15437,14
28245,14
25305,14
22459,14
26106,14
33895,14
38354,14
41704,14
41736,14
43145,14
34528,14
25880,14
21232,14
27809,14
29914,14
33564,14
42852,14
33937,14
41226,14
30337,14
37461,14
39784,14
41930,14
44164,14
24015,14
15350,14
34709,14
35377,14
42064,14
44742,14
45202,14
45512,14
72314,14
83881,14
86510,14
57115,14
50716,14
29071,14
62021,14
74683,14
82484,14
83998,14
86964,14
91885,14
93423,14
101062,14
12625,14
78570,14
77945,14
89912,14
76972,14
91609,14
84077,14
81006,14
18420,14
34376,14
35829,14
47281,14
71244,14
62294,14
73149,14
61640,14
69152,14
72855,14
72892,14
89560,14
4914,14
718,14
3314,14
4379,14
12666,14
4106,14
4736,14
9089,14
11425,14
13110,14
13777,14
13851,14
16058,14
16339,14
16480,14
16643,14
6528,14
10490,14
13827,14
2276,14
13396,14
15154,14
17807,14
5784,14
21431,14
21449,14
19471,14
22140,14
23407,14
24983,14
26089,14
26094,14
26412,14
26660,14
24676,14
26993,14
17035,14
13047,14
13370,14
19121,14
24153,14
24342,14
25235,14
25976,14
26538,14
27369,14
27529,14
22127,14
9749,14
22405,14
25322,14
25653,14
34088,14
34290,14
37712,14
40177,14
29742,14
28286,14
30422,14
32851,14
33400,14
36122,14
37400,14
37528,14
40849,14
41821,14
44769,14
44856,14
41440,14
31894,14
30412,14
45130,14
37268,14
41897,14
52672,14
86971,14
68255,14
69714,14
86792,14
35347,14
46714,14
49761,14
90896,14
64592,14
63068,14
76944,14
88011,14
76729,14
77254,14
77756,14
83856,14
91889,14
90297,14
99397,14
103210,14
55498,14
92363,14
79527,14
75425,14
97928,14
99751,14
89157,14
21439,14
73644,14
45122,14
53301,14
75378,14
53291,14
56152,14
70880,14
71542,14
74177,14
76968,14
80285,14
81149,14
87021,14
86416,14
71052,14
61355,14
48182,14
78612,14
90028,14
97217,14
57183,14
19072,14
57624,14
82145,14
47559,14
53300,14
48269,14
54947,14
55410,14
80262,14
86216,14
67465,14
71223,14
91378,14
75161,14
75765,14
78189,14
79166,14
80144,14
50180,14
71396,14
88352,14
71904,14
90748,14
97430,14
98231,14
98996,14
100115,14
103881,14
99564,14
86938,14
54406,14
82681,14
49975,14
29412,14
36886,14
49282,14
79429,14
55557,14
61947,14
75353,14
83524,14
84145,14
49146,14
68432,14
82195,14
86221,14
40887,14
43037,14
53991,14
70088,14
60470,14
68390,14
75400,14
14191,14
34449,14
58643,14
35624,14
53297,14
50805,14
65192,14
66238,14
67179,14
48111,14
53597,14
62780,14
62882,14
65342,14
71723,14
31890,14
55878,14
43969,14
45620,14
50416,14
5609,14
54035,14
3055,14
2446,14
89743,14
96070,14
99704,14
98674,14
98745,14
44144,14
85168,14
71874,14
75533,14
39420,14
78684,14
96783,14
91266,14
62650,14
86895,14
86603,14
37029,14
46827,14
61157,14
65125,14
77806,14
78781,14
92815,14
55716,14
76177,14
88619,14
86411,14
86317,14
11788,14
87864,14
89010,14
90284,14
93986,14
92570,14
94741,14
104421,14
21940,14
82162,14
99184,14
80458,14
28870,14
42567,14
45099,14
52202,14
39289,14
59560,14
77779,14
86551,14
89065,14
89291,14
61720,14
72026,14
70200,14
66817,14
97815,14
32141,14
34734,14
39620,14
59073,14
65301,14
60201,14
49346,14
36064,14
50045,14
60797,14
61867,14
63301,14
63764,14
63890,14
65609,14
66917,14
61393,14
41372,14
43209,14
60161,14
52667,14
48207,14
71610,14
43682,14
45453,14
60135,14
45847,14
52168,14
56397,14
50029,14
4172,14
825,14
2977,14
4255,14
7221,14
7447,14
8812,14
9407,14
13836,14
7321,14
11341,14
12265,14
14681,14
2969,14
8059,14
11099,14
12989,14
11694,14
2682,14
13358,14
5506,14
3925,14
2204,14
2876,14
3136,14
13954,14
17642,14
19853,14
9696,14
19617,14
26342,14
23174,14
24590,14
25747,14
12840,14
27070,14
27589,14
22406,14
11149,14
22764,14
406,14
17860,14
13861,14
25514,14
25731,14
30250,14
32946,14
34774,14
36213,14
40188,14
40909,14
42191,14
45596,14
14189,14
22363,14
26503,14
30352,14
27982,14
33399,14
34963,14
36346,14
38598,14
39131,14
42183,14
42695,14
42016,14
43438,14
44871,14
45681,14
39021,14
23207,14
22805,14
26336,14
29789,14
33247,14
37937,14
42593,14
30580,14
34212,14
45925,14
32827,14
35080,14
87427,14
89242,14
90122,14
99225,14
86479,14
96770,14
41110,14
43671,14
90894,14
89903,14
72024,14
65421,14
60010,14
85166,14
89746,14
13804,14
24013,14
99182,14
84144,14
97113,14
80564,14
84354,14
49838,14
85107,14
75023,14
101550,14
51394,14
86816,14
45958,14
42468,14
61253,14
57247,14
66325,14
71582,14
77226,14
83435,14
84697,14
86285,14
96379,14
100373,14
96814,14
99790,14
74013,14
58217,14
72338,14
87212,14
90387,14
75757,14
89397,14
90505,14
77239,14
62955,14
91778,14
55209,14
83396,14
75557,14
36601,14
43098,14
27333,14
54740,14
56087,14
52179,14
60207,14
61012,14
64762,14
67426,14
85631,14
73025,14
75854,14
76860,14
77213,14
68212,14
86434,14
80251,14
89859,14
93778,14
95687,14
100141,14
75331,14
99145,14
57905,14
45374,14
49651,14
46273,14
63130,14
40872,14
49144,14
62846,14
68522,14
69158,14
75490,14
75197,14
48205,14
43651,14
54010,14
70747,14
43751,14
69926,14
82649,14
89790,14
49272,14
48892,14
67535,14
76558,14
51809,14
71684,14
49424,14
68446,14
48490,14
1836,14
59505,14
63030,14
69360,14
70278,14
75940,14
58602,14
33143,14
46473,14
52999,14
51901,14
56489,14
67544,14
80007,14
47200,14
12827,14
42069,14
49095,14
26738,14
98846,14
99250,14
73197,14
64625,14
49395,14
41645,14
74723,14
70777,14
89678,14
98938,14
98662,14
57173,14
70887,14
69405,14
52578,14
54728,14
54843,14
59877,14
61133,14
78900,14
68642,14
85207,14
76454,14
81143,14
77970,14
80077,14
80187,14
84043,14
85250,14
86874,14
87963,14
86218,14
78791,14
33816,14
93105,14
89544,14
98093,14
63651,14
58011,14
101685,14
75166,14
20439,14
48939,14
50291,14
50961,14
61593,14
69497,14
66408,14
84134,14
75501,14
90434,14
63043,14
92400,14
66667,14
67046,14
58949,14
49637,14
57515,14
58322,14
70693,14
67278,14
70199,14
36289,14
47523,14
46174,14
62363,14
64357,14
48579,14
46855,14
48822,14
64053,14
65745,14
68567,14
55765,14
46729,14
51923,14
49629,14
48712,14
48317,14
91,15
209,15
3501,15
4301,15
5786,15
11446,15
6337,15
9171,15
703,15
11278,15
14102,15
3074,15
4729,15
5743,15
7059,15
14401,15
16159,15
17170,15
3702,15
4931,15
1591,15
2218,15
10701,15
13122,15
13699,15
18033,15
18860,15
19387,15
8793,15
10677,15
15758,15
18473,15
21438,15
10391,15
23287,15
23966,15
25818,15
26956,15
27164,15
13547,15
24092,15
25282,15
25299,15
26829,15
28064,15
344,15
25552,15
13564,15
8499,15
23489,15
27818,15
24200,15
31050,15
33310,15
40502,15
43568,15
41734,15
10399,15
29241,15
18191,15
30973,15
32850,15
34174,15
19672,15
39413,15
43744,15
45391,15
29670,15
42446,15
8584,15
44163,15
16522,15
37630,15
45258,15
32365,15
26482,15
33930,15
44188,15
72371,15
101052,15
19555,15
93504,15
29065,15
18368,15
91091,15
55126,15
56749,15
71927,15
57520,15
73202,15
88010,15
93886,15
87766,15
67918,15
85431,15
91735,15
38880,15
73611,15
99547,15
62233,15
95996,15
69267,15
74140,15
76442,15
77514,15
78200,15
83171,15
83682,15
84045,15
86684,15
90202,15
92857,15
3856,15
664,15
6116,15
220,15
2430,15
5525,15
6579,15
7339,15
9411,15
11187,15
12636,15
13250,15
9453,15
1010,15
8734,15
9503,15
16080,15
1457,15
2006,15
840,15
1914,15
1441,15
9382,15
5843,15
354,15
4485,15
2890,15
3494,15
8886,15
12570,15
13495,15
15161,15
18236,15
21041,15
16973,15
17687,15
18458,15
18142,15
13227,15
22446,15
26032,15
27565,15
11663,15
14314,15
23495,15
28677,15
14809,15
27609,15
28332,15
16931,15
26774,15
30350,15
37275,15
38307,15
39582,15
42379,15
28674,15
26563,15
15852,15
23600,15
27444,15
29725,15
4272,15
29365,15
31013,15
31491,15
35409,15
34767,15
35869,15
35929,15
37025,15
37564,15
39574,15
38249,15
40937,15
41513,15
43444,15
34194,15
24984,15
26866,15
27425,15
41594,15
28547,15
36523,15
404,15
23196,15
30581,15
37246,15
39907,15
41943,15
70482,15
89148,15
73425,15
86728,15
81402,15
29089,15
55751,15
51342,15
61661,15
62667,15
65321,15
78236,15
81245,15
85561,15
71412,15
77308,15
86815,15
87915,15
89597,15
89684,15
89928,15
80202,15
92364,15
81741,15
88041,15
86108,15
90130,15
79639,15
86389,15
36357,15
40651,15
42025,15
48528,15
53215,15
57527,15
58938,15
58864,15
71320,15
72119,15
72584,15
73764,15
74696,15
74699,15
75221,15
77074,15
80128,15
80328,15
95233,15
87146,15
71506,15
85734,15
6904,15
8606,15
8727,15
15635,15
6954,15
7855,15
13357,15
14393,15
9423,15
11565,15
14014,15
14779,15
16575,15
1453,15
9279,15
8685,15
7847,15
6512,15
216,15
6195,15
4047,15
4983,15
4036,15
468,15
1246,15
2479,15
11139,15
18927,15
19132,15
12543,15
14150,15
14855,15
18724,15
19940,15
10608,15
25411,15
23100,15
23478,15
23854,15
23998,15
25091,15
25640,15
28031,15
17843,15
21617,15
14263,15
4449,15
22777,15
35318,15
19560,15
26134,15
27309,15
27810,15
28744,15
29776,15
32622,15
36710,15
40558,15
35875,15
44654,15
15651,15
27884,15
34193,15
36377,15
41028,15
43569,15
45053,15
45206,15
45645,15
30778,15
33455,15
43306,15
71958,15
92080,15
84614,15
54504,15
77483,15
84238,15
24883,15
920,15
21927,15
44491,15
51357,15
89966,15
72237,15
73216,15
80736,15
73337,15
75841,15
81398,15
83021,15
100982,15
84157,15
73211,15
84488,15
51090,15
99972,15
53535,15
81514,15
86238,15
87874,15
47298,15
24810,15
103515,15
45574,15
59346,15
50126,15
71476,15
71869,15
77288,15
78004,15
79102,15
81540,15
79259,15
83439,15
88096,15
91622,15
54351,15
57267,15
52863,15
69160,15
77014,15
67068,15
78378,15
74194,15
62950,15
92881,15
56600,15
51694,15
94516,15
83353,15
102851,15
88686,15
92976,15
984,15
82297,15
65008,15
59456,15
73551,15
75027,15
59916,15
78110,15
81917,15
84807,15
83755,15
49476,15
86004,15
55068,15
88914,15
94902,15
26324,15
69663,15
83159,15
60436,15
50075,15
70054,15
77602,15
68490,15
75782,15
58063,15
64664,15
68931,15
80972,15
72466,15
16138,15
43851,15
51363,15
36265,15
70385,15
56056,15
52246,15
56437,15
58733,15
63936,15
31399,15
48910,15
49805,15
55922,15
58502,15
58806,15
70800,15
74402,15
76215,15
47522,15
52566,15
48329,15
51631,15
54736,15
51589,15
52540,15
3042,15
91429,15
99058,15
101152,15
84855,15
83502,15
52407,15
42562,15
63607,15
90386,15
90828,15
58590,15
86487,15
102064,15
61906,15
38673,15
40466,15
48002,15
52796,15
53278,15
54460,15
55837,15
73008,15
58592,15
59081,15
59494,15
69905,15
70804,15
78650,15
72656,15
76931,15
73479,15
52381,15
79470,15
69552,15
86099,15
87207,15
89501,15
62114,15
88934,15
54788,15
47834,15
64229,15
84440,15
47196,15
52181,15
70678,15
80219,15
45175,15
54580,15
53051,15
88369,15
47787,15
85213,15
83515,15
49330,15
51808,15
65874,15
70352,15
75756,15
83927,15
73192,15
69293,15
54397,15
58114,15
58453,15
44672,15
70507,15
57481,15
57200,15
58311,15
32020,15
49231,15
53148,15
57746,15
65801,15
50744,15
3519,15
63791,15
65667,15
67232,15
68604,15
54021,15
78224,15
78763,15
57623,15
48054,15
47138,15
50190,15
57526,15
54063,15
53919,15
4017,15
741,15
784,15
2615,15
6610,15
9232,15
11176,15
5714,15
6128,15
6594,15
5749,15
6666,15
7237,15
11819,15
13828,15
15764,15
4517,15
12172,15
11484,15
14371,15
926,15
1437,15
1831,15
5070,15
1286,15
4483,15
16266,15
17423,15
18396,15
19054,15
22587,15
9585,15
24204,15
24330,15
25664,15
26692,15
27748,15
14983,15
18602,15
20612,15
23769,15
24632,15
25019,15
23274,15
23283,15
24508,15
26642,15
13400,15
26579,15
27311,15
31916,15
32159,15
33382,15
35910,15
36170,15
39618,15
41831,15
42635,15
43035,15
32260,15
22432,15
44720,15
29748,15
27607,15
28317,15
30844,15
33960,15
37659,15
38699,15
39114,15
42878,15
42745,15
42820,15
42014,15
44998,15
45287,15
42720,15
28684,15
45966,15
33608,15
44276,15
39392,15
43327,15
54149,15
92399,15
71424,15
48109,15
51496,15
97458,15
29104,15
78438,15
78834,15
91832,15
85158,15
83676,15
48580,15
55897,15
77023,15
65939,15
89979,15
85461,15
96578,15
81270,15
54778,15
75927,15
67305,15
48403,15
94544,15
77202,15
91507,15
31346,15
38130,15
39702,15
42585,15
46828,15
75351,15
75377,15
63117,15
76748,15
76991,15
77696,15
87896,15
91262,15
95535,15
75162,15
65475,15
52740,15
77248,15
97519,15
62703,15
37244,15
87657,15
69766,15
89632,15
88242,15
75146,15
79744,15
79129,15
54295,15
97007,15
64353,15
64352,15
65732,15
67360,15
67485,15
69141,15
71935,15
84349,15
99781,15
79249,15
79600,15
68780,15
85882,15
92212,15
69225,15
87952,15
88401,15
93066,15
62176,15
72180,15
56941,15
62201,15
90286,15
91234,15
60788,15
62738,15
52673,15
52530,15
66663,15
56197,15
63181,15
71876,15
90832,15
61249,15
35153,15
79844,15
65107,15
61503,15
33345,15
46171,15
39280,15
52856,15
55602,15
62939,15
65589,15
68319,15
35044,15
54220,15
57017,15
36644,15
98980,15
56946,15
104189,15
61343,15
75226,15
92986,15
59886,15
95272,15
97029,15
80809,15
57752,15
97216,15
19013,15
34624,15
98152,15
64649,15
67704,15
96545,15
73013,15
74354,15
75175,15
75301,15
76412,15
78799,15
74539,15
92068,15
94224,15
94291,15
98336,15
96728,15
89670,15
66776,15
20829,15
55470,15
83107,15
75452,15
79935,15
49301,15
42501,15
83015,15
81555,15
58657,15
92206,15
52767,15
67821,15
50978,15
55997,15
58982,15
58463,15
86882,15
92661,15
72300,15
70619,15
49621,15
58379,15
68308,15
46000,15
39845,15
41731,15
57893,15
60967,15
49208,15
58565,15
46721,15
51930,15
57835,15
50635,15
56040,15
48915,15
49242,15
7939,16
9095,16
931,16
3467,16
9715,16
10644,16
12160,16
14468,16
830,16
4480,16
6089,16
7359,16
14034,16
9933,16
8668,16
9556,16
13816,16
2738,16
754,16
16750,16
4898,16
11270,16
14853,16
10650,16
13180,16
16699,16
18725,16
18463,16
21822,16
10609,16
23296,16
23839,16
24402,16
24897,16
25844,16
26012,16
26323,16
26755,16
27274,16
27494,16
12228,16
23051,16
23295,16
26287,16
26506,16
17840,16
22150,16
22427,16
26686,16
27862,16
28890,16
29141,16
29903,16
40050,16
38897,16
16549,16
28872,16
22057,16
28856,16
30398,16
35815,16
37589,16
38184,16
45468,16
46322,16
26670,16
37798,16
37973,16
31033,16
33645,16
31921,16
31654,16
43602,16
22151,16
27208,16
33520,16
37974,16
43442,16
84970,16
66394,16
67616,16
75019,16
36015,16
91116,16
55752,16
60712,16
68093,16
85556,16
42373,16
54170,16
87104,16
79734,16
80872,16
96900,16
97117,16
79214,16
65909,16
77240,16
102592,16
70622,16
70161,16
95762,16
55400,16
99546,16
43945,16
34425,16
36686,16
62686,16
101547,16
52235,16
62754,16
67049,16
96122,16
70983,16
72498,16
73504,16
78074,16
79914,16
96013,16
87749,16
91677,16
3657,16
9855,16
10334,16
929,16
7236,16
7255,16
7386,16
7488,16
10670,16
1048,16
11148,16
15994,16
690,16
4553,16
14696,16
8355,16
8413,16
11272,16
13353,16
16765,16
3775,16
4286,16
16290,16
17900,16
3402,16
1977,16
1092,16
6958,16
16487,16
19183,16
19453,16
19517,16
5578,16
10639,16
13322,16
14967,16
18412,16
15836,16
18720,16
22501,16
14460,16
26335,16
23385,16
23844,16
26114,16
5310,16
25444,16
26621,16
13398,16
22359,16
22954,16
23269,16
23482,16
25499,16
26022,16
27339,16
22854,16
26382,16
27449,16
28358,16
21377,16
22438,16
24225,16
24900,16
26211,16
29139,16
30311,16
30665,16
31651,16
39971,16
14470,16
39023,16
23209,16
21976,16
28082,16
28137,16
29746,16
32087,16
32476,16
32481,16
37248,16
22454,16
36328,16
38869,16
40554,16
40575,16
39519,16
41972,16
42387,16
36777,16
39167,16
30649,16
23661,16
28871,16
40538,16
39923,16
73039,16
79437,16
51224,16
87713,16
77882,16
26258,16
23755,16
50164,16
53552,16
57041,16
94676,16
68272,16
72579,16
85495,16
71922,16
27896,16
80730,16
86137,16
90695,16
32497,16
80457,16
27336,16
94729,16
75200,16
93995,16
39080,16
45636,16
46337,16
50682,16
55610,16
62525,16
74688,16
74961,16
80546,16
72858,16
83498,16
85114,16
88549,16
7821,16
8819,16
4200,16
5650,16
7180,16
7750,16
8067,16
11134,16
15596,16
15609,16
22,16
2174,16
7246,16
770,16
6041,16
12037,16
16357,16
4807,16
5196,16
9000,16
9967,16
12850,16
13157,16
15756,16
12024,16
13215,16
1763,16
2119,16
2200,16
19518,16
19762,16
21394,16
22656,16
11793,16
11257,16
12540,16
16664,16
18464,16
20530,16
23163,16
18727,16
15231,16
22508,16
23197,16
23365,16
23901,16
27758,16
5558,16
26375,16
27537,16
10506,16
17534,16
17859,16
23031,16
24744,16
25088,16
11675,16
17305,16
17279,16
25779,16
11144,16
12763,16
29272,16
37657,16
38072,16
40513,16
41419,16
42625,16
29566,16
37365,16
30498,16
34264,16
34689,16
34935,16
36369,16
37484,16
38558,16
40032,16
40547,16
42115,16
43083,16
45201,16
27561,16
28567,16
10174,16
43600,16
31340,16
45876,16
83142,16
98201,16
95345,16
44683,16
80739,16
59034,16
97014,16
50557,16
54454,16
57258,16
59057,16
67798,16
60705,16
71769,16
68331,16
29981,16
84808,16
91687,16
89005,16
91860,16
92386,16
54583,16
76939,16
78424,16
96520,16
96096,16
43322,16
41338,16
46333,16
50591,16
61523,16
64770,16
79467,16
80574,16
83670,16
84635,16
86532,16
91462,16
92845,16
93835,16
99269,16
81442,16
53368,16
82455,16
86140,16
58486,16
95601,16
63103,16
85348,16
63171,16
35201,16
42810,16
43534,16
46222,16
75718,16
49597,16
90104,16
63881,16
64349,16
67123,16
72829,16
72182,16
76210,16
80969,16
71896,16
91670,16
89878,16
97556,16
73386,16
55381,16
52892,16
51710,16
62701,16
77647,16
74609,16
57288,16
47662,16
42012,16
50619,16
70309,16
81455,16
71286,16
17128,16
77051,16
54400,16
67076,16
68403,16
73349,16
70051,16
75151,16
37551,16
66369,16
39175,16
49802,16
52185,16
56377,16
68270,16
69470,16
51421,16
34336,16
66167,16
48445,16
56458,16
59438,16
73488,16
47465,16
60341,16
55883,16
51823,16
53358,16
54064,16
2317,16
103793,16
59597,16
59181,16
84895,16
78786,16
75499,16
96260,16
47508,16
93001,16
57410,16
65028,16
46228,16
53819,16
54365,16
56677,16
61814,16
60600,16
64135,16
68578,16
80773,16
80660,16
80687,16
79002,16
76858,16
80915,16
87210,16
86884,16
92255,16
96347,16
86729,16
47272,16
62224,16
68483,16
79875,16
79716,16
73712,16
97542,16
36903,16
68744,16
69290,16
68439,16
73789,16
83134,16
70951,16
45013,16
53553,16
69835,16
47658,16
58616,16
77954,16
39854,16
51241,16
61877,16
70604,16
55208,16
53606,16
58416,16
56294,16
53619,16
70754,16
72486,16
52799,16
59283,16
60710,16
65654,16
43432,16
60768,16
54018,16
34574,16
54008,16
50397,16
50192,16
52155,16
5958,16
12302,16
381,16
3397,16
4241,16
4365,16
8821,16
9416,16
16173,16
7909,16
7069,16
14445,16
1571,16
1915,16
2264,16
8687,16
8745,16
11686,16
12495,16
13720,16
16307,16
6059,16
12747,16
8267,16
1958,16
1101,16
2875,16
9493,16
19769,16
21585,16
22061,16
17533,16
18653,16
21559,16
18695,16
14673,16
10386,16
24869,16
19483,16
25102,16
25403,16
28142,16
28751,16
15117,16
24658,16
25028,16
25227,16
25236,16
21912,16
13687,16
30142,16
32747,16
35139,16
38171,16
44536,16
23417,16
23778,16
37944,16
30672,16
32302,16
33240,16
34035,16
41453,16
39409,16
44359,16
45815,16
25899,16
32987,16
31540,16
38346,16
40708,16
42015,16
44082,16
34691,16
58078,16
73088,16
46898,16
91689,16
81067,16
99274,16
75092,16
55723,16
68115,16
74295,16
75953,16
79944,16
89368,16
93497,16
97457,16
99525,16
93740,16
52577,16
73373,16
48587,16
51345,16
95608,16
44854,16
77058,16
62958,16
48503,16
81999,16
55361,16
71348,16
74060,16
71651,16
72167,16
81453,16
83985,16
88671,16
88833,16
90743,16
96098,16
98232,16
83789,16
55298,16
60560,16
78594,16
49373,16
84088,16
90537,16
72202,16
58894,16
80912,16
95846,16
43532,16
53265,16
56538,16
63307,16
65631,16
88869,16
99698,16
76936,16
80728,16
76392,16
39755,16
82122,16
78721,16
81341,16
82307,16
87623,16
84651,16
89364,16
96481,16
79306,16
94572,16
98200,16
98157,16
103195,16
48944,16
59105,16
44466,16
57077,16
47241,16
57822,16
78738,16
98633,16
61129,16
48088,16
49439,16
58417,16
64343,16
72723,16
71918,16
58031,16
88199,16
44975,16
57345,16
42187,16
73109,16
60636,16
47018,16
50657,16
57134,16
73169,16
52941,16
44465,16
65976,16
75232,16
34123,16
58795,16
56833,16
53844,16
48365,16
97850,16
79877,16
98094,16
79327,16
71704,16
85484,16
53361,16
60136,16
49344,16
63177,16
75058,16
96911,16
105483,16
35801,16
89486,16
58462,16
60464,16
61361,16
43320,16
64273,16
63517,16
78757,16
79084,16
79369,16
84042,16
40448,16
91672,16
61566,16
60154,16
72007,16
46956,16
60179,16
48487,16
51931,16
65929,16
68650,16
84329,16
70709,16
48620,16
68617,16
79638,16
76287,16
48402,16
39158,16
50567,16
57333,16
62876,16
67371,16
81705,16
64674,16
101382,16
63903,16
73474,16
63862,16
9325,16
60213,16
57524,16
50149,16
51156,16
53037,16
53130,16
58807,16
45127,16
47690,16
48051,16
53837,16
56578,16
62323,16
47463,16
43747,16
54031,16
46755,16
30705,16
55454,16
9656,17
191,17
1584,17
5527,17
5794,17
10273,17
11547,17
12559,17
13833,17
14568,17
175,17
7972,17
9085,17
10467,17
2334,17
9915,17
11857,17
16126,17
12550,17
612,17
10743,17
12185,17
1357,17
1038,17
3008,17
5905,17
21396,17
21405,17
14979,17
17304,17
18733,17
7291,17
25658,17
26296,17
15540,17
19519,17
13330,17
21606,17
25460,17
26756,17
23060,17
21220,17
16852,17
30923,17
32006,17
32600,17
34803,17
37127,17
41819,17
41542,17
15189,17
26600,17
29477,17
36426,17
37706,17
38435,17
38525,17
40948,17
26112,17
37060,17
43526,17
34307,17
46340,17
29938,17
72304,17
18977,17
76024,17
68983,17
67741,17
87866,17
88995,17
82215,17
89967,17
69918,17
81641,17
96757,17
24352,17
35923,17
66051,17
58409,17
66345,17
74116,17
74534,17
79498,17
77272,17
80100,17
80903,17
62066,17
91736,17
3927,17
4082,17
4414,17
2065,17
7452,17
8867,17
3896,17
12023,17
4146,17
8970,17
9153,17
16700,17
5000,17
5013,17
7039,17
12207,17
12993,17
16007,17
14672,17
8810,17
15203,17
12397,17
13626,17
17467,17
18428,17
12254,17
12954,17
17987,17
12523,17
10870,17
22589,17
24430,17
21314,17
25557,17
27399,17
25087,17
25610,17
28116,17
24068,17
24110,17
31701,17
33391,17
34444,17
34796,17
38609,17
41791,17
10531,17
22052,17
27525,17
28030,17
28665,17
29817,17
34255,17
30489,17
35553,17
36714,17
37456,17
37771,17
41208,17
5601,17
44418,17
21059,17
40630,17
45851,17
82531,17
71807,17
81602,17
35924,17
45441,17
51120,17
52448,17
57795,17
62173,17
75576,17
93672,17
79887,17
88738,17
78919,17
56122,17
9918,17
87445,17
87918,17
93690,17
47738,17
89058,17
83298,17
59919,17
67286,17
99595,17
47189,17
56820,17
72626,17
60063,17
72647,17
73546,17
77124,17
83109,17
90,17
1700,17
3482,17
4229,17
5850,17
7232,17
7539,17
8212,17
11680,17
11814,17
13123,17
14100,17
3661,17
4129,17
16276,17
17988,17
9856,17
6060,17
9717,17
14111,17
14210,17
17137,17
17520,17
7256,17
8346,17
11775,17
8890,17
9439,17
12383,17
3619,17
2854,17
3445,17
5125,17
1325,17
3046,17
11549,17
12947,17
19733,17
19901,17
19933,17
11231,17
16656,17
10369,17
11194,17
19793,17
23302,17
26049,17
442,17
27863,17
28244,17
12755,17
21557,17
21838,17
24831,17
28817,17
1771,17
25939,17
28149,17
28627,17
29382,17
30262,17
35418,17
42633,17
29558,17
40235,17
21441,17
28710,17
30086,17
29768,17
32130,17
32417,17
35534,17
36214,17
36427,17
39239,17
41732,17
38610,17
39956,17
21804,17
22245,17
36974,17
42189,17
38169,17
38232,17
59301,17
38603,17
69579,17
60495,17
88944,17
29093,17
44128,17
81222,17
94402,17
32010,17
47708,17
68344,17
71534,17
83924,17
22321,17
81228,17
90596,17
71376,17
91482,17
76994,17
34716,17
59468,17
62760,17
55921,17
59904,17
97739,17
82530,17
82438,17
92550,17
93741,17
104102,17
46030,17
76457,17
58286,17
67289,17
82652,17
51094,17
93533,17
56495,17
60927,17
55405,17
63776,17
73724,17
69136,17
72227,17
87164,17
85277,17
89489,17
97075,17
68091,17
83844,17
88347,17
29838,17
59498,17
62415,17
58433,17
64816,17
61161,17
63734,17
74888,17
59932,17
50545,17
60709,17
67652,17
45486,17
38223,17
43680,17
58373,17
54626,17
60299,17
29751,17
53041,17
47801,17
49437,17
50346,17
51489,17
16551,17
44570,17
63107,17
53485,17
95413,17
97218,17
62773,17
85302,17
80723,17
60865,17
101504,17
20159,17
90221,17
97006,17
44223,17
50250,17
58290,17
92297,17
70457,17
82330,17
68234,17
68210,17
73618,17
78855,17
81351,17
80600,17
84771,17
83851,17
85333,17
89496,17
85814,17
81467,17
91193,17
103620,17
64439,17
48422,17
50402,17
91437,17
77002,17
65159,17
49375,17
65541,17
20850,17
79099,17
51984,17
63170,17
46307,17
57694,17
53069,17
59375,17
52142,17
56922,17
16037,17
35048,17
34671,17
61447,17
57019,17
50799,17
659,17
8848,17
9233,17
4626,17
15099,17
87,17
1001,17
3262,17
4424,17
7448,17
7498,17
10664,17
11192,17
1211,17
3061,17
6076,17
1329,17
4188,17
7011,17
8990,17
9316,17
10114,17
15384,17
16636,17
5046,17
15242,17
5069,17
2633,17
2324,17
3982,17
1193,17
10956,17
14690,17
19392,17
17845,17
14291,17
16249,17
23812,17
25412,17
18696,17
26199,17
26952,17
27011,17
28085,17
10856,17
24340,17
25739,17
25689,17
36480,17
40290,17
45968,17
44728,17
32411,17
29590,17
38213,17
38104,17
40625,17
42040,17
16459,17
23231,17
35148,17
26327,17
32245,17
42031,17
45891,17
44343,17
63669,17
54652,17
82923,17
78280,17
96912,17
92349,17
25111,17
55562,17
48293,17
54108,17
67271,17
96577,17
86705,17
72636,17
91028,17
86464,17
99300,17
98672,17
58598,17
93313,17
94794,17
18719,17
82687,17
40070,17
30869,17
61226,17
75801,17
81915,17
86865,17
89076,17
94426,17
95422,17
94312,17
85118,17
99705,17
97755,17
97913,17
82274,17
78383,17
55067,17
65952,17
87421,17
48682,17
92847,17
80435,17
72028,17
93191,17
32415,17
49212,17
51474,17
56129,17
62367,17
69341,17
65540,17
59781,17
9513,17
88233,17
80704,17
76695,17
54564,17
82282,17
83866,17
85605,17
86592,17
47712,17
92253,17
93201,17
89146,17
98282,17
70471,17
71893,17
50689,17
53775,17
79874,17
53726,17
66713,17
57823,17
67607,17
69275,17
59230,17
75196,17
64158,17
82298,17
44532,17
47652,17
33219,17
51230,17
59246,17
82658,17
60192,17
74082,17
95964,17
52495,17
72236,17
45043,17
66813,17
67476,17
49262,17
57698,17
58837,17
54798,17
46591,17
48188,17
49816,17
53681,17
78129,17
60597,17
44719,17
59728,17
84763,17
91087,17
63576,17
68298,17
51013,17
57425,17
75384,17
58815,17
61592,17
61869,17
67111,17
88850,17
71482,17
59777,17
74814,17
77243,17
77252,17
78362,17
83983,17
76673,17
86143,17
85602,17
86152,17
86404,17
84916,17
73288,17
95190,17
96299,17
39174,17
40775,17
103341,17
39215,17
59786,17
74481,17
81017,17
53352,17
42542,17
58136,17
36070,17
52751,17
60163,17
69238,17
35324,17
62413,17
51103,17
59392,17
46812,17
67830,17
65879,17
32261,17
57525,17
66231,17
51855,17
55889,17
56761,17
60288,17
64037,17
68316,17
73056,17
56476,17
19064,17
48494,17
49008,17
3991,17
7066,18
1425,18
4756,18
11757,18
2142,18
12474,18
3032,18
5802,18
5995,18
10876,18
11321,18
11842,18
14295,18
15239,18
12068,18
13414,18
2520,18
4597,18
1073,18
1751,18
11370,18
5065,18
12952,18
16665,18
17118,18
17386,18
18641,18
20616,18
18801,18
22742,18
22792,18
23471,18
24284,18
24133,18
20885,18
23523,18
27015,18
28689,18
26263,18
27467,18
18556,18
23968,18
24100,18
28541,18
29594,18
31076,18
35151,18
35588,18
39437,18
41886,18
42951,18
18649,18
19563,18
27057,18
38225,18
28515,18
39632,18
39151,18
41482,18
41953,18
42423,18
42548,18
42807,18
43558,18
23068,18
34016,18
35522,18
35913,18
39278,18
30999,18
98934,18
59299,18
68252,18
87414,18
30796,18
95521,18
56515,18
67341,18
76408,18
62017,18
95562,18
49507,18
35478,18
104041,18
19486,18
75906,18
72011,18
88019,18
55034,18
64150,18
77974,18
77940,18
35940,18
94823,18
78561,18
72582,18
75012,18
41533,18
66218,18
47095,18
58635,18
62544,18
69666,18
80619,18
81582,18
84929,18
88375,18
90412,18
90646,18
93712,18
7010,18
7389,18
10586,18
6446,18
14832,18
800,18
5018,18
6950,18
8686,18
9288,18
9737,18
4069,18
4656,18
5777,18
4170,18
12712,18
1838,18
5457,18
11579,18
11634,18
17351,18
1512,18
2711,18
4236,18
8216,18
14057,18
17301,18
17942,18
19359,18
19440,18
8421,18
11206,18
18581,18
18933,18
3265,18
10594,18
21556,18
21897,18
24283,18
25423,18
24144,18
13308,18
24737,18
27315,18
18886,18
26934,18
6911,18
29060,18
32418,18
33075,18
41368,18
22946,18
23671,18
29528,18
35380,18
37319,18
37514,18
37908,18
38709,18
39440,18
41305,18
41985,18
44358,18
43856,18
45880,18
23821,18
30704,18
39122,18
24233,18
39230,18
42345,18
43032,18
27817,18
27265,18
31339,18
36783,18
41455,18
39627,18
14972,18
32308,18
43539,18
44679,18
72511,18
51347,18
72267,18
15941,18
22715,18
86313,18
62557,18
71128,18
76549,18
76478,18
80407,18
67760,18
65773,18
49613,18
71583,18
66784,18
61038,18
98508,18
95065,18
43649,18
77958,18
46970,18
60252,18
66664,18
69155,18
69039,18
73619,18
81145,18
84310,18
4655,18
13722,18
810,18
1866,18
3385,18
6292,18
7183,18
7907,18
16171,18
14443,18
1091,18
3361,18
4342,18
7332,18
9110,18
12427,18
13893,18
2384,18
2660,18
10367,18
8737,18
2531,18
14,18
1243,18
2778,18
11483,18
16935,18
21475,18
13018,18
17793,18
18651,18
7151,18
12768,18
4169,18
14229,18
22450,18
22892,18
23336,18
27626,18
28112,18
18934,18
23394,18
15491,18
17402,18
22937,18
23310,18
23930,18
25017,18
27222,18
28412,18
18979,18
5322,18
22085,18
26365,18
22476,18
15407,18
26880,18
30812,18
30817,18
37368,18
23694,18
24392,18
28375,18
28498,18
30807,18
33733,18
35263,18
36364,18
36786,18
39147,18
39547,18
40655,18
41887,18
42370,18
43314,18
43842,18
41842,18
30619,18
22740,18
34075,18
983,18
26128,18
27209,18
46078,18
28078,18
40035,18
40534,18
45445,18
23578,18
35434,18
30967,18
94759,18
76524,18
83412,18
49527,18
57783,18
66533,18
67832,18
72336,18
75215,18
75220,18
75886,18
80894,18
86466,18
92339,18
76965,18
77627,18
81199,18
86280,18
79888,18
71450,18
48877,18
50470,18
58432,18
61457,18
73841,18
73586,18
76440,18
80119,18
80319,18
82199,18
82419,18
81973,18
87018,18
92779,18
93735,18
73188,18
98952,18
73814,18
65365,18
62814,18
71946,18
94251,18
91509,18
99086,18
99614,18
52766,18
60977,18
34630,18
90054,18
75379,18
49899,18
69844,18
69928,18
73719,18
66383,18
75571,18
76864,18
76184,18
87432,18
87655,18
50871,18
94742,18
65428,18
73104,18
12544,18
52768,18
81849,18
56952,18
81859,18
55078,18
43381,18
49072,18
51773,18
56527,18
58772,18
58917,18
49237,18
72151,18
80478,18
65305,18
48253,18
44553,18
47036,18
49329,18
56936,18
58659,18
59038,18
51610,18
53057,18
69226,18
62751,18
59703,18
77723,18
57215,18
43633,18
49894,18
47462,18
51975,18
88855,18
59649,18
95064,18
102206,18
78474,18
53853,18
58595,18
73576,18
76763,18
20958,18
87383,18
47592,18
48761,18
51908,18
57211,18
63843,18
67463,18
68712,18
72604,18
91755,18
73542,18
73550,18
76261,18
65651,18
95253,18
77664,18
83714,18
85205,18
87436,18
101691,18
49105,18
76114,18
44042,18
95529,18
78321,18
74506,18
59922,18
42491,18
59102,18
67526,18
66668,18
71652,18
42102,18
68111,18
60558,18
47180,18
42591,18
56407,18
33426,18
48215,18
49456,18
56935,18
57292,18
58377,18
64844,18
35437,18
41406,18
54318,18
57347,18
65196,18
73256,18
47348,18
55309,18
42853,18
46683,18
53270,18
4181,18
3646,18
5647,18
6290,18
7195,18
15535,18
961,18
4215,18
11317,18
4927,18
7464,18
14249,18
10164,18
12572,18
12848,18
12282,18
14240,18
8487,18
1664,18
373,18
374,18
2271,18
3311,18
3984,18
7850,18
13242,18
21426,18
9015,18
9768,18
11603,18
19333,18
19308,18
22289,18
8898,18
15184,18
24749,18
26682,18
14640,18
17976,18
18789,18
21215,18
24608,18
26802,18
28759,18
19376,18
22230,18
22473,18
23158,18
23527,18
27203,18
27262,18
28893,18
23384,18
30143,18
30336,18
34052,18
36204,18
37509,18
39951,18
11661,18
10714,18
45135,18
24825,18
26758,18
29722,18
27974,18
21904,18
29757,18
33910,18
34196,18
33917,18
35893,18
37030,18
37660,18
39132,18
41093,18
29095,18
15067,18
28979,18
22772,18
39031,18
33305,18
40447,18
71713,18
59302,18
55924,18
21920,18
68836,18
56452,18
88555,18
94275,18
94844,18
60363,18
60538,18
76614,18
88983,18
90121,18
48738,18
66903,18
100163,18
92585,18
32337,18
53336,18
58347,18
58119,18
77943,18
59918,18
84286,18
84536,18
85251,18
94119,18
97797,18
100414,18
62116,18
60668,18
86399,18
57930,18
60846,18
8717,18
44306,18
46306,18
52739,18
59079,18
81223,18
65565,18
68294,18
78636,18
80761,18
72655,18
37143,18
75439,18
76242,18
84726,18
86348,18
95410,18
49542,18
58484,18
65910,18
85162,18
37128,18
53585,18
56405,18
55995,18
58534,18
63114,18
72362,18
74919,18
54497,18
74978,18
53926,18
71042,18
73252,18
51944,18
40074,18
29803,18
45619,18
52471,18
47895,18
49315,18
48557,18
3114,18
78446,18
71624,18
87148,18
83393,18
100386,18
47590,18
52032,18
59219,18
59868,18
67112,18
68946,18
72662,18
72844,18
85720,18
86126,18
92102,18
87863,18
96468,18
70896,18
82311,18
50826,18
51797,18
38256,18
59058,18
52107,18
62967,18
60824,18
58656,18
74043,18
49378,18
71705,18
75026,18
68384,18
45941,18
51771,18
59293,18
66617,18
48914,18
42987,18
59735,18
59370,18
46602,18
50223,18
51939,18
58808,18
62045,18
16208,18
48669,18
53706,18
61803,18
48158,18
2998,19
7410,19
8190,19
4353,19
4495,19
4555,19
9522,19
16085,19
5803,19
8298,19
9311,19
9648,19
10009,19
11647,19
377,19
5083,19
8239,19
8265,19
11630,19
1484,19
1844,19
2454,19
5383,19
9296,19
9716,19
12211,19
14195,19
15380,19
22995,19
18975,19
18659,19
19663,19
3317,19
23732,19
28440,19
18377,19
21612,19
12201,19
20699,19
8768,19
11822,19
21898,19
42270,19
24311,19
34867,19
31577,19
33747,19
36166,19
36176,19
40468,19
43081,19
36627,19
40602,19
30957,19
12008,19
39119,19
38519,19
42010,19
46064,19
46214,19
32607,19
39806,19
93100,19
98430,19
61505,19
74226,19
67435,19
79675,19
90262,19
47752,19
101204,19
81239,19
70623,19
45500,19
47726,19
67308,19
56095,19
60200,19
69259,19
91762,19
79566,19
74986,19
80954,19
81650,19
82255,19
92832,19
5809,19
6393,19
2249,19
6077,19
6608,19
173,19
5630,19
7131,19
12020,19
850,19
5094,19
8815,19
8962,19
9771,19
13778,19
15965,19
1108,19
13479,19
3906,19
2070,19
2270,19
4669,19
2966,19
8778,19
11970,19
18707,19
19950,19
23713,19
25079,19
25741,19
18210,19
23416,19
23445,19
25730,19
14499,19
25588,19
26206,19
28615,19
40803,19
16041,19
21282,19
29310,19
30077,19
30610,19
30947,19
32147,19
35446,19
36241,19
36423,19
36865,19
39598,19
39695,19
43208,19
42337,19
43132,19
45381,19
22686,19
27273,19
33212,19
23461,19
45171,19
38081,19
64614,19
71239,19
47835,19
77665,19
78875,19
66046,19
92892,19
62764,19
62869,19
75984,19
81355,19
40814,19
89536,19
98361,19
100552,19
102065,19
87978,19
78562,19
100920,19
89802,19
91294,19
91365,19
103070,19
82179,19
94782,19
96306,19
80483,19
88956,19
64102,19
29591,19
70403,19
38186,19
64312,19
40362,19
80609,19
69173,19
70661,19
72692,19
86712,19
912,19
1112,19
1551,19
4163,19
6271,19
7545,19
9013,19
12792,19
7424,19
5056,19
9144,19
11585,19
12632,19
13470,19
6870,19
3826,19
5222,19
11302,19
12963,19
3545,19
8645,19
15370,19
3027,19
1036,19
12976,19
12987,19
13559,19
14613,19
20698,19
17552,19
16932,19
22222,19
25427,19
5309,19
5566,19
20942,19
23425,19
27064,19
12111,19
13688,19
18533,19
24515,19
27030,19
27671,19
8900,19
17720,19
14221,19
27952,19
24702,19
35500,19
40350,19
27934,19
32385,19
32648,19
29453,19
37318,19
37673,19
39996,19
40019,19
39909,19
41556,19
33124,19
30862,19
24172,19
36776,19
38185,19
43285,19
38387,19
18361,19
69027,19
86679,19
87152,19
75307,19
62151,19
67550,19
75946,19
59434,19
63518,19
59254,19
67219,19
75786,19
45232,19
88146,19
100543,19
53577,19
83948,19
75844,19
88443,19
60232,19
81385,19
102185,19
36456,19
50788,19
79603,19
80224,19
82976,19
21050,19
100618,19
99440,19
101151,19
14846,19
44660,19
60388,19
91383,19
83188,19
60128,19
96718,19
53852,19
54330,19
68545,19
47840,19
61334,19
55005,19
59001,19
58993,19
66543,19
65124,19
9516,19
73396,19
77177,19
79560,19
78998,19
79489,19
101398,19
57506,19
85248,19
86260,19
87019,19
90246,19
91018,19
95118,19
62089,19
90553,19
69525,19
54080,19
52947,19
74347,19
39335,19
43552,19
76583,19
78507,19
55141,19
56059,19
61292,19
33225,19
53471,19
56689,19
49114,19
63792,19
66107,19
48970,19
55523,19
44676,19
47478,19
102551,19
96423,19
50951,19
51921,19
65738,19
82377,19
86398,19
85263,19
53761,19
84900,19
70045,19
78295,19
94044,19
86322,19
65890,19
88955,19
84559,19
82409,19
92289,19
90381,19
60634,19
94841,19
60156,19
34330,19
51898,19
90011,19
54045,19
73699,19
75781,19
39328,19
81803,19
64195,19
91881,19
91697,19
92449,19
93852,19
94183,19
99410,19
89898,19
66594,19
57148,19
48656,19
57560,19
67004,19
55404,19
58931,19
40776,19
57413,19
78182,19
57610,19
70567,19
54081,19
73111,19
56848,19
63393,19
78736,19
30564,19
57014,19
69190,19
61489,19
53650,19
52255,19
5833,19
2087,19
7261,19
742,19
8143,19
8664,19
12530,19
775,19
4165,19
163,19
10788,19
11159,19
13703,19
17583,19
17591,19
5481,19
1397,19
2534,19
2818,19
12038,19
17332,19
19728,19
7959,19
17743,19
19684,19
21418,19
28636,19
26243,19
24969,19
26641,19
18502,19
22569,19
23200,19
25421,19
24012,19
28259,19
29311,19
32186,19
32937,19
16997,19
38254,19
31708,19
32427,19
28493,19
38800,19
40045,19
40415,19
30178,19
42173,19
90408,19
90165,19
96316,19
90625,19
78873,19
33123,19
47006,19
48973,19
56227,19
57785,19
72033,19
67490,19
84018,19
69457,19
73388,19
57936,19
79043,19
84739,19
54744,19
66239,19
38129,19
88404,19
37852,19
82965,19
75375,19
87677,19
102630,19
57181,19
60615,19
62935,19
75344,19
78548,19
82830,19
84706,19
60644,19
61409,19
53043,19
64895,19
77054,19
70328,19
49986,19
62636,19
85513,19
73537,19
95267,19
84224,19
86508,19
72531,19
66036,19
88391,19
66278,19
54874,19
91703,19
102626,19
56221,19
57947,19
57948,19
85381,19
49399,19
36924,19
52866,19
83271,19
61832,19
68077,19
79021,19
49155,19
65071,19
69910,19
44273,19
55143,19
53025,19
59672,19
65006,19
51306,19
46012,19
57922,19
68866,19
61755,19
61266,19
47785,19
78355,19
51770,19
49360,19
35575,19
92391,19
89545,19
97767,19
69523,19
58481,19
47968,19
56084,19
59286,19
60724,19
61853,19
67121,19
70936,19
73398,19
73515,19
74412,19
88395,19
89276,19
91430,19
71355,19
52927,19
61353,19
44233,19
68056,19
59878,19
49611,19
75594,19
56595,19
79562,19
76263,19
45612,19
66381,19
76448,19
67540,19
67653,19
50551,19
62934,19
62942,19
43397,19
52861,19
49562,19
1257,20
4294,20
7033,20
7258,20
4470,20
14745,20
3215,20
8131,20
14986,20
17521,20
1407,20
5023,20
10593,20
5619,20
5718,20
12042,20
13404,20
14718,20
14836,20
17855,20
21363,20
22084,20
12668,20
13574,20
13633,20
16143,20
21287,20
11178,20
13154,20
25492,20
19805,20
20476,20
24268,20
18726,20
27025,20
22810,20
23874,20
30046,20
36578,20
36712,20
43334,20
34669,20
34794,20
39487,20
27039,20
29963,20
31451,20
31586,20
34006,20
36838,20
42724,20
43608,20
44347,20
43559,20
26879,20
39933,20
37898,20
41433,20
18650,20
33328,20
41676,20
46515,20
10175,20
70472,20
79598,20
56549,20
89281,20
61356,20
50547,20
34584,20
43384,20
63349,20
63932,20
71961,20
91032,20
68555,20
84794,20
85078,20
87807,20
95050,20
43592,20
53159,20
999,20
84793,20
89046,20
91467,20
80988,20
36560,20
36828,20
62419,20
71377,20
72379,20
75649,20
78242,20
86206,20
3005,20
3730,20
5268,20
5305,20
7189,20
7218,20
9351,20
16781,20
693,20
3166,20
9172,20
11516,20
2073,20
2254,20
12672,20
4661,20
8316,20
8741,20
12120,20
11529,20
8602,20
6267,20
4840,20
17727,20
19905,20
21616,20
18362,20
19467,20
21721,20
10523,20
22794,20
24514,20
26487,20
21997,20
22628,20
26782,20
25854,20
27050,20
13860,20
30392,20
31483,20
38155,20
40677,20
26693,20
29733,20
29754,20
29312,20
35159,20
38906,20
39049,20
41315,20
41573,20
40494,20
43620,20
33380,20
16112,20
32779,20
83088,20
82292,20
61556,20
46676,20
97737,20
85164,20
99348,20
78785,20
77108,20
18752,20
57564,20
22302,20
57396,20
86407,20
21926,20
93110,20
103316,20
75882,20
65702,20
80433,20
81846,20
73420,20
47809,20
72537,20
89093,20
54206,20
81221,20
82957,20
70188,20
36496,20
37968,20
44910,20
50230,20
51002,20
52687,20
52984,20
56082,20
59561,20
60255,20
69676,20
73501,20
48847,20
76029,20
95304,20
76181,20
83818,20
87027,20
1322,20
5156,20
6010,20
11743,20
11877,20
1968,20
7361,20
10069,20
12367,20
12493,20
576,20
1842,20
2106,20
4993,20
9520,20
11160,20
11276,20
12729,20
15294,20
16412,20
15010,20
2282,20
626,20
1695,20
734,20
10048,20
14260,20
17917,20
21793,20
8714,20
9969,20
15160,20
19631,20
22701,20
24308,20
24395,20
26286,20
27713,20
15280,20
17145,20
23294,20
23470,20
23725,20
23856,20
25950,20
19767,20
23822,20
33279,20
27219,20
29500,20
30611,20
32843,20
32982,20
34062,20
34940,20
41199,20
43445,20
46462,20
29800,20
32125,20
37959,20
23993,20
29230,20
39315,20
41267,20
41435,20
21218,20
46060,20
3960,20
53056,20
60164,20
79314,20
77225,20
77803,20
88540,20
92431,20
96922,20
78177,20
100821,20
76942,20
49223,20
77018,20
91960,20
49764,20
55863,20
58939,20
60235,20
62750,20
79354,20
87570,20
62079,20
45502,20
64089,20
41964,20
75924,20
48676,20
90025,20
59737,20
62084,20
61410,20
64354,20
66275,20
75739,20
49017,20
82851,20
84878,20
85881,20
86234,20
89206,20
89881,20
68406,20
57945,20
77145,20
67786,20
48815,20
68078,20
63708,20
39133,20
55439,20
68516,20
45470,20
53902,20
59490,20
46739,20
54424,20
63292,20
74864,20
55757,20
52876,20
52666,20
54374,20
45260,20
49463,20
50884,20
55460,20
48274,20
3105,20
82937,20
65688,20
92452,20
97568,20
66342,20
67735,20
41012,20
50221,20
55011,20
69266,20
91277,20
73815,20
75154,20
71966,20
76676,20
83638,20
85704,20
35218,20
98033,20
98354,20
69463,20
72546,20
76776,20
76380,20
53866,20
55242,20
50055,20
65445,20
78367,20
50841,20
41968,20
61005,20
47303,20
54612,20
64920,20
31800,20
50867,20
56998,20
62379,20
58863,20
52494,20
64752,20
54951,20
81091,20
47026,20
48262,20
58211,20
47750,20
2809,20
12387,20
6357,20
10480,20
12394,20
13269,20
12378,20
2944,20
6886,20
13451,20
11972,20
21609,20
19525,20
21283,20
22340,20
25839,20
27824,20
22822,20
23055,20
26676,20
27430,20
27789,20
22840,20
22864,20
26603,20
25413,20
26793,20
18435,20
29808,20
30361,20
35131,20
37508,20
3370,20
42811,20
22449,20
39500,20
23996,20
32664,20
30128,20
32646,20
33625,20
34069,20
38446,20
39870,20
41269,20
42880,20
43068,20
31053,20
34077,20
36842,20
22814,20
29959,20
35802,20
38488,20
38556,20
42477,20
43647,20
30969,20
83921,20
79831,20
60950,20
68575,20
86013,20
54385,20
56544,20
61311,20
72108,20
87066,20
77201,20
95037,20
92093,20
54073,20
70401,20
76839,20
56352,20
42602,20
95432,20
38817,20
40842,20
51072,20
57307,20
60314,20
61260,20
69179,20
48845,20
78404,20
79244,20
83275,20
87510,20
60406,20
88455,20
90308,20
98976,20
75855,20
87355,20
62987,20
78685,20
60561,20
47685,20
41216,20
47659,20
51868,20
54623,20
54924,20
63409,20
82919,20
80233,20
84299,20
89264,20
91845,20
96090,20
99766,20
33494,20
52924,20
44146,20
52923,20
21011,20
79272,20
64444,20
76123,20
48583,20
67081,20
68227,20
78375,20
73186,20
75600,20
56314,20
49112,20
53884,20
37093,20
46087,20
66839,20
71168,20
74835,20
51529,20
60606,20
88029,20
96085,20
102714,20
38908,20
51964,20
34043,20
91464,20
83225,20
17090,20
70645,20
74748,20
75218,20
76472,20
77805,20
83727,20
93211,20
98762,20
57615,20
55973,20
49269,20
49847,20
46411,20
27782,20
60489,20
62925,20
51528,20
54668,20
58782,20
66264,20
53505,20
49325,20
54133,20
59134,20
62346,20
79521,20
13518,20
51612,20
55880,20
53613,20
67556,20
5422,20
1509,21
15950,21
13213,21
13490,21
712,21
4108,21
6370,21
8450,21
11623,21
14787,21
2117,21
8677,21
1098,21
1725,21
905,21
1466,21
11815,21
15541,21
18226,21
18691,21
9294,21
11691,21
22699,21
23262,21
25224,21
26347,21
27325,21
27407,21
17595,21
26864,21
27207,21
24620,21
25165,21
27181,21
22852,21
26498,21
23162,21
24931,21
29735,21
30272,21
31385,21
33352,21
41971,21
41014,21
23792,21
21992,21
28756,21
31744,21
34525,21
37857,21
19722,21
41836,21
45735,21
30805,21
35554,21
39521,21
76525,21
86298,21
86308,21
97747,21
77455,21
52345,21
90169,21
84893,21
92355,21
51149,21
71867,21
89799,21
59478,21
82038,21
99505,21
31686,21
57855,21
45938,21
40294,21
70857,21
81533,21
63449,21
66706,21
81921,21
84533,21
86752,21
4191,21
4299,21
6981,21
2934,21
5788,21
3788,21
469,21
11566,21
16028,21
7764,21
9458,21
16078,21
3940,21
4724,21
446,21
12938,21
18278,21
12502,21
15098,21
17099,21
19025,21
18425,21
20807,21
21834,21
12275,21
21422,21
26471,21
24971,21
26589,21
27412,21
8452,21
23293,21
24047,21
25100,21
27026,21
10607,21
23970,21
24054,21
29050,21
34155,21
34743,21
46484,21
34413,21
14925,21
37356,21
35388,21
38168,21
39277,21
40338,21
42009,21
33062,21
15069,21
39490,21
25641,21
36152,21
38071,21
38241,21
43002,21
45087,21
43956,21
73727,21
76231,21
84032,21
72928,21
76021,21
80131,21
45586,21
59771,21
63069,21
63634,21
18823,21
73630,21
72621,21
85004,21
85083,21
75190,21
75921,21
56161,21
77516,21
67462,21
50172,21
84436,21
58131,21
80964,21
79305,21
82686,21
97546,21
58431,21
59158,21
61371,21
66829,21
67718,21
76483,21
74483,21
79192,21
84444,21
86210,21
87731,21
88344,21
11439,21
726,21
4557,21
4820,21
5269,21
6609,21
5700,21
11026,21
16273,21
1994,21
8992,21
9985,21
12750,21
16449,21
16961,21
5960,21
4203,21
22064,21
17965,21
20884,21
19959,21
20911,21
21827,21
3600,21
22298,21
24429,21
26554,21
10729,21
20947,21
21412,21
27800,21
18911,21
34130,21
35849,21
35999,21
36012,21
36059,21
36125,21
36563,21
7416,21
24208,21
42464,21
18908,21
17846,21
34167,21
35129,21
38190,21
39452,21
40508,21
40261,21
43708,21
38043,21
31702,21
41916,21
87459,21
102103,21
81687,21
66444,21
50975,21
67698,21
71819,21
55077,21
55116,21
48551,21
66938,21
70139,21
78240,21
70160,21
76437,21
90423,21
90132,21
65115,21
46236,21
67756,21
59733,21
90794,21
60175,21
62566,21
65572,21
98325,21
80508,21
70108,21
69677,21
78700,21
87974,21
88553,21
92795,21
93890,21
101831,21
75148,21
47601,21
76439,21
88612,21
90627,21
71828,21
76675,21
71812,21
92372,21
64929,21
54025,21
47969,21
75715,21
60278,21
59313,21
67079,21
67370,21
85311,21
85957,21
98495,21
99997,21
100967,21
58386,21
47641,21
48720,21
57175,21
58814,21
59324,21
60701,21
69665,21
56012,21
70784,21
76058,21
41589,21
48636,21
46852,21
53321,21
38315,21
45263,21
92586,21
57405,21
96083,21
88227,21
34490,21
74448,21
86503,21
92972,21
53140,21
39670,21
75732,21
49661,21
52817,21
53262,21
47453,21
61820,21
63427,21
72609,21
101053,21
31784,21
69761,21
55372,21
59799,21
49874,21
77790,21
73098,21
71895,21
53177,21
71140,21
56257,21
55895,21
60928,21
66749,21
56964,21
49719,21
62245,21
65104,21
71647,21
69230,21
52034,21
47855,21
47084,21
188,21
1118,21
1120,21
5012,21
5705,21
11520,21
6912,21
3471,21
4558,21
639,21
4693,21
6893,21
6927,21
9383,21
10796,21
14081,21
14992,21
15293,21
15026,21
875,21
2641,21
6644,21
3513,21
15704,21
18980,21
19550,21
5228,21
23945,21
17952,21
20689,21
21692,21
27069,21
7958,21
11820,21
23510,21
26834,21
24541,21
27446,21
15219,21
23727,21
29772,21
30202,21
31765,21
37433,21
44619,21
12412,21
27296,21
27437,21
27755,21
28359,21
29842,21
29983,21
30351,21
31012,21
32731,21
41908,21
34271,21
36682,21
38599,21
45085,21
43371,21
7631,21
34446,21
41437,21
42887,21
25085,21
84017,21
85131,21
46653,21
65577,21
42368,21
67880,21
70684,21
101467,21
99215,21
77183,21
58933,21
42946,21
96694,21
80791,21
68074,21
43538,21
50049,21
78287,21
79919,21
80322,21
81841,21
89385,21
89889,21
47753,21
77247,21
81233,21
73939,21
58719,21
58735,21
65433,21
69943,21
81877,21
95234,21
93443,21
96286,21
89549,21
43575,21
56289,21
94056,21
70002,21
71308,21
80685,21
72111,21
74995,21
62166,21
84910,21
79030,21
92780,21
93544,21
51415,21
34917,21
44171,21
53185,21
57287,21
85765,21
48742,21
77232,21
66497,21
40536,21
51142,21
51993,21
67190,21
51007,21
101729,21
58163,21
57828,21
58867,21
54718,21
90065,21
24070,21
63092,21
58026,21
69653,21
61768,21
49897,21
69814,21
69913,21
71600,21
76974,21
73516,21
75402,21
75493,21
84503,21
81891,21
84653,21
86195,21
86629,21
85215,21
88739,21
90819,21
91347,21
87065,21
94135,21
48846,21
95087,21
54375,21
62197,21
38078,21
77661,21
60808,21
63302,21
46546,21
51578,21
56712,21
47161,21
30052,21
79026,21
51385,21
69573,21
58514,21
46310,21
47859,21
48218,21
48504,21
77780,21
68066,21
47464,21
69431,21
67712,21
50107,21
55419,21
3621,21
1483,22
2134,22
2151,22
3141,22
4806,22
4856,22
4864,22
5140,22
9597,22
12384,22
8297,22
3468,22
5938,22
4890,22
7207,22
7342,22
7719,22
9362,22
13363,22
14391,22
7217,22
8650,22
10718,22
2636,22
3400,22
1558,22
7082,22
8408,22
18768,22
21430,22
13248,22
14434,22
20709,22
21539,22
15933,22
24453,22
22818,22
22734,22
28823,22
25920,22
29560,22
34883,22
36140,22
37495,22
38729,22
38762,22
13707,22
30432,22
31158,22
35738,22
36636,22
37997,22
38788,22
39102,22
44599,22
31493,22
36276,22
29753,22
40485,22
29852,22
41725,22
44077,22
44005,22
73067,22
47061,22
48398,22
52882,22
54807,22
70680,22
57956,22
80737,22
74348,22
80980,22
93854,22
67216,22
72908,22
79455,22
70531,22
52839,22
44414,22
47060,22
60383,22
73981,22
81323,22
45996,22
100031,22
55315,22
58694,22
66965,22
48843,22
18910,22
75397,22
62024,22
1628,22
6527,22
9051,22
3281,22
3791,22
6918,22
9027,22
10722,22
11981,22
13327,22
493,22
1455,22
8140,22
8665,22
11831,22
15022,22
3725,22
2288,22
900,22
819,22
16757,22
17716,22
18026,22
20883,22
8728,22
12678,22
22047,22
22754,22
25599,22
25856,22
26610,22
9164,22
17776,22
17932,22
27746,22
15266,22
9448,22
21524,22
23952,22
22118,22
27344,22
35637,22
38483,22
40580,22
42348,22
26732,22
22925,22
27951,22
33966,22
34918,22
36646,22
41428,22
41465,22
23965,22
45328,22
43452,22
41436,22
45276,22
76793,22
85645,22
91667,22
58079,22
49025,22
67996,22
53397,22
57713,22
68377,22
91034,22
77297,22
76410,22
79342,22
90254,22
91307,22
93333,22
57102,22
59069,22
38486,22
51227,22
38378,22
37803,22
43512,22
48040,22
50414,22
61485,22
77471,22
83577,22
84066,22
87789,22
86691,22
8469,22
723,22
828,22
4463,22
4765,22
5162,22
6104,22
7920,22
8007,22
8682,22
11368,22
14545,22
15262,22
15423,22
3797,22
8167,22
10598,22
6187,22
14422,22
6523,22
1853,22
13076,22
5797,22
15648,22
1834,22
13478,22
17812,22
20114,22
4116,22
19008,22
18059,22
16861,22
12637,22
22303,22
26601,22
27027,22
13128,22
25112,22
27033,22
23121,22
24069,22
33434,22
36367,22
13709,22
18438,22
18803,22
20232,22
25385,22
29697,22
31508,22
34692,22
43503,22
35665,22
37565,22
37972,22
38269,22
39725,22
45133,22
21373,22
31345,22
45729,22
34219,22
40962,22
96235,22
79407,22
79309,22
37578,22
65293,22
78660,22
74845,22
86732,22
90342,22
100258,22
85226,22
79858,22
80550,22
64860,22
67437,22
49675,22
90639,22
41530,22
93781,22
51929,22
83402,22
82283,22
88327,22
59842,22
90632,22
37440,22
62286,22
88615,22
49589,22
58055,22
48095,22
52800,22
55413,22
48077,22
56524,22
59656,22
66677,22
68944,22
69283,22
79284,22
83183,22
73291,22
91249,22
94205,22
75773,22
61923,22
72477,22
55125,22
82258,22
67583,22
53123,22
49174,22
49510,22
77137,22
35015,22
53654,22
60286,22
60730,22
70532,22
45279,22
64656,22
45142,22
65418,22
56616,22
48631,22
39734,22
52884,22
89895,22
90573,22
91138,22
93881,22
71665,22
77270,22
60208,22
63125,22
58952,22
99738,22
60723,22
87977,22
43936,22
47771,22
89270,22
50775,22
54523,22
90273,22
93960,22
56575,22
68221,22
96546,22
56249,22
97158,22
47558,22
57770,22
73224,22
53640,22
72491,22
45700,22
52862,22
47934,22
57035,22
70835,22
43561,22
46399,22
52693,22
56055,22
66310,22
51490,22
4851,22
13938,22
699,22
3294,22
5144,22
7096,22
8762,22
11082,22
11133,22
12547,22
683,22
709,22
2752,22
15375,22
3194,22
3875,22
4349,22
4792,22
8444,22
8638,22
16585,22
4381,22
21745,22
9769,22
11374,22
16384,22
15451,22
19962,22
19566,22
22314,22
22797,22
26292,22
18637,22
21367,22
26977,22
33650,22
27924,22
31841,22
32361,22
33306,22
33180,22
42276,22
42226,22
44107,22
30177,22
22949,22
38624,22
42243,22
73734,22
54150,22
100348,22
102527,22
83217,22
57533,22
66206,22
74781,22
82863,22
84142,22
96434,22
24533,22
83525,22
50669,22
55105,22
98043,22
82059,22
89209,22
60180,22
83552,22
84863,22
70426,22
96131,22
60979,22
65332,22
63839,22
48902,22
85338,22
61214,22
81642,22
95913,22
23900,22
34728,22
53049,22
44808,22
66495,22
73477,22
53876,22
49018,22
83739,22
89213,22
78040,22
87716,22
55399,22
50548,22
59948,22
61205,22
84398,22
95604,22
46666,22
70641,22
58969,22
50219,22
59739,22
74937,22
46129,22
47955,22
52764,22
56196,22
100070,22
91045,22
85350,22
90407,22
58339,22
32076,22
35165,22
51695,22
54844,22
56301,22
57231,22
61293,22
86379,22
66666,22
68987,22
69237,22
67687,22
70047,22
70383,22
61795,22
89713,22
87301,22
86261,22
99550,22
98493,22
93156,22
93900,22
97834,22
89445,22
54627,22
76547,22
39393,22
55596,22
59227,22
52192,22
29288,22
53113,22
58087,22
59760,22
38657,22
57566,22
68501,22
58741,22
76572,22
48058,22
52668,22
62657,22
66767,22
67565,22
54770,22
54753,22
34337,22
52894,22
4445,23
41,23
1214,23
3460,23
4161,23
4304,23
9287,23
1971,23
2278,23
6277,23
12408,23
14424,23
16060,23
17345,23
4722,23
1701,23
3308,23
11523,23
897,23
12591,23
12634,23
15514,23
18173,23
21572,23
19798,23
10274,23
16002,23
13640,23
13882,23
21044,23
26608,23
27567,23
23789,23
11666,23
28272,23
30667,23
32833,23
29904,23
31342,23
31351,23
39513,23
35664,23
36023,23
39799,23
39370,23
40192,23
40343,23
41658,23
39646,23
43582,23
44815,23
39052,23
42950,23
43500,23
34409,23
90755,23
42481,23
72127,23
98199,23
39454,23
41684,23
50916,23
54110,23
60493,23
71268,23
75189,23
62653,23
82155,23
86451,23
11348,23
837,23
2060,23
8883,23
10065,23
12526,23
12825,23
4014,23
3342,23
4267,23
5071,23
8127,23
9243,23
14073,23
9681,23
2545,23
13689,23
14683,23
7504,23
3276,23
2,23
1221,23
14342,23
20497,23
5583,23
14830,23
19185,23
19096,23
22354,23
23298,23
25381,23
20815,23
21913,23
28445,23
17950,23
26850,23
28955,23
8426,23
17451,23
19661,23
26895,23
27588,23
27909,23
24286,23
24966,23
23001,23
26048,23
34646,23
23366,23
32565,23
32879,23
35514,23
37501,23
40249,23
31081,23
44258,23
41833,23
46053,23
47202,23
64359,23
82450,23
61842,23
56414,23
63876,23
69186,23
86397,23
52012,23
83763,23
73761,23
37154,23
90485,23
66083,23
90798,23
75489,23
78249,23
80654,23
80906,23
84481,23
6136,23
7193,23
14574,23
14921,23
831,23
5361,23
5855,23
6620,23
8107,23
11131,23
4660,23
5146,23
9770,23
15191,23
17830,23
3117,23
2526,23
2098,23
2930,23
2245,23
15753,23
21890,23
19016,23
27711,23
28572,23
25422,23
25816,23
26131,23
27127,23
28294,23
29051,23
43222,23
22282,23
29758,23
28622,23
28707,23
29994,23
34211,23
35870,23
35633,23
36956,23
35686,23
38316,23
27372,23
46007,23
40145,23
92397,23
64445,23
84086,23
83349,23
72013,23
69340,23
71119,23
51700,23
70573,23
84661,23
72888,23
84044,23
40896,23
48525,23
49653,23
60529,23
71379,23
76369,23
79522,23
79999,23
70039,23
93974,23
97107,23
98791,23
101821,23
75508,23
96776,23
60972,23
48983,23
65868,23
61850,23
66393,23
67962,23
69270,23
69679,23
72374,23
64706,23
94277,23
76880,23
39637,23
67739,23
50642,23
47631,23
52524,23
77077,23
52306,23
63418,23
76617,23
40633,23
46088,23
43158,23
59111,23
52939,23
55899,23
57280,23
58320,23
60843,23
49020,23
54529,23
52895,23
47691,23
50913,23
45386,23
93563,23
91847,23
96378,23
84963,23
71729,23
87496,23
82044,23
69966,23
88918,23
97626,23
57749,23
45479,23
33221,23
57397,23
66526,23
62248,23
72901,23
73397,23
59633,23
67885,23
64710,23
81994,23
83026,23
91876,23
64082,23
96722,23
51367,23
81338,23
46654,23
72478,23
58348,23
75556,23
72276,23
49396,23
56370,23
47319,23
52147,23
56404,23
64140,23
78038,23
51611,23
53587,23
58151,23
62710,23
72065,23
51456,23
4222,23
666,23
725,23
782,23
4616,23
7095,23
2172,23
801,23
5446,23
1991,23
3722,23
9149,23
13695,23
2994,23
13309,23
6451,23
4708,23
2886,23
20822,23
20865,23
10497,23
18254,23
19609,23
17608,23
20197,23
25523,23
21374,23
22721,23
41824,23
43313,23
43562,23
44527,23
27321,23
27396,23
29456,23
30986,23
31480,23
28233,23
34060,23
37317,23
37736,23
38690,23
38851,23
42954,23
42300,23
36740,23
44018,23
42735,23
29756,23
29706,23
92341,23
67254,23
67264,23
54199,23
48839,23
52239,23
88917,23
89502,23
71003,23
47430,23
83610,23
80640,23
93004,23
83743,23
85394,23
93297,23
97247,23
72753,23
88923,23
83234,23
76632,23
102428,23
80624,23
71923,23
47244,23
52870,23
63007,23
74847,23
81051,23
83082,23
83300,23
60091,23
58476,23
56255,23
85103,23
85313,23
63172,23
73007,23
11154,23
63266,23
47561,23
46431,23
55092,23
50370,23
58928,23
59029,23
64594,23
61613,23
64670,23
67740,23
85613,23
86249,23
89205,23
38452,23
67774,23
86701,23
55259,23
53591,23
64016,23
15053,23
75507,23
60661,23
68195,23
53482,23
59831,23
73342,23
61037,23
48256,23
61522,23
46491,23
51331,23
59281,23
67649,23
48137,23
49010,23
78957,23
54853,23
69764,23
35215,23
77067,23
94575,23
86102,23
54358,23
84159,23
35600,23
53621,23
58053,23
64599,23
76784,23
50205,23
81411,23
86018,23
78103,23
90818,23
91465,23
81001,23
54332,23
51837,23
83702,23
45227,23
48370,23
34488,23
41000,23
54954,23
68626,23
54738,23
28766,23
45312,23
47455,23
55213,23
79320,23
3924,23
9589,24
2931,24
696,24
3039,24
5642,24
7108,24
7159,24
16957,24
3459,24
11179,24
5191,24
7309,24
7795,24
10575,24
11557,24
11590,24
11965,24
13431,24
9437,24
2101,24
5173,24
1249,24
3928,24
9035,24
11733,24
15966,24
19068,24
10492,24
15247,24
17336,24
18582,24
21942,24
8902,24
24512,24
26973,24
7862,24
24563,24
28122,24
23991,24
15238,24
23663,24
28356,24
31025,24
33394,24
43416,24
44323,24
21330,24
27861,24
26898,24
31132,24
32625,24
37689,24
39084,24
41667,24
30330,24
42220,24
26130,24
28373,24
36862,24
41675,24
44416,24
39051,24
31358,24
45249,24
87431,24
84667,24
59772,24
73133,24
71553,24
73394,24
77855,24
88986,24
89985,24
90211,24
80335,24
85959,24
38611,24
70127,24
45978,24
56505,24
74065,24
60367,24
62259,24
80652,24
85322,24
86450,24
4367,24
5641,24
1310,24
2611,24
6695,24
7226,24
7496,24
12267,24
10904,24
4834,24
4343,24
5738,24
6220,24
6553,24
6745,24
10410,24
11568,24
12602,24
13335,24
17298,24
1368,24
3953,24
19784,24
22126,24
11613,24
18734,24
24727,24
25182,24
26727,24
20412,24
23035,24
23492,24
27152,24
27155,24
26455,24
11884,24
26006,24
30976,24
36121,24
41082,24
9695,24
24199,24
41859,24
35346,24
36142,24
35427,24
36215,24
34496,24
39361,24
40457,24
40063,24
28285,24
34050,24
36856,24
37414,24
42873,24
7898,24
42742,24
36202,24
52742,24
102207,24
20068,24
70154,24
86113,24
55217,24
92563,24
31349,24
56747,24
58662,24
61493,24
73144,24
88581,24
96884,24
101117,24
56537,24
63850,24
36244,24
45100,24
45158,24
47509,24
62646,24
66154,24
97062,24
76943,24
86741,24
484,24
4447,24
10472,24
12994,24
9570,24
12739,24
17539,24
1837,24
2371,24
3175,24
4920,24
7327,24
11980,24
13021,24
13160,24
17586,24
954,24
2153,24
5272,24
3075,24
371,24
1871,24
2145,24
16415,24
16882,24
1963,24
17213,24
19796,24
20109,24
21951,24
26883,24
5022,24
22538,24
23594,24
27913,24
25955,24
31048,24
36390,24
40497,24
37938,24
24148,24
32909,24
40038,24
40560,24
15081,24
17597,24
43301,24
43860,24
40610,24
12742,24
45986,24
44052,24
57434,24
90289,24
48535,24
60844,24
50546,24
54985,24
73631,24
77323,24
68833,24
80847,24
56478,24
68649,24
68140,24
49236,24
50347,24
62621,24
86107,24
86162,24
92322,24
68976,24
103424,24
81066,24
75137,24
73961,24
40328,24
73572,24
68908,24
68038,24
94121,24
86998,24
100450,24
77913,24
40422,24
79466,24
58460,24
75626,24
61158,24
87794,24
63506,24
72432,24
95018,24
64659,24
69002,24
73643,24
75090,24
82578,24
83545,24
99853,24
91326,24
100374,24
66632,24
48216,24
61603,24
78029,24
73958,24
81437,24
44849,24
59976,24
47562,24
55254,24
57821,24
48544,24
59843,24
52815,24
65238,24
55364,24
63838,24
94276,24
67545,24
69597,24
19302,24
30975,24
49126,24
50287,24
99342,24
68279,24
68229,24
73437,24
79845,24
73962,24
83854,24
87333,24
96809,24
54785,24
102929,24
58477,24
70704,24
63628,24
46976,24
43892,24
47503,24
54147,24
48401,24
68941,24
53011,24
43033,24
43482,24
48730,24
58752,24
66158,24
40471,24
56002,24
56417,24
3338,24
818,24
4248,24
9291,24
12005,24
14022,24
4508,24
7606,24
7607,24
7842,24
8587,24
902,24
3261,24
5941,24
7792,24
12855,24
8729,24
14833,24
15009,24
16971,24
10621,24
3119,24
3857,24
6701,24
3093,24
14547,24
21231,24
15126,24
25437,24
7975,24
19459,24
25429,24
11637,24
12470,24
25237,24
24782,24
28894,24
24767,24
25053,24
34220,24
42544,24
23619,24
23660,24
30697,24
34539,24
22491,24
43522,24
40121,24
40540,24
14882,24
31985,24
42006,24
91129,24
78521,24
74345,24
52929,24
83769,24
32437,24
44502,24
51293,24
89225,24
71747,24
70165,24
82168,24
64742,24
36784,24
57240,24
61482,24
68417,24
73238,24
74655,24
84304,24
80899,24
83635,24
30647,24
61719,24
95365,24
95544,24
96388,24
85279,24
60468,24
75779,24
83111,24
69131,24
54145,24
55659,24
48868,24
58132,24
52933,24
63639,24
65156,24
69184,24
92722,24
75540,24
77163,24
81373,24
86382,24
69595,24
56532,24
56565,24
55568,24
10952,24
78971,24
54362,24
49001,24
21288,24
47587,24
47350,24
70043,24
47418,24
54371,24
3224,24
35475,24
71625,24
76304,24
84816,24
85711,24
80623,24
84494,24
30009,24
49813,24
61336,24
48510,24
53763,24
52701,24
62749,24
77671,24
72315,24
72778,24
72259,24
75671,24
88005,24
64170,24
62087,24
99409,24
44737,24
64205,24
67221,24
49662,24
56117,24
67128,24
71787,24
63328,24
67587,24
54911,24
60036,24
71322,24
63492,24
67711,24
54023,24
77461,24
51335,24
40943,24
51672,24
3569,25
6278,25
7216,25
611,25
3886,25
3300,25
4686,25
5123,25
7603,25
10668,25
12118,25
2562,25
4454,25
15557,25
3024,25
16270,25
3393,25
2496,25
2521,25
5131,25
369,25
3795,25
6039,25
18599,25
22352,25
16438,25
21294,25
22444,25
23933,25
25223,25
27091,25
27451,25
28822,25
26797,25
29049,25
30089,25
34476,25
37280,25
38967,25
26306,25
26029,25
46095,25
33681,25
24872,25
37529,25
43868,25
45035,25
35806,25
43745,25
46615,25
38975,25
90823,25
78091,25
82247,25
74183,25
88534,25
53084,25
96287,25
6495,25
48257,25
96380,25
68957,25
75171,25
80729,25
87699,25
380,25
4183,25
4490,25
11309,25
13831,25
5044,25
9524,25
1993,25
4259,25
4714,25
6821,25
9007,25
9122,25
13482,25
14209,25
14993,25
15106,25
3381,25
23,25
3499,25
1560,25
1355,25
288,25
17866,25
18849,25
21608,25
19325,25
7179,25
23771,25
10489,25
23201,25
25281,25
19052,25
23800,25
25258,25
33611,25
35942,25
36102,25
34407,25
23721,25
44718,25
28150,25
29777,25
32962,25
37146,25
38604,25
39138,25
39621,25
41717,25
42429,25
45205,25
37800,25
41710,25
42986,25
35821,25
41773,25
73609,25
53641,25
87894,25
85030,25
71354,25
47475,25
51052,25
74021,25
91472,25
61711,25
66645,25
72508,25
84741,25
90020,25
80189,25
58683,25
59614,25
100928,25
41410,25
89552,25
95010,25
80491,25
62055,25
19826,25
34084,25
49366,25
84678,25
43644,25
51925,25
96986,25
58667,25
67412,25
79636,25
82754,25
85227,25
8527,25
1141,25
4013,25
1876,25
5608,25
7196,25
8207,25
9704,25
14367,25
16376,25
3458,25
3474,25
4002,25
8556,25
9084,25
14926,25
9457,25
14369,25
2376,25
534,25
7209,25
10553,25
14918,25
19058,25
8333,25
18711,25
13993,25
26236,25
24287,25
25716,25
15580,25
23533,25
26841,25
27653,25
26639,25
23260,25
26142,25
32464,25
31629,25
33912,25
33902,25
35305,25
35694,25
37142,25
40229,25
31111,25
42018,25
35857,25
41301,25
42688,25
19686,25
40203,25
45960,25
7634,25
51674,25
54596,25
61883,25
52444,25
59710,25
62870,25
67782,25
76978,25
78637,25
54202,25
58345,25
47679,25
80870,25
38992,25
38474,25
86314,25
54352,25
67795,25
73673,25
84498,25
84711,25
84406,25
84834,25
85877,25
86351,25
61587,25
73165,25
77921,25
58465,25
55368,25
78428,25
89174,25
56847,25
82639,25
55010,25
56763,25
58959,25
62034,25
78888,25
80780,25
95921,25
29609,25
53055,25
68317,25
50435,25
56185,25
58536,25
47628,25
47017,25
51959,25
48165,25
74227,25
85244,25
90034,25
65777,25
48493,25
43015,25
82871,25
58960,25
68988,25
84403,25
44890,25
88067,25
89811,25
54935,25
51417,25
48144,25
44706,25
29080,25
36001,25
51438,25
48498,25
69416,25
48367,25
9310,25
57268,25
61041,25
54943,25
45913,25
4148,25
5088,25
5161,25
6067,25
8075,25
1839,25
1612,25
2892,25
4734,25
5313,25
8302,25
11259,25
11978,25
9719,25
273,25
5154,25
1194,25
2364,25
4961,25
16131,25
19761,25
7155,25
22697,25
11242,25
26469,25
17936,25
26117,25
22213,25
24147,25
18906,25
19182,25
22939,25
29186,25
35081,25
40801,25
43337,25
21902,25
30268,25
31474,25
33457,25
39575,25
40154,25
41604,25
23869,25
15082,25
25604,25
42066,25
43639,25
1999,25
83216,25
66240,25
63802,25
77884,25
80622,25
59685,25
68274,25
70970,25
73843,25
98954,25
83963,25
100130,25
70853,25
43679,25
47288,25
52902,25
59407,25
57950,25
80028,25
62913,25
47011,25
52119,25
96455,25
95803,25
78090,25
86893,25
76754,25
84819,25
70463,25
95109,25
88052,25
55423,25
55441,25
58310,25
58458,25
59495,25
51150,25
72976,25
81507,25
85297,25
88400,25
92555,25
51833,25
60838,25
48592,25
49103,25
60132,25
60484,25
54539,25
63383,25
47995,25
3341,25
97548,25
64556,25
79312,25
95799,25
44887,25
44668,25
77910,25
55328,25
58774,25
69438,25
87183,25
73097,25
74615,25
78481,25
66962,25
86051,25
69220,25
56559,25
70819,25
69507,25
59093,25
53214,25
89711,25
52759,25
49428,25
49704,25
66039,25
55974,25
63493,25
51628,25
955,26
7577,26
9849,26
3391,26
3534,26
3802,26
7377,26
12667,26
12929,26
15591,26
9590,26
6779,26
6806,26
14996,26
13087,26
2226,26
11782,26
12927,26
2118,26
117,26
3357,26
9965,26
27024,26
27719,26
26305,26
14627,26
24653,26
5358,26
27099,26
30693,26
32164,26
35435,26
38994,26
19404,26
22676,26
37940,26
29108,26
29358,26
29886,26
29996,26
30840,26
34300,26
35135,26
38451,26
45718,26
34299,26
39732,26
41945,26
41583,26
35990,26
3961,26
57622,26
66378,26
53582,26
59588,26
47334,26
57605,26
69309,26
65598,26
83018,26
96139,26
82465,26
53977,26
62267,26
96608,26
46138,26
75474,26
33319,26
57286,26
54053,26
62033,26
69301,26
71285,26
81064,26
80828,26
56716,26
86700,26
92480,26
11679,26
1594,26
6942,26
4283,26
8954,26
9718,26
12972,26
16125,26
17369,26
12901,26
14188,26
9574,26
5026,26
2241,26
3310,26
16524,26
18018,26
18663,26
23406,26
26122,26
27793,26
25507,26
13214,26
20718,26
25218,26
22993,26
37640,26
22731,26
29672,26
27877,26
20964,26
35800,26
36672,26
29273,26
32605,26
42238,26
28190,26
39448,26
24341,26
30623,26
92632,26
55118,26
86993,26
61443,26
86783,26
88728,26
87645,26
69509,26
90845,26
94424,26
27625,26
63907,26
46505,26
58349,26
61058,26
92443,26
92301,26
82153,26
7844,26
9444,26
219,26
1532,26
3138,26
3264,26
9680,26
10535,26
18238,26
6909,26
9651,26
11914,26
15698,26
1656,26
14289,26
1884,26
3571,26
13572,26
22135,26
12503,26
12897,26
19484,26
18887,26
21691,26
22640,26
20240,26
21893,26
22056,26
22492,26
25960,26
14971,26
24132,26
25432,26
27608,26
17833,26
23428,26
23483,26
25445,26
25810,26
30977,26
36882,26
22305,26
44882,26
38718,26
39520,26
41298,26
29516,26
23720,26
41185,26
41863,26
42454,26
23612,26
40030,26
50079,26
53187,26
51022,26
79475,26
68300,26
80195,26
86243,26
66350,26
11554,26
96238,26
70512,26
62503,26
91169,26
41564,26
59141,26
71169,26
73153,26
79228,26
79546,26
81430,26
92254,26
29987,26
51031,26
79749,26
78470,26
33228,26
62462,26
50616,26
47439,26
61847,26
61297,26
67689,26
80002,26
75458,26
85655,26
68277,26
49043,26
76523,26
48993,26
55528,26
61360,26
65742,26
74838,26
49742,26
51673,26
54125,26
92891,26
59115,26
75778,26
92031,26
97710,26
74590,26
100169,26
50704,26
63246,26
69164,26
71589,26
61846,26
80056,26
93185,26
99079,26
75191,26
29837,26
53903,26
56441,26
54058,26
60697,26
68420,26
2699,26
3629,26
11191,26
11357,26
2606,26
9142,26
14732,26
3656,26
11996,26
38,26
8301,26
9266,26
10922,26
11226,26
11979,26
13797,26
5773,26
9350,26
10130,26
4985,26
9961,26
3505,26
5244,26
5297,26
2843,26
8201,26
10004,26
16382,26
19115,26
19921,26
20520,26
25245,26
28420,26
22389,26
23460,26
25974,26
27908,26
16519,26
14665,26
19751,26
30978,26
35424,26
39038,26
42249,26
42293,26
33339,26
33751,26
33959,26
37013,26
39449,26
45984,26
29825,26
38948,26
35920,26
45078,26
86730,26
56627,26
67480,26
72239,26
89007,26
72384,26
40749,26
86228,26
48217,26
80220,26
78824,26
83719,26
54886,26
49141,26
54300,26
55436,26
63362,26
70575,26
85006,26
91229,26
100617,26
48357,26
70605,26
92005,26
84491,26
75641,26
77112,26
68873,26
52798,26
37639,26
99077,26
47435,26
53406,26
54923,26
67658,26
83732,26
73535,26
75780,26
56096,26
77831,26
68236,26
79759,26
82550,26
83942,26
89750,26
92581,26
98065,26
45634,26
50312,26
61722,26
30839,26
59004,26
49549,26
50379,26
58242,26
61357,26
62771,26
51457,26
51667,26
4966,26
76338,26
59442,26
53622,26
64622,26
76641,26
93514,26
35726,26
49545,26
53469,26
68910,26
73575,26
73834,26
90919,26
92491,26
48871,26
69036,26
39727,26
55396,26
62037,26
66995,26
71072,26
45816,26
47229,26
8356,27
8440,27
16372,27
763,27
3500,27
5267,27
5324,27
7444,27
8122,27
8347,27
14828,27
12525,27
863,27
14425,27
15507,27
317,27
13530,27
16967,27
6139,27
118,27
2377,27
1350,27
1752,27
14043,27
19000,27
19127,27
20226,27
22008,27
11824,27
15850,27
17957,27
27258,27
23908,27
26280,27
17874,27
21187,27
23104,27
23740,27
24772,27
25451,27
23261,27
26196,27
28688,27
32131,27
33646,27
37478,27
12450,27
17101,27
30666,27
31008,27
33126,27
39337,27
40864,27
30773,27
42597,27
41549,27
42958,27
32534,27
36695,27
39715,27
42749,27
71987,27
83883,27
58567,27
92354,27
59502,27
45375,27
69191,27
89740,27
85529,27
69640,27
48273,27
73150,27
42564,27
51757,27
34424,27
70362,27
48885,27
57756,27
59072,27
63299,27
70606,27
70949,27
75614,27
79898,27
1507,27
3538,27
12463,27
17338,27
2488,27
10612,27
11085,27
13085,27
10460,27
16918,27
15508,27
1770,27
4745,27
6225,27
9424,27
9936,27
11359,27
7299,27
2459,27
3762,27
2448,27
11658,27
18841,27
19923,27
20999,27
7147,27
10136,27
16660,27
14980,27
10110,27
7630,27
20244,27
21973,27
22304,27
23666,27
26597,27
24383,27
25825,27
26974,27
28040,27
9600,27
23014,27
27883,27
17209,27
24033,27
28261,27
22844,27
23564,27
27969,27
34215,27
40499,27
44558,27
21981,27
25491,27
28708,27
35196,27
36926,27
40225,27
42001,27
28421,27
30179,27
71323,27
57407,27
71475,27
94671,27
55342,27
37088,27
64462,27
68167,27
72779,27
76460,27
85463,27
54813,27
67642,27
86625,27
96079,27
70829,27
66293,27
94016,27
57740,27
63184,27
84668,27
77534,27
83661,27
83797,27
80076,27
6423,27
4119,27
4468,27
6607,27
9394,27
9733,27
13231,27
1364,27
3256,27
9405,27
8299,27
12124,27
13814,27
17352,27
4607,27
8228,27
657,27
1398,27
12569,27
18022,27
19323,27
14372,27
21547,27
21840,27
20468,27
15735,27
21425,27
23969,27
24505,27
24597,27
18787,27
22530,27
25750,27
30215,27
40571,27
23615,27
25803,27
28661,27
29001,27
30624,27
19202,27
31224,27
37497,27
41398,27
41947,27
42467,27
43319,27
33200,27
16927,27
46677,27
36206,27
37809,27
36663,27
45474,27
89648,27
83599,27
60579,27
79330,27
85775,27
94255,27
97954,27
51517,27
69942,27
39578,27
60910,27
55261,27
33371,27
46522,27
50436,27
55351,27
69429,27
70344,27
78629,27
71613,27
74971,27
80813,27
80986,27
99653,27
97425,27
53865,27
87739,27
60667,27
61740,27
47528,27
55849,27
68041,27
74097,27
77445,27
68191,27
56939,27
93346,27
94700,27
98316,27
72771,27
80275,27
48489,27
58294,27
50333,27
44361,27
64467,27
45126,27
46844,27
50443,27
50663,27
51018,27
85307,27
55435,27
85071,27
34448,27
70071,27
43981,27
84099,27
81892,27
51267,27
55674,27
57715,27
62889,27
65535,27
64122,27
62206,27
46435,27
84931,27
88666,27
85323,27
85741,27
52334,27
86958,27
79672,27
52452,27
58369,27
48383,27
58372,27
64663,27
72909,27
53032,27
44659,27
52520,27
71135,27
45482,27
12304,27
391,27
1403,27
3748,27
3822,27
5052,27
13133,27
14849,27
16779,27
3647,27
11175,27
14411,27
9853,27
3664,27
424,27
7211,27
13552,27
20280,27
11526,27
26586,27
18704,27
14290,27
16921,27
22005,27
23410,27
27029,27
27806,27
27128,27
24137,27
22680,27
27078,27
14974,27
7783,27
39568,27
25881,27
28743,27
29806,27
33163,27
36481,27
36905,27
37643,27
41715,27
38875,27
39325,27
41051,27
41596,27
42795,27
40363,27
43655,27
44586,27
41050,27
59345,27
80472,27
71381,27
51251,27
50793,27
85560,27
94645,27
49972,27
73624,27
56277,27
98981,27
90517,27
49285,27
92308,27
81856,27
89275,27
52865,27
34149,27
78250,27
44817,27
56080,27
49774,27
55810,27
56975,27
62971,27
69477,27
78368,27
67174,27
85740,27
62226,27
101078,27
64437,27
46389,27
71953,27
48775,27
52094,27
50338,27
22267,27
47988,27
56850,27
39823,27
52311,27
48574,27
53549,27
46447,27
51592,27
47756,27
50870,27
51871,27
52843,27
58236,27
38506,27
61419,27
61609,27
63009,27
71813,27
67695,27
70535,27
64491,27
74237,27
61412,27
50946,27
50222,27
53596,27
81942,27
47976,27
48042,27
61327,27
73675,27
47548,27
48812,27
2084,28
10042,28
3374,28
16691,28
17278,28
5275,28
1768,28
351,28
1861,28
3157,28
14517,28
20591,28
8985,28
12677,28
13473,28
19470,28
14144,28
16144,28
22040,28
22310,28
26456,28
27174,28
19580,28
19739,28
28380,28
28696,28
25836,28
19840,28
28038,28
24662,28
26965,28
31116,28
28633,28
37906,28
24387,28
25231,28
31745,28
29434,28
32983,28
33151,28
42883,28
39060,28
39580,28
19137,28
41214,28
19579,28
33127,28
39925,28
73377,28
76787,28
55987,28
97101,28
97588,28
46221,28
78199,28
86769,28
51926,28
65809,28
68839,28
71741,28
92285,28
89279,28
272,28
2884,28
3801,28
4916,28
6024,28
7328,28
10738,28
63,28
706,28
7801,28
2963,28
11792,28
2196,28
11369,28
19771,28
19070,28
14146,28
19493,28
22655,28
23810,28
24446,28
19829,28
27094,28
27654,28
28129,28
10804,28
25342,28
21285,28
25538,28
23159,28
23453,28
24173,28
43767,28
29767,28
38814,28
37485,28
38026,28
38607,28
39564,28
43292,28
17015,28
79854,28
65263,28
92084,28
48552,28
29044,28
48502,28
52161,28
67475,28
78173,28
79295,28
96317,28
77942,28
92529,28
60706,28
54726,28
98329,28
78670,28
87608,28
89526,28
1503,28
56,28
5776,28
8582,28
8866,28
9352,28
9775,28
16242,28
6691,28
15861,28
778,28
5445,28
15031,28
1524,28
7316,28
10929,28
11796,28
14448,28
16061,28
195,28
4799,28
13701,28
11735,28
7495,28
27054,28
10237,28
14540,28
23192,28
24534,28
28275,28
28491,28
29117,28
32598,28
41540,28
36982,28
37349,28
30622,28
35510,28
40981,28
24452,28
42856,28
45532,28
35494,28
29784,28
84740,28
61528,28
81661,28
60934,28
64700,28
89194,28
83105,28
84800,28
86256,28
95114,28
59962,28
61191,28
39326,28
89210,28
69035,28
61212,28
80471,28
82010,28
52062,28
49455,28
64065,28
62643,28
69622,28
52117,28
55447,28
82011,28
64278,28
73543,28
85106,28
35217,28
43859,28
29788,28
65689,28
67575,28
58809,28
38299,28
76102,28
38097,28
47935,28
63384,28
62940,28
72002,28
78584,28
100906,28
51317,28
43012,28
54084,28
54846,28
56680,28
59620,28
61091,28
61851,28
61615,28
66694,28
72449,28
72875,28
81018,28
73121,28
85276,28
86984,28
60298,28
54777,28
75236,28
49467,28
60374,28
49559,28
48764,28
52050,28
73090,28
48606,28
55014,28
60143,28
62395,28
65903,28
51454,28
53845,28
6008,28
13368,28
515,28
3764,28
4042,28
6291,28
8580,28
14316,28
14555,28
1187,28
2860,28
7380,28
3463,28
1992,28
3606,28
11794,28
8294,28
12907,28
2441,28
2458,28
323,28
9366,28
12241,28
14148,28
21401,28
13252,28
5346,28
5020,28
5330,28
22554,28
27304,28
26333,28
21878,28
25363,28
20230,28
10520,28
27799,28
29723,28
30495,28
42124,28
985,28
27865,28
28699,28
28742,28
30478,28
6248,28
31398,28
36421,28
36699,28
41621,28
43596,28
23803,28
34498,28
36498,28
39148,28
39508,28
87905,28
71957,28
72207,28
52777,28
55402,28
66785,28
68660,28
73842,28
88022,28
60539,28
87535,28
90736,28
30742,28
62565,28
63753,28
82388,28
81386,28
86740,28
47208,28
44078,28
79791,28
55566,28
63340,28
68915,28
60728,28
58838,28
60737,28
75371,28
77700,28
81878,28
82507,28
83069,28
86131,28
70269,28
47035,28
63825,28
16532,28
60209,28
74357,28
61013,28
48978,28
34366,28
47477,28
56555,28
79789,28
91103,28
91130,28
77788,28
57122,28
57340,28
96702,28
87820,28
78053,28
78145,28
72770,28
40683,28
56310,28
59142,28
94036,28
61101,28
58162,28
39250,28
53537,28
51218,28
47789,28
45782,28
8859,29
9857,29
1617,29
3828,29
5852,29
6764,29
12101,29
12308,29
8560,29
9028,29
18015,29
18217,29
5811,29
2530,29
8708,29
19554,29
20049,29
20050,29
18967,29
19572,29
23440,29
25384,29
24067,29
24578,29
6966,29
22494,29
24008,29
27644,29
11371,29
23614,29
36704,29
25057,29
26539,29
34124,29
36778,29
37068,29
42296,29
25725,29
125,29
17110,29
43609,29
37402,29
46071,29
46415,29
44373,29
74786,29
68261,29
47078,29
96916,29
85354,29
21925,29
50112,29
57244,29
48626,29
55252,29
68361,29
86324,29
74558,29
84291,29
79088,29
72589,29
59823,29
57887,29
51423,29
92378,29
84307,29
64317,29
63131,29
58910,29
49557,29
47829,29
82623,29
30055,29
80210,29
61230,29
88853,29
39,29
4120,29
5081,29
11140,29
1969,29
714,29
8147,29
12423,29
13369,29
16450,29
1906,29
7123,29
15027,29
19369,29
21416,29
16196,29
16445,29
18930,29
24717,29
27087,29
14806,29
21944,29
20252,29
26976,29
27166,29
22941,29
25205,29
39372,29
38853,29
44085,29
37650,29
26664,29
32515,29
39109,29
53736,29
29068,29
92053,29
95974,29
56109,29
73141,29
75905,29
82502,29
93780,29
94971,29
97798,29
66123,29
83687,29
89329,29
94818,29
61195,29
56274,29
57737,29
62496,29
76643,29
81111,29
84565,29
78294,29
80948,29
80436,29
87169,29
87726,29
6668,29
1511,29
962,29
6355,29
11084,29
16914,29
2002,29
4930,29
8060,29
11572,29
833,29
17523,29
605,29
8044,29
11475,29
11738,29
3627,29
14944,29
16268,29
19108,29
22382,29
8330,29
12466,29
14629,29
14190,29
21694,29
20845,29
25606,29
27931,29
28896,29
16798,29
24778,29
28073,29
25511,29
8304,29
22392,29
25096,29
30236,29
40676,29
15858,29
31821,29
32822,29
35799,29
39381,29
42546,29
41485,29
32230,29
38916,29
68376,29
71382,29
56029,29
60101,29
62902,29
20934,29
89958,29
63438,29
71022,29
76997,29
86850,29
91721,29
85155,29
90279,29
95605,29
94557,29
31997,29
69816,29
66660,29
86921,29
71955,29
83890,29
80216,29
83326,29
90566,29
75374,29
79124,29
73430,29
90821,29
98634,29
55120,29
60643,29
62893,29
67925,29
71972,29
74313,29
76980,29
94187,29
76257,29
45349,29
52692,29
50283,29
66498,29
46731,29
48883,29
55586,29
54380,29
49875,29
51696,29
51334,29
46379,29
2208,29
59244,29
49220,29
50087,29
51656,29
61086,29
69140,29
78214,29
91458,29
92210,29
95794,29
98509,29
68184,29
55401,29
62355,29
77975,29
57229,29
65201,29
50749,29
46730,29
43272,29
53364,29
69232,29
45503,29
48598,29
4415,29
3832,29
16375,29
4282,29
11861,29
4659,29
8226,29
17441,29
10873,29
13972,29
17157,29
2104,29
18856,29
18931,29
11602,29
18405,29
17684,29
14764,29
20788,29
21467,29
23709,29
24188,29
18703,29
8739,29
10739,29
21366,29
23802,29
31725,29
35885,29
42174,29
45882,29
28985,29
26116,29
34354,29
34827,29
38989,29
39106,29
39945,29
40373,29
41730,29
42207,29
44779,29
45404,29
42721,29
37407,29
45084,29
31658,29
39377,29
60256,29
67255,29
61362,29
82964,29
67670,29
53906,29
77645,29
93339,29
85979,29
72510,29
66148,29
84949,29
47396,29
56033,29
58428,29
33944,29
58923,29
63508,29
71271,29
72627,29
61648,29
49104,29
39957,29
37562,29
63958,29
52932,29
62484,29
48725,29
75363,29
69268,29
70481,29
72120,29
74023,29
95042,29
80628,29
59282,29
64160,29
94404,29
62243,29
47217,29
77138,29
53248,29
57444,29
63682,29
62435,29
48122,29
75192,29
80966,29
85694,29
96735,29
21324,29
19071,29
73455,29
75720,29
53293,29
64683,29
65780,29
70148,29
73651,29
74992,29
72392,29
90281,29
79150,29
50366,29
77714,29
45048,29
50928,29
58179,29
59927,29
47454,29
51671,29
3557,29
2691,29
360,30
1668,30
3625,30
5570,30
7158,30
7401,30
8064,30
8809,30
10126,30
10684,30
1995,30
4705,30
10516,30
11440,30
13766,30
16893,30
5812,30
2923,30
4637,30
8709,30
8892,30
12407,30
8138,30
1164,30
17469,30
22582,30
8626,30
27401,30
28779,30
24629,30
26179,30
40160,30
23431,30
25450,30
35872,30
36542,30
39824,30
40956,30
44439,30
45366,30
23480,30
43459,30
38662,30
54422,30
61538,30
74209,30
82290,30
84927,30
72279,30
84055,30
53994,30
86785,30
52840,30
99328,30
48817,30
87682,30
67791,30
78729,30
85120,30
90345,30
86,30
3315,30
3515,30
9432,30
10539,30
10599,30
11728,30
3843,30
4066,30
7835,30
4640,30
6798,30
8515,30
8967,30
10565,30
13245,30
15744,30
1263,30
14722,30
22396,30
15450,30
21445,30
28400,30
23256,30
24346,30
26082,30
28542,30
21435,30
15915,30
15936,30
26840,30
28866,30
23692,30
24976,30
31572,30
32463,30
35963,30
25541,30
31018,30
29449,30
42156,30
44321,30
42608,30
39477,30
44539,30
44713,30
75356,30
96234,30
99354,30
76297,30
53941,30
52369,30
84597,30
82140,30
60378,30
77626,30
87416,30
49240,30
89376,30
84665,30
58930,30
93247,30
80882,30
65347,30
47289,30
66782,30
75014,30
80194,30
82386,30
89306,30
166,30
229,30
4512,30
12158,30
5721,30
3774,30
8564,30
4988,30
7017,30
11583,30
12213,30
3690,30
3829,30
5027,30
13512,30
15964,30
19365,30
899,30
9123,30
8724,30
20474,30
24064,30
5332,30
23441,30
26241,30
26585,30
26862,30
26941,30
12776,30
24379,30
27503,30
30162,30
30875,30
39152,30
40216,30
25025,30
31001,30
34377,30
37439,30
36524,30
44643,30
90686,30
99363,30
74613,30
83494,30
77891,30
55729,30
62418,30
89564,30
96656,30
69919,30
77949,30
72767,30
47545,30
61036,30
43225,30
55166,30
59938,30
97567,30
99351,30
71283,30
63598,30
78239,30
80646,30
50811,30
65605,30
92158,30
33217,30
78344,30
57693,30
60822,30
72437,30
65844,30
85763,30
89547,30
47268,30
68958,30
59237,30
52671,30
76121,30
35848,30
57201,30
52985,30
58235,30
91897,30
70131,30
69808,30
33213,30
94250,30
60072,30
63906,30
59484,30
79118,30
63044,30
83809,30
53275,30
71282,30
60227,30
76918,30
49556,30
55048,30
58461,30
68368,30
62587,30
48239,30
58319,30
46785,30
60285,30
63259,30
49113,30
66704,30
56165,30
70444,30
55341,30
2416,30
4492,30
7112,30
8681,30
12461,30
14021,30
15545,30
944,30
4726,30
6969,30
9208,30
9240,30
9376,30
11560,30
12847,30
13537,30
16065,30
3514,30
7113,30
12139,30
13091,30
14495,30
3420,30
1782,30
12478,30
13476,30
11971,30
10555,30
17768,30
16846,30
21911,30
22773,30
26892,30
23702,30
27303,30
21526,30
22364,30
23443,30
5841,30
27715,30
28859,30
31766,30
33701,30
37174,30
40062,30
27697,30
39014,30
32143,30
39367,30
40977,30
35340,30
35735,30
37124,30
8477,30
63253,30
79051,30
71365,30
90365,30
83526,30
59343,30
72669,30
52750,30
45093,30
50282,30
81060,30
89548,30
83170,30
76618,30
56581,30
46397,30
84827,30
17529,30
19304,30
31000,30
57093,30
82005,30
67451,30
70624,30
67876,30
67025,30
78552,30
59389,30
47308,30
56254,30
57368,30
77724,30
54857,30
49364,30
52488,30
56514,30
60217,30
50487,30
82553,30
59936,30
75536,30
61420,30
45102,30
82998,30
95438,30
77050,30
79050,30
79352,30
87495,30
88312,30
52753,30
71848,30
77978,30
82210,30
68894,30
49166,30
60323,30
51989,30
63470,30
73876,30
47630,30
54937,30
53461,30
2268,31
812,31
7537,31
11028,31
3123,31
3585,31
17989,31
3090,31
18968,31
16142,31
17841,31
20108,31
24192,31
23656,31
27198,31
5376,31
25147,31
25216,31
26805,31
31015,31
36350,31
5686,31
27299,31
27745,31
37772,31
38602,31
45685,31
30206,31
82299,31
100809,31
78912,31
92923,31
80040,31
47250,31
74492,31
46742,31
75238,31
36293,31
62685,31
47878,31
52302,31
92773,31
62954,31
66989,31
74281,31
74535,31
79482,31
82975,31
2120,31
4209,31
4212,31
3168,31
3415,31
5696,31
2057,31
11889,31
517,31
6032,31
11702,31
18417,31
10499,31
18144,31
19855,31
24010,31
28235,31
27389,31
22933,31
26877,31
25092,31
36055,31
36134,31
15918,31
39435,31
27859,31
33916,31
38696,31
42603,31
43570,31
46229,31
43221,31
90834,31
57924,31
86985,31
88589,31
84691,31
86520,31
69189,31
85329,31
92569,31
57837,31
96939,31
52143,31
69802,31
66065,31
81552,31
51815,31
4673,31
13236,31
1122,31
9097,31
2442,31
12003,31
13738,31
40,31
3112,31
7566,31
8259,31
8309,31
16121,31
8976,31
8451,31
350,31
18874,31
1377,31
12679,31
18890,31
21389,31
21707,31
22059,31
21717,31
24203,31
25579,31
5579,31
23166,31
7222,31
22526,31
11233,31
24109,31
30223,31
33035,31
40082,31
44255,31
44415,31
24786,31
24781,31
29180,31
29251,31
31495,31
32036,31
34773,31
38503,31
43787,31
45403,31
16604,31
32446,31
37983,31
39103,31
70859,31
51085,31
64211,31
83084,31
70068,31
96217,31
101389,31
63827,31
67269,31
54268,31
39192,31
48803,31
51911,31
87685,31
81062,31
55866,31
71693,31
75365,31
52109,31
64890,31
81956,31
84153,31
54143,31
71186,31
20391,31
82066,31
88339,31
54795,31
47433,31
73995,31
41914,31
49531,31
66272,31
50403,31
48573,31
59686,31
59354,31
69706,31
46454,31
86393,31
69693,31
63922,31
49540,31
47674,31
47516,31
52420,31
57284,31
71663,31
79120,31
99312,31
56433,31
53790,31
86698,31
47936,31
49336,31
658,31
3480,31
4154,31
4391,31
5975,31
7614,31
9971,31
13620,31
3672,31
6910,31
1228,31
7832,31
9182,31
10932,31
14395,31
3531,31
3053,31
3143,31
20413,31
16871,31
19349,31
7122,31
23583,31
28176,31
17113,31
24919,31
23929,31
30085,31
30461,31
32344,31
26460,31
23886,31
28734,31
35448,31
36011,31
37442,31
31809,31
39567,31
99416,31
69737,31
72140,31
72492,31
45487,31
51197,31
57676,31
68214,31
74337,31
72595,31
95271,31
99173,31
73617,31
77110,31
81059,31
69196,31
73147,31
42677,31
45094,31
59794,31
58572,31
59576,31
60110,31
62675,31
66031,31
76883,31
77737,31
79664,31
81260,31
96547,31
53515,31
81860,31
61663,31
88275,31
84885,31
43718,31
48584,31
70648,31
72916,31
75179,31
78787,31
86896,31
91644,31
100124,31
55599,31
33997,31
54749,31
45651,31
60711,31
66654,31
50396,31
50863,31
61248,31
68869,31
65677,31
61668,31
60690,31
62514,31
75376,31
86873,31
48864,31
96325,31
75977,31
46393,31
59559,31
61007,31
48813,31
61076,31
63786,31
56921,31
48101,31
3101,31
1862,32
12245,32
838,32
846,32
12457,32
12524,32
2453,32
11096,32
4134,32
11471,32
16498,32
15707,32
15942,32
1534,32
15883,32
7142,32
18885,32
20360,32
21563,32
15331,32
3599,32
23882,32
24160,32
25041,32
14668,32
18225,32
26721,32
27148,32
27978,32
28423,32
30081,32
44598,32
26340,32
32490,32
33150,32
34048,32
36711,32
37688,32
38854,32
39682,32
42280,32
39924,32
43643,32
37956,32
39562,32
44021,32
45610,32
61731,32
52830,32
51422,32
47342,32
66446,32
67291,32
78820,32
75947,32
92638,32
48550,32
4345,32
50044,32
65467,32
68530,32
77956,32
84241,32
6119,32
362,32
5273,32
12141,32
12528,32
14193,32
4929,32
12793,32
13429,32
14447,32
1525,32
8363,32
17275,32
1644,32
139,32
2275,32
5192,32
2027,32
12225,32
21382,32
25843,32
28119,32
19650,32
22791,32
25055,32
24202,32
30994,32
35561,32
39259,32
23230,32
34599,32
44434,32
34549,32
31357,32
40617,32
37033,32
15195,32
44324,32
34596,32
87287,32
63271,32
100270,32
64525,32
68117,32
80656,32
27507,32
77982,32
65116,32
95220,32
56942,32
63837,32
49881,32
53481,32
66028,32
69289,32
79707,32
81523,32
82129,32
83558,32
90301,32
55999,32
2093,32
106,32
3729,32
4010,32
9741,32
12414,32
4392,32
505,32
4891,32
6678,32
6930,32
9428,32
15018,32
2946,32
9917,32
11559,32
12409,32
1580,32
13693,32
19647,32
18488,32
10380,32
22161,32
15517,32
27093,32
17179,32
31011,32
31991,32
32073,32
35909,32
41973,32
9462,32
14469,32
21286,32
23087,32
37820,32
41480,32
43146,32
45235,32
31140,32
34550,32
34487,32
77165,32
67083,32
71177,32
85488,32
77745,32
89430,32
82317,32
70158,32
70646,32
54457,32
87310,32
89919,32
51330,32
48659,32
53829,32
54972,32
62022,32
70657,32
71748,32
84514,32
67805,32
78052,32
62670,32
86447,32
91775,32
91425,32
57322,32
62659,32
47357,32
76300,32
59606,32
101527,32
68811,32
54474,32
71614,32
48841,32
49681,32
93941,32
62177,32
58524,32
66512,32
60075,32
51354,32
54194,32
66828,32
46472,32
53448,32
57242,32
44034,32
63683,32
60713,32
55684,32
45818,32
2899,32
1380,32
8378,32
9124,32
15771,32
11627,32
16064,32
1523,32
12588,32
3245,32
11677,32
11938,32
14873,32
19383,32
21005,32
13560,32
11391,32
13813,32
10277,32
24130,32
24164,32
26409,32
7440,32
23184,32
38615,32
5557,32
41839,32
32746,32
43781,32
38054,32
38708,32
30284,32
26595,32
30051,32
42711,32
23627,32
45706,32
56243,32
47091,32
72927,32
93195,32
52167,32
50031,32
59693,32
74848,32
75738,32
46670,32
76949,32
83703,32
67523,32
56234,32
60851,32
18914,32
86370,32
80401,32
51659,32
75541,32
91729,32
95385,32
96448,32
96232,32
47502,32
53264,32
55007,32
70169,32
102015,32
29902,32
73846,32
59452,32
52991,32
53618,32
46416,32
51238,32
67165,32
98286,32
52694,32
73817,32
76698,32
54459,32
72602,32
50458,32
51913,32
53689,32
57967,32
62095,32
71584,32
72375,32
59326,32
50417,32
80482,32
59967,32
51412,32
54426,32
59795,32
54803,32
46008,32
3446,32
